review_comment_message,review_score
entrega rápida,5
o filtro chegou quebrado mas o vendedor foi muito atencioso e prontamente enviou outro recomendo a loja,5
comprei jogos de cama conforme consta no pedido e recebi só jogoquero solução do problema urgente pois já paguei a primeira parcela estou sendo lesadasou cliente antiga do baratheon,1
o produto veio sem manuai ensinando como montar,2
a primeira vista nada q não tenha atendido aos requisitos achei q fosse uma câmera q vc tivesse acesso em tempo real mais me enganei mais o produto é bom indico,4
produto de qualidade entrega rápida recomendo,4
a mesa veio com um risco no tempo isso me deixou desanimada mas resolvi ficar pelo trabalho que daria a devolução mas não gostei desse detalhe,3
loja certa produto bom chegou antes do prazo,5
vou mandar o produto de volta estou esperando o andamento da solicitação de devolução que fiz stark,1
recebi somente parte do pedido,2
falta de respeito resumi meus sentimentos em relação a vcs,1
bom produto porém no site achei que fosse bem maior mas está bom recomendo,3
a tela da câmera não vem com nada protegendo por isso chegou com alguns pequenos riscos mesmo sendo nova a bateria também dura pouco,4
o produto foi entregue no tamanho errado,3
não gostei do produto o cabelo fico só um pouco platinado quase nada não vale o valor que está sendo vendido,3
a entrega foi feita com atraso mas não por culpa do vendedor,3
demora paguei um absurdo no frete ainda não chego eu reclamei para correio para a lojas amiricanas o correio falo q não pode faser bada q eu tenho q esperar ja passo do prazo de entrega,1
realizei dois pedidos na mesma compra no site já consta como entregue mas ainda não foi recebi um dos produtos,1
tdo certo,5
produto foi entregue muito rápido,5
paguei o frete pra receber entre o dia e o prazo máximo era dia hoje é dia e nada fiquei chateada foi um presente e não chega nunca,2
produto bonito porem com acabamento mau feito,3
recebi o produto com problema passei um email com detalhes problema até agora não tive respostas,2
não recebi a mercadoria mandei um email para empresa pois estava com problema de entrega mas não recebi nenhuma resposta,1
recomendo para todos não tive problema nenhum mercadoria e prazo ótimos,5
e uma ótima plataforma de compra,4
ainda estou aguardando meu produto chegar,1
chegou anti do tempo boa,3
solicitei a troca da cor do produto e não obtive retorno,1
recomendo,3
não posso opinar não usei ainda,3
acabei de receber o produto porem quando abri a caixa o produto estava rachado e o conteúdo todo espalhado o produto é adubo químico com a embalagem estourada será difícil não empedrar,1
prazo de entrega um pouco longo mas sem surpresas desagradáveis,4
só foi entregue uma aliança a numeração não venho,4
o transformador chegou direitinho porem achei pesado demais e o pino da tomada e muito grosso mas atende nas minhas necessidades,3
é medicamento requer tempo pra saber ainda,3
nao recebi meu produto gostaria de q me reenviace os produtos,3
prazo de entrega é muito demorado,3
não recebi o produto,2
sem localização do produto entrega atrasada,2
efetuei a compra em e até hoje não recebi o produto quando tento rastrear a entrega verifico que o status não muda há mais de dias,1
o produto foi entregue corretamente mas achei o prazo de entrega muito mas muito demorado,2
preciso que me entregue o produto,2
produto muito bom tamanho certo o pelo é maravilhoso e parece ser de muita qualidade ficou muito lindo e por ser mesclado mal aparece sujeira,5
gostei muito,5
de pendente faltou recebi apenas e não tenho telefone para ligar e reclamar tenho que ir no procon,1
parabens pelo rapidez na entrega,5
gostei bastante fiquei satisfeito,4
gostei de comprar na lannister com,5
boa tarde até agora recebeu apenas uma parte do carrinho,2
já havia até desistido de esperar quando o produto chegou,2
o item em si é bom porem o suporte para a colocação do mesmo não passa muita confiança,3
só recebi o jogo felpudo o de margarida não veio,3
muito satisfeito,5
chegou dentrodoprazo,5
esta loja merece receber pois ela é mais que pontual até porque todas as minhas compras tem chegado antes que o prazo estabelecido pela própria loja estou muito sastifeito,5
meu produto chegou incompletofaltou um produto o whaite estou muito chateada,1
não recebi,2
cheiro ruim e muito forte frete mais caro que o produto,2
ola ainda não recebi meu produto o bebe vai nascer e o quarto não estará decorado aguardo uma posição sobre a a entrega o mais rápido possível obrigada,2
quero reembolso,1
fiz um pedido de cortinas iguais e só recebi uma e mais uma de outro modelo q ainda está pra ser entregue e paguei pelas trêsgostaria de saber se ainda vira a que está faltando,2
produto de qualidade e bom preço,4
não gostei do produto material inferior imaginei que pelo preço fosse um produto melhor,2
não recebi o produto,3
achei q desta vezo produto deixou a desejarmuito fraco demas,2
logo na primeira compra ja estou tendo problema com a entrega comprei pq confiei no site da lannister mas seus parceiros estao deixando a desejar e compromentendo a imagem da lannister,1
gostei do produto apesar de algumas imperfeições mais nada que não possa ser usado,4
ainda não recebi o produto,2
otimo,2
não sei se por culpa da transportadora ou não o fato é de que não recebi o produto ainda e já está fora do prazo de entrega,1
no pedido a cor era preto mas recebi na cor branca,2
ótimo produto exatamente o que esperava após regular a altura na primeira utilização parecia que era o meu travesseiro de sempre muito bom o produto super recomendo,5
faltaram parafusos do encosto da cadeira,4
são dois produtos só recebi um é sem nota,2
coisa mais chata isso de ficar perguntando a gente como foi a compra faz a sua obrigação e ponto final,3
não esperava tanto daquilo que eu tinha vista na loja estou muito satisfeito,5
fiz o pedido de aparelhos de jantar mas recebi somente,1
o produto foi entregue no prazo porém veio com a tampa quebrada e o produto vazando,2
só erraram em não mandar a placa em um saca anti estatística pois mandaram em saco bolha norma branca este plástico não é estático pode danificar a placa aconselho em mandar em um saco bolha rosa,4
só veio ameaçado um pouco em cima mais não vou trocar não,5
entregue antes do término do prazo gostei muito,5
muito grande nao dar pra coçar em ambientes pequeno,1
conforme o combinado,5
produto muito bom recomendo,3
só chegou uma capa dia e a outra dia mas constava no rastreamento que eu já tinha recebido as duas no final tudo certo obrigada,3
houve muita demora no envio do produto mais de dias para enviar o produto o que parece que a loja não tinha o produto em estoque ou foi descaso mesmo,3
sempre compro neste site muito bom,3
recebi o produto correto gostei confio na stark,5
achei o material ruim,3
recebi bem antes do prazo previsto,4
frete poderia ser mais barato afinal o produto é super leve,4
achava que poderia ser um produto com uma certa qualidade melhor mas é muito instável não passando muita confiança para deixa o notebook,2
apesar de terem emitido nfe com dados incorretos corrigiram e o produto foi entregue mas fora do prazo mesmo assim recomendo,3
comprei o produto fiz o pagamento na semana que estava pra chegar recebi um email que meu produto não seria entregue pois não tinha em estoque quero o reembolso,1
só acho o frete aqui pra minha cidade caro algumas coisas desisto de comprar por causa do valor do frete mas fora isso tudo beleza,4
recebido no prazo só achei muito demorado,2
ótimo,5
excelente custo benefício,5
gostei do produto só não é muito firme,4
estou no agurdo do meu produto,2
até hoje não recebi o produtojá passou do prazo de entrega e nada ainda,2
falso e com arranhões na tela,1
a dias esperando e ainda nao chegou como resolvemos,1
produto exelente recomedo sim,4
produto conforme anunciado,2
produto chegou antes da data para entrega que seria dia chegou dia ainda não utilizei o produto mais espero que esteja tudo certo obrigado,4
ainda não recebi o produto,3
rapido e eficas,5
a caixa do produto chegou toda amassada não é a caixa que foi embalado para os correios não é a propria caixa do produto a espada que ele segura na mão esta torta porque foi pressionado triste,2
não sei que haverá acontecido os demais chegaram,3
pela imagem que selecionei na hora da compra seria um pacote sabor café e um pacote sabor banana chegaram de côco,2
demorou mais chegou,3
não usei ainda mais oarece bom,4
ainda não testei,5
a foto do site enganou o tamanho do relogio achei que estava comprando o pequeno e era o grande,3
entregaram dentro do prazo porém a previsão foi muito extensa e como a lannister sempre me entregou antes do prazo achei que esse produto iria chegar antes do previsto,2
nao recebi o produto o carteiro paulo foi assaltado perto da minha resistência quero uma resposta pois esta constando q eu recebi mas nao recebi vou no procom e processar por danos morais sem resposta,1
o produto chegou antes do prazo achei que seria melhorna foto é diferente é bonito o que recebi é bem simples a cor é outra,2
a película não veio como solicitado não serve para o sony z ez,3
infelizmente encontramos na internet lojas que para poderem vender dizem que tem o produto pedido ao finalizar o pedido o cliente fica mercê do prazo de entrega que nem sempre é cumprido,2
amei,5
muito bom,5
não gostei do prazo de entrega muito longo ficou parado no correios de bauru do dia a estressante só o postador pode reclamar junto ao correios reclamei ao baratheon e nada fizeram,2
o produto foi entregue no prazo estipulado no ato da compra porém eu acho que dias é muito tempo para a distancia entre o rio de janeiro e são josé dos campos,4
gostei do jogo de toalhas de banho que encomendei só que veio dois jogos dá mesma cor e eu tinha pedido um jogo de cor vinho e outro azul,2
ainda n recebi o produto,1
foi a primeira vez que comprei nas lannister e gostei muito espero sempre ter resultados satisfatórias nas demais compras parabéns,5
é a primeira vez que há atraso nos meus pedidos,1
fiquei muito contente com o produto,4
apesar de ter sido entregue rapidamente substituíram a caixa meteoro pela caixa borne quando tentei reclamar nas lannister o sistema estaav fora do ar a guitarra e acessórios estavam corretos,3
bem diferente do que aparece na foto,2
produto deu defeito na vez de uso,1
o melhor,5
paguei pelo produto e não chegou na data prevista,2
super rápido a entrega,5
recebi mensagens da loja me dizendo que o pedido havia sido cancelado porque o fornecedor não tinha entrado em contato o que acontece agora me manda uma mensagem perguntando se recebi o produ,1
frustrante não receber o produto no prazo,1
efetuei o pagamento do boleto mas o objeto não foi postado tentei contatar com eles no site mas o envio do formulário deu erro enviei um email até agora sem resposta não recomendo essa loja,1
produto muito diferente do que mostra material muito fraquinho pano muito fino não gostei,2
poderia ter chegado antes,3
produto chegou corretamente,5
péssimo atendimento o produto chegou mais não demorou um pouco,1
bom dia não recebi o produto e tambem não recebi nenhum aviso dos correios estou chateada por isso,2
recomendo está loja,5
entregue no tempo bem embalado,5
bom o produto é bom mas eu comprei radinho e só veio,1
mto satisfeito com os serviços obrigado,5
lannister sempre eficiente entrega super rápida produto de excelente qualidade,3
a bolsa é simples mais é bonita chegou bem antes do prazo tudo ok,4
obrigada por dar tudo certo,5
produto danificado e não aceita devolução ja estou abrindo reclamação no reclame aqui e se não obtiver resultado abrirei para lannister também,1
recebi o produto muito antes do prazo é um produto bom e original irei instalar e depois darei meu comentário melhor,5
pendente muito bonito como na foto e a entrega foi super rápida ainda não instalei mas ficará lindo na minha cozinha,5
comprei dois jogos de susplat mas veio apenas um qualidade do tecido horrível quero exercer direito de arrependimento,1
alguma dessas lojas parceiras não tem nenhum tipo de compromisso ou sequer respeito pelo cliente simplesmente um atraso na entrega dos produtos que já se arrasta por um mês sem qualquer justificativa,1
a loja foi rapida em preparar o produto para ser postado porem os correios nao entregaram o produto e ja faz mais de um mes,3
só avaliei estrelas por enviar em separado as memórias sendo comprados em uma única vez frete duplo poderia ter desconto no frete quando comprados em várias unidades,3
bom produto,4
mt bom o produto,5
pode confia,4
dava impressão do frasco ser maior ou seja o que é tradicionalmente comercializado é de ml,1
produto muito bom entrega rápida,5
só entregaram metade do pedido por enquanto,3
qualidade baixa para o preço,2
nnnn,3
atendeu s expectativas,5
pois bem como acima citado o produto foi entregue errado incorreto veio um relógio feminino ao invés do masculino relógio masculino casio digital vintage dbadf,4
o produto que comprei veio em desacordo estou no aguardo do produto que comprei fico chateado com isso pois mandaram um produto ching ling no lugar e oque me chama a atenção é uma empresa errar,1
veio tudo sertinho bem imbalado tudo ok,4
gostaria de trocar o relógio,3
fiquei mt satiafeita mas pensei q era um produto e veio outro pq pela foto parecia q era uma colcha e veio no material de lençol mas td bem nao tem problema sempre comprei neste site e confio,3
produto veio com defeito,1
deveriam diminuir o prazo de entrega pois perdem venda com ele caso a pessoa queira o produto com certa urgencia se bem que chegou bem antes do prazo mas a data possível é assustadora,3
xxxx,3
prático e bom produto,5
super indico,4
esperava mais do material da toalha é de pouca qualidade,2
o produto é muito inferior do q demonstra na foto esse tipo de produto depõe contra a americana com,3
o suporte veio com um parafuso espanado como eu precisava urgente não devolvi pra trocar e meu primo soldou mas fora issoo suporte é ótimo,4
produto entregue fim de semana irei montar,4
gostei e irei comprar mais,5
mito boa a caixa de som ela superou minhas expectativas recomendo,5
o desenho que veio no skate e as cores do capacete vieram diferente e havia comprado pelas cores e desenho do skate,4
um prazo de entrega demorado,3
recebi apenas dos produtos e uma nota fiscal constando itens,2
já compro no site a anos nunca me senti enganado no entanto nessa compra na minha opinião fui enganado e passado para trás não recomento o produto a ninguém,1
recomendo leve versátil,4
entregou antes do prazo muito bonita a cortina,5
muito bom comprar no stark,5
demora no atendimento,1
o produto não foi entregue até o momento,1
até agora não recebi o produto ninguém me dá um retorno,4
podia ter vindo os dois junto,4
demorou para chegar,2
produto q n tinha na lojareceber n um produto q n gostei,2
porém não funcionou quando ligou na tomada esquentou e não funcionou mais,3
produto com embalagem rasgada o combinado era receber e tive que ir até uma agencia do correio para retirar devido o embalagem e ainda procurar lugar para tirar copia de documento e pagar pela copia,3
produto chegou com embalagem toda amassada nota fiscal corretacom v porém o produto é v,1
aguardo a entrega do que comprei no dia ate agora nada de produto estou aguardando todo esse tempo somente pelo atendimento da joyce do baratheon aguardo ate março,1
atende o esperado,5
recebi o produto dizendo que era de fundo rosqueado e quando chegou percebi que o fundo é parafusado não gostei,1
enviaram uma mercadoria onde a data da validade foi retirada que demonstra que houve fraude por ser mercadoria velha e vencida quero meu dinheiro de volta ou a troca por uma mercadoria nova,1
muita demora para atender solicitações e demora para envio,2
a loja entregou no prazo direitinhomas confesso que esperava mais do produto,3
recebi o relógio com marca de queda porém funcionando,2
o espelho veio muito arranhado péssimo,2
venderam um produto que não tinha no estoque não estornaram o dinheiro a avaliação é zero,1
olha gostei muito das coisas que tem na loja pena que a lixeira não foi como eu esperava mas é bonita então dei de presente para minha irmã que se mudou agora é,3
não foi entregue,2
produto chegou certinho no prazo,4
produto demorou a chegar mas pela gestão do correio mas veio o produto certinho o produto é em vinil faz um pouco de barulho mas é conforme descreve,2
paguei o frete porém não vêm em casa o produto outra coisa a foto do produto foi uma o que foi entregue foi outro produto que por sua vez não veio pronto pra ser usado tive que cortar pra usar,3
o produto chegou com os botões sem funcionar desde então venho tentando me comunicar com as lannister para trocar o produto mas sem sucesso,2
produto estava com prazo de entrega para no momento está em dois dias de atraso necessário verificar o porquê do atraso e regularizar entrega presente de aniversário pendente de entrega,2
não posso dizer que gostei dessa loja ou que recomendaria ela pra um amigo sendo que o meu pedido não chegou no prazo e nem uma explicação recebi continuo esperando o meu pedido espero receber,1
minha filha tá muito feliz,5
apesar da demora produto bom,2
estou aguardando o produto,1
otimo,5
compra conforme propraganda,5
ainda não recebi o produto e ontem se encerrou o prazo acho que quando se paga quase de frete o mínimo que deveriam fazer era entregar a tempo,3
produto bom nem mais nem menos entrega demorada mas dentro do prazo,3
embora não tenha meu problema resolvido em relação com a nota fiscal que não veio contando o valor do frete pago estou sem solução até agora,3
muito boa essa loja entre a rapido,5
não posso dizer nada a respeito da demora devido a greve mas ainda acredito que chegará pois ja comprei uma vez nessa loja e deu tudo certo,3
sr diretor vieram apenas unidades de luminária de cone pendente na cor amarelo uma cx com lâmpadas led de wats faltando uma luminária pendente de cor branca com aborda de cor amarelo,2
chegou antes do prazo recomendo,5
visor do fone td arranhado unico problema,3
na foto tinha tinta canon mais quando chegam os frascos é de outra marca,3
a colcha é bonita o tecido é fino fácil de secar o acabamento das almofadas menores não é legal porque ficam apertadas,2
comprei jogos de lencois de cetim e uma colcha mas até agora só recebi o jogo de lencol cor cobre o que houve,3
gostaria de saber quando vai chegar,1
não recebi o produto ainda,3
ainda não recebi o jogo de lençol já fiz reclamação e a empresa não entra em contato,1
a pelicula era de pessima qualidade e já veio com vários riscos,3
recebi o produto errado por sorte a empresa fica na minha cidade e foi possível corrigir o erro rapidamente,3
tive que retirar no correio pois não entregaram porque não tinha ninguém só não entendi pois moro em condomínio e a portaria não fica só mais td bem já retirei o produto,2
o produto é de ótima qualidade só que tive que buscar nos correios e não foi pra minha residência,3
falha na última entrega,3
produto não veio conforme o descrito no anuncio e um deles veio com defeito solicito o reembolso,1
tudo certinho,4
todo o processo foi de primeira parabéns,5
sempre comprei e nunca tive problemas com a loja,4
não gostei quero trocar,1
bom,5
prazo estabelecido de forma extremam ente longa demorou muito,3
ótimos produtos com ótimos preços com o prazo de entrega excelente,5
produto exatamente igual ao anúncio porém levou quase dias após a compra para receber,5
o tempo de entrega das lannister chega a ser dias depois do pedido,1
recomendo a loja porém a entrega pelo correios está cada dia mais difícil ao rastrear o objeto aparece que o correios saiu para entrega sendo que na realidade não houve tentativa de entrega,2
o produto ainda nao foi entregue,3
o produto funciona como prometido o único detalhe é q é idêntico a mantacoberta de microfibra eu testei com uma manta depois q chegou e funciona igual então acaba sendo um produto caro mas é bom,4
recebi o produto danificado,3
muito rápido e eficiência,4
veio tudo certinho conforme descrito o ruim foi apenas o prazo de entrega mas tudo certo,3
sem comentarios,4
otima loja,4
muito boa compra,4
se o correio não tivesse sumido com meu produto teria recebido antespois pelo rastreio dizia que tentaram entregar duas vezes e quando fui buscar no correio ninguém achava meu produto dias encontr,4
atraso na entrega,2
amei atendeu a minha necessidade,4
não posso avaliar negativamente a loja antes de receber o produto mas gostaria que ele já tivesse chegado,2
uma ótima loja eu recomendo,4
ótima,5
produto com itens faltando,1
veio capa de colchão queem na hora da compra não foi me informado o tamanho o que já é uma falha acho que o cliente teria que ser orientado sobre medidas estou esperando orientações para devolver,3
funciona mas os buracos no filtro metalico sao muito grandes e deixam alguns graos passarem,3
ok,5
o produto não é igual a foto e a entrega não foi feita conforme combinado tendo eu que retirar em uma agência o mais está tudo bem,3
realizei minha compra no dia porém só chegou produto sendo que paguei por unidades mop spray estou muito insatisfeita inclusive com o atendimento,1
nao posso avaliar sem ter recebido,1
ótima,4
gostei muito,4
as prateleiras não recebi,2
boa tarde o produto era para ser entregue até o dia e até agora não recebi,2
gostei do produto,5
a capinha a qualidade do plastico de dentro é boa a parte de fora couro é boa porem a pelicula de vidro veio quebrada e bem quebradaveio bem embalada oque indica que foi embalada ja quebradatriste,2
adorei a rapidez o produto veio do jeito que pedi mas a película veio toda trincada não vou mandar de volta pq não vale a pena pagar o correio por conta do preço do produto,2
pagar frete comprando tudo através de um único site é simplesmente horrível eu sei que está é outra loja porém não pretendo voltar a comprar na lannistercom,2
consta no site como produto entregue no dia mas na verdade o produto ainda não chegou,1
o produto não dá a voltagem correta impossibilitando o funcionamento do aparelho,1
não recebi o produto até hoje não tive o estorno feito até hoje não tive meus emails respondidos não tive contato nem da empresa e nem da lannister um descaso total não recomendo comprar nada,1
show de bola entregaram antes do prazo previsto,5
ótimo produto chegou no prazo,5
veio bem antes do prazo previstoótimo atendimento recomendo,5
inox e inox escovado,5
o suporte para cartão de memoria não funcionou não encaixa o cartão de memoria,4
fragrância maravilhosa,5
ótimo produto,5
só não gostei que cancelei o produto que foi o pedido duplicado um erro e não foi extornado logo não sei se o número desse se trata do que eu pedir o entorno ou do que eu recebi,3
dei nota baixa pois sao dois pedidos e o outro do aparelho celular veio faltando e até agora não recebi,1
duas das colheres vieram rachadas,2
as bolsas são lindas gostei bastante,4
só acho que eles deveriam usar a msm postagem para entregas de produtos iguais liberam etiquetas para cobrar x o frete ai recebi produto em d e o outro dias depois,3
olá o produto veio com o conctor faltando por favor podem me enviar aguardo,3
primeira vez que compro no site da lannister e tudo veio certinho e no prazo super aprovada e podem comprar sem medo loja top,5
comprei duas unidades e só recibi uma,2
ainda não posso avaliar o produto pois não usei achei que servia em qualquer válvula mas vou ter que comprar uma fora isso o produto foi entregue até antes do prazo previsto,3
recebi o produto inteiro apesar de um pouco de atraso na transferência recebi o produto conforme combinado,4
esperava um pouco mais de qualidade mas está bom,3
excelente,5
excelente,5
gostei da compra,4
chegou antes do prazo,4
recebi dentro do prazo ok produto top,4
primeira vez que comprei lente de contato pela stark e adorei pois comprava em um ótica e demorava a entrega muito bom,5
produto bem inferior as imagens a grama veio toda desfiada e soltando as fibras só não devolvi pelo urgência em usar,1
comprei de tabletes e veio entrei com pedido de troca estou aguardando respostadependendo de como a loja parceira resolverá meu problema direi se indico ou,1
não recebi o produto o site poderia mostrar onde o produto está,2
estou a dias esperando a mercadoria já fui no correios e não deixaram retirar,1
entrega super rápida parabéns,4
qualidade abaixo do esperado,2
o produto veio avariado não foi devolvido na hora pq o entregador não pôde esperar a conferência do mesmo abri a caixa e retirar o plástico bolha o equipamento está quebrado sem condições de uso,1
como da imagem entrega super rápido bem mais bonito do que imaginei custo benefício ótimo,5
não recebi o produto consta que o mesmo voltou para o remetente como faço para que possa reviarlo,2
veio com defeito assim que liguei ela ela estourou solicito a troca do produto,2
as medidas do produto não estavam devidavemte claras achei que o produto era maior,3
não credito todo o erro ao fornecedor a baratheon também tem responsabilidade comprei na baratheon obrigada,3
o problema da capinha que recebi é que não da pra usar o carregador usando a capinha tenho que tirar a capa para colocar o celular pra carregar,3
recomendo loja lannister produto não entregue de acordo já comuniquei e não recebi resposta loja comprada e targaryen sem credibilidade,2
acho que deveria dar satisfação,2
bom produto,4
poderia ser mais discreto sem aquele anel dourado,4
o tapete chegou e a qualidade é boa,5
ainda não chegou vou esperar até o dia prazo que me foi dado duas estrelas só por enquanto,2
chegou dentro do prazo porém o produto entregue não é exatamente o que foi comprado enviaram uma outra versão,1
recomendo,3
produto excelente mas a estrega foi demorada,3
mas fiquei super chateada pq fiz um pedido com vcs e depois de dias foi que chegou um email avisando q não tinham o produto por esse motivo não indico fiquei super chateada,3
veio faltando uma peça,2
olá recebi só parcialmente os produtos faltou um item,1
produto perfeito chegou antes do prazo,5
não é um produto que chega e é passível de instalação sem manual é necessário entrar em contato com a empreaa fabricante um produto caro que exige plataforma windows para instalação e configuração,2
utilizei apenas duas vezes a luva e simplesmente a luva tá rasgando totalmente,1
o produto chegou em ótimas condições e bem antes do prazo de entrega,4
o produto chegou dentro do prazo e em perfeitas condições,5
o teclado não funcionou em meu mac mini chegou a localizalo porém não consegui emparelhar parece que não houve compatibilidade com o mac,1
no quesito entrega vocês estão de parabéns chegou muito antes do previsto pena que o tablet trava muito e o sistema usa muito do espaço interno que já não é lá essas coisas,2
comprei dois produtos chegou um só no envio fala que foi postado chegou somente quero meu produto ou meu dinheiro de volta,2
recebi o produto correto porém houve problemas no envio fora isso tudo ok,3
ainda não recebi pois de férias,3
tive que buscar no correio maior peso cadeiras e carregar pra casa,1
excelente,4
escolhi um desenho e veio outra estampa fiquei com ela mesmo pois seria muito complicado trocar,3
um dos produtos veio incorreto eu pedi produtos iguais e veio um diferente estou no aguardo para resolver esta troca,3
cortinas muita boa e bonita,4
o jogo de cama faz juz imagem apresentada no produto é bonito no entanto deixa a desejar em acabamento muita linha solta e a costura foi refeita deixando falha no tecido,2
muito bom,4
produto de ótima qualidade lindíssimo bem fácil de instalar,5
o produto demorou muito para chegar além disso as imagens na internet não deixam claro como é o produto realfora o frete que é muito caro,2
obrigada pela atenção lojas lannister sempre atenta ao seus consumidor,5
só achei que o relógio é muito pequeno porém bonito,3
a entrega foi fracionada tive desgaste e priblemas para resolver o impasse e foi estritamente desnecessarionunca tive qualquer problema com lannistercom simplesmente horrivel,1
adorei o aparelho com volume super alto só por via bluetooth o som fica um pouco mais baixo mas mesmo assim a festa fica bem legal,4
não recebi a arandela apenas os números gostaria de saber quando vou receber pois estou precisando urgente,1
excelente empresa entregou antes do prazo,5
um dos produtos não chegou recebi apenas o mosquiteiro e não o segura neném pensei que as duas encomendas estivessem juntas continuo aguardando o mosquiteiro chegou em perfeitas condições,1
fiz duas compras uma chegou e a outra estou com problema na entrega não consigo contato por email ou por telefone para reclamar,2
comprei um protetor para sofá de e lugares na cor preto e veio na cor marrom solicitei a troca mas até agora ninguém me deu uma resposta,3
a qualidade poderia ser bem melhore a cor não é tão bonita quanto na imagem,1
preciso de um parecer do meu produto e da minha entrega o mais breve possivel,1
muito bom comprar com vcs,5
sem garantia vou levar numa loja pra saber se é original,2
produto ótimo chegou antes do prazo,4
linda cortina,4
chegou dentro do prazo determinado não usei o produto ainda para avaliálo,4
muito frágil mas funciona certinho,4
recebi o produto como solicitado mas o prazo é ridículo se eu fosse buscar de bicicleta chegaria antes,3
eu comprei nas lannister por se tratar de uma loja de confiança porém ao chegar o produto descobri que o que foi vendido pela marca targus era na verdade um produto falsificado não confio mais,3
otima loja,4
tive que retirar meu produto em uma agência dos correios extremamente distante da minha casa recomendaria a agência de distribuição directlog pois a entrega é realmente feita,3
não recebi o produto que comprei comprei o seguinte produto isqueiro zippo preto com logo zl foi entregue um sem logo não correspondendo ao produto pelo qual comprei,2
dentro do prazo tudo certo com o produto,5
recebi o pedido no prazo e como esperado,4
gostei da capa veio a estampa certa tempo certo a capinha é grossa muito bom,5
estou satisfeito,4
o produto não faz efeito nenhumtodos que converso e que usaram também não gostaram do produto,1
a entrega do suporte foi ótima muito rápida pena que a tv ainda não foi entregue e eu não tenho o que fazer com o suporte sem a tv espero que nas próximas compras entreguem tudo junto,3
transação rapida e segura,4
gostei da eficiência da entrega,4
vou usar o produto pra ver se é o que promete se não for vou denunciar,4
entrega em atraso já entrei em contato e não tenho resposta,1
chegou mt antes do prazo eu amei o lustre lindo,4
funciona muito bem não tive nenhum problema até hoje,4
produto chegou super rapido tendo em vista que a entrega foi via correios adorei,5
produto de muito baixa qualidade não permita montagem péssimo projeto pessima execução quem é o fabricante de produto quero meu dinheiro de volta,1
excelente produto superou a minha expectativa a entrega foi efetuada antes do prazo,5
gostaria de saber o que aconteceu o prazo que me deram foi até dia e nada ainda,1
a cor do produto no site é mais claro que o produto físico parece ter diferença no tipo de tecido,1
não recebi porque está no correio,2
faz um mês que comprei o produto e o mesmo não foi entregue mesmo depois de uma semana após o prazo da entrega,1
preciso trocar meu produto eu quero latas de mantimentos e não latas de condimentos,3
apesar da embalagem estar muito amassada o produto não estava avariado e chegou no prazo,3
comprei três produtos que poderiam ser enviados dentro de um pacote só e assim talvez poderia economizar no frete achei um absurdo pagar no frete quase metade do valor em si,2
não sei se receberei o produto mas já fiquei chateado por não cumprirem o prazo,2
o produto não me foi entregue e consta como sendo,1
recomendo entrega rápida produto bom,3
a entrega ocorreu dentro do prazo destarte o prazo máximo estipulado quase me fez desistir da compra o produto não atendeu minhas expectativas som péssimo foco não ajusta causa tonturas,2
produto entregue antes do prazo fiquei satisfeito e recomendo a loja,3
faltou outro kit ja que comprei,1
um os produtos veio quebrado estou tentando trocar ou devolver,3
muimto bom gostei,5
bom quanto ao produto nao posso opinar porque ainda não o recebi comprei para dar de presente mas ja estou me arrependendo targaryeni parceiro lannister não recomendo estrela porque nao pode se menos,1
ainda nao chegou esta fora do prazo,2
já comprei muitas coisas neste saite é a primeira vez que fico insatisfeita espero que me devolva o valor pago e vou devolver o produto mas já estou tentando a dias mais o sait diz erro,2
mesmo que eu não recebi minha encomenda no prazo mesmo assim eu recomendo este site é ainda não recebi,4
não foi entregue ainda,3
somente produto meu chegou gostaria de saber do outro,1
a minha compra ainda não chegou e nada de a loja entrar em contato para explicar o motivo,1
produto de otima qualidade recomendo entrega foi bem rapida tbm,5
dentro do prazo,4
não recebi o produto e nem satisfação pelo amor de deus preciso de um nr de telefone para falar com um humano no stark a ura não resolve nada,1
perfeito,4
esta nos correios desde,1
boa noite as lojas lannister são ótimas adoro o site hoje faço pouquíssima compra pelo frete abusivo infelizmente não compensa como antes mas precisamos comprar obrigada,3
o velcro incomoda um pouco no pescoço mas no geral produto muito bom,5
o número veio menor eu pedi veio o que faço,2
chegou no antes do prazo muito bonito,4
comprei cascata é só recebir e realizei a queixa não me deram resposta até hoje,2
tudo dentro dos conformes,5
recebi de maneira rápida e eficiente,4
produto lindo como no site uma pena que houve atraso na entrega,3
gostei,2
conforme pedido e nf da amandini foram comprados pendentes porém o correio só entregou pendentes favor enviar pendente o mais rápido possivel para instalação do mesmo,2
gostaria de saber como faco para receber o produto que realmente comprei e devolver o produto errado,1
bom,4
esta vencendo a segunda parcela do produto e até agora não chegou meu item,1
só assim a coisa vai pra frente fazendo a coisa correta parabéns,5
bom produto,4
o produto atendeu minhas expectativas somente questiono a demora da entrega mas valeu a pena,3
produto exelente loja competente,5
otimo,4
já é o meu segundo pedido com essa loja e tudo funcionou muito bem,5
produto bom imaginava outro tecido mas veio exatamente o descrito,4
produto entregue antes do prazo,5
o produto foi entregue antes do prazo prometido,5
parabens,5
produto muito bonito e embalado com cuidado,4
gostei muito só pensei que o material fosse mais resistente,3
abs cdsf fsdfasd,3
gosto da loja e dos produtos porém ainda não recebi o meu,3
só não gostei porque tive que sair do meu trabalho para ir busca o produto nos cordeiro porque eles não fizeram a entrega,3
prazo ruim sem retorno,1
adorei muito o produto,5
relógio chegou solto da caixa sem nenhuma proteção com possibilidade de quebra e riscos,2
boa loja produto entregue no prazo,5
ainda está dentro do prazo de entrega,3
sim recebi o produto correto e no prazo estabelecido a caixa estava perfeitamente lacrada e quando aberta tudo estava aparentemente normal todavia não este o produto mas creio que está tudo ok,5
recomendo,5
a película é menor que a tela do celular mas a capinha é muito boa,3
só o manual veio apagado não sabia como instalar,4
produto devolvido no ato da entrega nao correspondia para ninha necessidade,3
excelente,5
mercadoria nâo chegou,3
a cortina é muito bonitamas uma parte veio com a medida de m e a outra um pouco menor,3
produto e um pouco difrente da foto mas tudo certo,4
compra tranquila produto entregue no prazo estimado,5
tudo perfeito,5
foto uma produto outro tesoura sim modelo diferenteda foto da compra,3
muito demorado,2
eu comprei toalhas de banho e de rosto não recomendo má qualidade prazo de entrega bastante alto,2
sugiro treinar melhor os atendentes via telefone pois embora a compra e a entrega tenham sido boas quem me atendeu para esclarecimentos via telefone quase pos tudo a perder,3
comprei um produto de reais e chegou um produto diferente de reais,1
tudo ok,5
relogio veio riscado a parte de plastico preta da frente,2
a entrega é muito demorada,4
achei o acabamento muito simples overloque apenas não tem bainha nem tem um indicador para marcar o meio do sling,2
alojas lannister mantem parceiros que não agem como ela pois comprei colchas de casal chenille e a empresa parceira só me encaminhou uma e nem o codigo de rastreamento das demais foi encaminhado,2
tudo perfeito entrega prazo e produto,4
produto de baixa qualidade diferente do que a imagem passa fino e frágil,2
este produto foi entregue correto mas ainda não avalie sobre sua funcionalidade,3
mas quem for comprar tem q enviar msg extra informando exatamente como quer o produto encomendei na cor vermelha e veio na cor cinza claro q vou ficar c ele pois é cansativo só de pensar em trocar,3
sempre compro no site das lannister e recomendo patas todos meu parentes e amigos nunca tive o menor problema sempre entregam antes da data estipulada com o produto bem embalado,5
bom dia comprei o produto com previsão de entrega para o dia e até hoje não recebi att milton,1
o produto é como imaginei muito bom recebi tudo corretamente,3
oque aconteceu com o meu pedido me mandaram uma peça totalmente diferente da qual eu comprei nao consigo falar com ninguem nem por tel nem por email lannister como vamoresolver isso,1
recebi o produto certo dentro do prazo combinado,5
muito prazo e nenhum cumprido,1
recebi o produto e fui testar porém não funcionou entrei em contato com a empresa e informaram que vão reenviar um novo no aguardo,2
,4
adoramos o produto,3
ótima entrega antes do prazo mas a garantia estendida não veio e os meus dados estão incorretos,1
chegou dentro do prazo de entrega,3
produto de excelente qualidade e foi entregue antes do previsto,5
ótima vendedor muito bom obg,5
produto menor do quer mostra as fotos,2
bolsa mais bonita do que a foto material de couro legítimo,5
produto excelente chegou bem antes do prazo dado no site recomendo,5
otimo,5
tudo nos conformes ainda não usei mas veio de acordo com o que visualizei no site,4
recebi o produto e esta funcionado já é um bom resultado levando em consideração que comprei o mesmo produto por outra loja e não funcionou porem ouve um grande atraso na entrega por parte dos corre,4
entregue dentro do prazo produto bem embalado recomendo,4
ótimo produto excelente site,5
gostei do produto e do atendimento a entrega veio ate antes do previsto muito bom,3
tecido de baixa qualidade esperava mais,3
eu não recebi o produto adaptador otg usb tipo c type c moto z oneplus zenfone,2
oiiii muito bom recomendo só tenho a agradecer a equipe venho ate antes do prazo to esperando so mais um dos pedidos,5
preço atraente mas demora demais a entrega e não tem acompanhamento via email de por onde o produto anda,2
estou satisfeitoloja e produto,5
stenho agradecer e continuarei a comprar bom quero uma ajuda de vocês eu comprei celulares na mania virtualcom só comprei devido as lojas lannister dizer em seu site que a mesma uma parceira,5
uma das melhores lojas que encontrei na internet,5
entrega foi muito rápida produto muito bom pelo preço pago,5
fiz a compra de duas cortinas e só me enviaram uma abri uma reclamação e ate agora nem me responderam e nem deram satisfação é eu consumidora que estou no prejuízo,1
produto ainda não instalado,4
gosto de comprar no site mas não estou satisfeita pois solicitei a troca da mercadoria mas até agora não me enviaram o codico para trocaei prazo já está quase esgotado,3
ainda estou aguardando,3
atendimento excelenteo produto chegou antes do prazocliente satisfeito,4
rapidez é a alma do negocio,2
o prazo já expirou e ainda não recebi o produto,1
só achei muito pequeno e a grama muito ruim,5
,4
paguei o frete mas tive que buscar nós correios insatisfeita,3
produto bom mas com falhas de desenho pois não cabem sessenta garrafas normais de vinho tem espaço de altura menor em algumas partes,4
falta entregar um dos produtos,2
veio so a matade da compraentro em contato com quem,3
chegou muito antes do prazo em menos de uma semana,5
insacisfeito,3
ainda não recebi o produto,1
o produto adquirido não pode ser utilizado o mesmo apresentou problemas de montagem aguardando a troca do produto,2
a bolsa tira colo naltika não veio,2
entrei em contato com a empresa vezes e não obtive resposta em nem uma das vezes uma falta de respeito com o cliente o prazo já venceu e meu produto não chegou,1
comprei unidades de um mesmo utem e me foi cobrado fretes terrivel,3
bom,4
tanque de água não tem uma trava quando é posto sobre a base do umidificador fica solto vem com uma alça em cima que quando vc pega vem só a metade do aparelho e se n tomar cuidado derruba a água,2
a luminária é muito bonita e possui boa vedação contra chuva e insetos agora só falta eu instalar na minha área para tornála mais bonita graças a esse adereço,4
achei o produto muito leve em relação aos modelos antigos ele é completamente feito em plástico entendase uma ducha corona mais potente,1
na minha opiniao o rastreamento de uma mercadoria nao foi satisfatorio nao era atualizado com frequencia,3
entregou antes do prazo muito bom satisfeito,5
meu pedido veio errado no aguardo da correção,3
o meu produto nao chegou,1
excelente custobeneficio comprei sem provar o tamanho somente a numeração que levei em conta e ficou igual a uma luva perfeito e bonito,4
ter q ir retirar nos correios foi péssimo,2
tecnologia japonesa,5
gostei muitosó achei q é muito pequeno são quadrados de cm e não de cm,4
muito bom a entrega dentro do prazo,4
não recebi o produto não recomendo,1
um dos controles não está funcionando gostaria de saber o que é necessário para trocar ou a devolução do meu dinheiro,2
chego muito antes do dia previsto e é maior do que eu esperava meu filho amou,5
o produto precisa ser melhor vedado para evitar vazamentosmas de resto a experiência de compra foi ótima,4
produto de qualidade e entrega num tempo hábil,5
excelente prestação de serviço,5
otimo produto pratico e fácil de usar porém poderia vir com uma lâmina junto acompanhada fora isso uma beleza,4
parece ser bom mais eu aina nao testei,5
o produto chegou o tempo foi bom porém não estou confiante na empresa produto doce procuramos pelo cnpj da empresa e não encontramos infelizmente não estamos seguros que o produto seja original,1
excelente,3
recebi só a fruteira e nao recebi o cesto,2
boa tarde comprei uma máquina de cortar cabelo com seis pentes recebi uma máquina com quatro pentes o atendimento foi rápido entrega antecipada apenas uma falha eu espero,3
o produto veio com defeito espero que não demore muito a troca pois foi comprada para presentear,2
demorou muito,3
em relação a ter uma chave simples como a do versa e ter uma canivete como esta vale a pena mais alguns detalhes pegam a carcaça é de plástico e a indicação de abre fecha é mal impressa e desbota,4
amei a mochila reforçada material ótimo e entregue antes da data prevista,5
muito satisfeito,4
comprei um tapete de x e me entregaram x estou aguardando retorno da empresa para devolução o que ainda não aconteceu isso gera uma série de transtorno,2
muito bom,4
tudo perfeito,5
ainda não recebi o produto e nem responderam a minha pergunta,2
fiquei satisfeita com a entrega bem antes do prazo agora o produto tecido não surpreendeu deixou a desejar mas não é de todo ruim descartável mas por hora aproveitável,5
muito bom comprei no site e chegou tudo certinho obrigada,4
recebi as mercados conforme exposto no site e chegou bem antes do prazo estipulado recomendo,5
otimo produto porem recebi na cor rosa no anuncio dizia q vinha preto,5
comprei mochilas de rodinhas solicitei a devoluçao de ate agora nao tive resposta pra fazer a postagem pros correios sem contar que nao recebi o meu produto do cabelo o matizador,2
satisfeito com o prazo de entrega,4
pedi azul e veio preta fora que o auto falante superior infelizmente veio com ruídos xiados,2
adorei meu produto,5
a mercadoria não foi entrega por causa dos correios que enviou a mesma paraum local de retirada de dificil acessoem outra cidade,3
comprei a camisa polo azul escuro e foi enviado verde absurdo,1
recebi a metade do pedido nao recebi o lustre ainda,3
unico problema e a demora,3
não entregaram o produto e se recusaram a fornecer explicações sobre o motivo pedi maiores esclarecimentos não obtive resposta pretendo resolver na justiça fui lesada,1
entregou no prazo a versão do scanner mini elm que recebi é a,3
de cartuchos não funcionou mensagem de incompatibilidade e depois nenhuma impressão após ajustes nas configurações e páginas de teste solicitei devolução e troca deste cartucho o outro ok,2
entrega até antes do prazo,5
quero o valor de volta,1
produto não chegou no tempo prometido e ainda não veio,3
produto de muito boa qualidade,4
o sensor não tem a letra up em dois sensores com ligo,3
atendimento com agilidadeprincipalmente em tirar duvidas sobre o produtoa entrega antes do prazofiquei muito satisfeita com o produto,5
relógio ótimo como na descrição,5
produto entregue conforme comprado dentro do prazo até antes recomendo com certeza,5
recebi e percebi que ela esta totalmente desrregulada o peso não esta conferindo com o pesso que temos como fazer,3
produto entregue na metade do prazo contratado,5
quero saber o motivo de não ter sido entregue o produto pares de anjos de rede,3
a entrega ocorreu dentro do previsto e o produto veio correto e sem defeitos recomendo,5
lençol um pouco curto precisa melhorar porque as comprar para cama casa e conforto são ótimos para parceria precisa rever a qualidade,3
o vendedor poderia especificar que o relógio se trata de uma réplica nem a embalagem me agradou,3
não entregaram o pedido,1
otima negociacao tudo perfeito entrega antes do prazo,5
produto de baixa qualidade,2
foi entregue certo e rápida estou bastante satisfeito,5
difícil acompanhar a entrega rastreamento não entra,2
lindo amei o tapete recomendo,5
produto correto entrega no prazo vidro levemente lascado defeito não sobressai nem afeta funcionamento ainda estou avaliando se o peso marcado não muda de uma hora para outra,4
em relação esta entrega está tudo ok mas realizei uma outra compra autorizada no dia deste mês da loja ponto do nerd e não entendo porque até agora não chegou se a loja está na minha cidade,4
é um bom fornecedor nada a reclamar,4
o produto demorou um pouco para chegar não sei direito como funciona a logística da entrega mas agora está tudo bem,4
gostaria de saber o que houve com o meu pedidojá tá mais de mês que eu comprei o produto e nunca recebi,1
só achei q deveria vir com cada peça em uma embalagem separada para facilitar a montagem já q não vem manualé um verdadeiro quebra cabeça fora isso o produto é bom,4
nao recebi o produto e nem recebi meu dinheiro de volta eu quero,1
recomendo,5
no pedido mostrava a cor azul e veio amarelo mas tudo bem,4
muito bom e rápido ganhou um cliente,4
o produto não é original e não funciona com perfeição,2
achei o produto bom principalmente porque o pinico é removível uma sugestão seria que o fabricante colocasse pés fixador porque quando a criança vai sentar o produto desloca um pouco do lugar,4
não recebi o produto que comprei veio um produto parecido,3
não instalei ainda,3
o pedido saiu de sampa foi pra sao gonçalo ai foi pro nordeste depois voltou pra sao gonçaloenfim mais de dias,2
recebi produto,5
adorei como na foto,5
ótimo site para compra,5
não chegou nada,1
bom,5
produto entregue antes do prezo dado e em perfeitas condições de embalagem,4
não recebi meu produto ainda,1
gostei,3
muito mal embalado,3
então já comprei outras vezes e fui bem atendida só que dessa vez o produto aparece no site que foi entregue e ainda não chegou,2
bom o produto só não gostei do prazo de entrega muito demorado,3
só acharia que deverão de mandar dois refis de gelo para estar sempre trocando,5
olha talvez vcs precisem de um chat pois émuito dificil fazer troca site e também por tel esperei mais de minutos e desisti nao gostei seus canais de comunicação nao é eficiente na compra sem pr,3
mim deixou esperar muito tempo para depois vim avisar que não era mais possível efetuar a entrega,1
o sistema é prático e procura tirar as duvidas do cliente com várias opções,4
tudo certo recomendo,5
o produto foi entregue no prazo combinado fiquei satisfeito com a compra desde ja agradeço aos envolvidos no processo,4
fiz a compra de toner e foi entregue um de cada vez porém na nota fiscal do produto constava a entrega de produtos fiz até uma reclamação referente a produto não entregue favor pedir atenção,2
entregue no prazomuito bonita a mesinha igual ao anúncio pena que veio com um lascado no laqueado,3
só recebi um dos produtos comprados,2
os pincéis em si são bons porém foram enviados na cor diferente da comprada não recomendo este parceiro,3
na hora da compra tava escrito novo e nao remold e na nota veio falando remold nao especificam direito,2
amei a mesinha que pena que me confundir na cor comprei achando que seria branca mas é nude mas tudo bem muito bonita vale a pena,5
produto veio errado,1
entregou no prazo certo obrigado,5
chego certo adoro comprar na lannistercombr qto ao produto ainda não usei,4
abri a embalagem cx papelão e esperava que um produto delicado como este não viria embrulahdo num papel grosseiro tipo embrulho de sapateiro a tela veio com riscos,2
muito bom adorei,4
eu fiz o pedido de bisnaga é só chegou uma unidade gostaria de receber meu pedido por completo as duas unidade que solicitei e paguei,1
recebi,4
pessimo comprei rolos de papel de parede de um mesmo modelo só chegou na caixa sem nota fiscal e a embalagem do papel está com o lacre violado e sem etiqueta de identificação do produto,1
fiz a compra e o prazo era de uma semana quando finalizei estenderam para mês e ainda não recebi não recomendo e não compro mais aqui,1
entrega ocorreu antes do prazo produto em perfeitas condições muito satisfeito,5
nunca avia acontecido isto quando compro pelas lannister associados com outras lojas mais dessa vez ainda não recebi meu produto,1
muito bom entregaram no prazo exelente,5
foi entregue apenas um dos itens o segundo não foi,1
não passou o prazo ainda,1
o produto está em atraso,1
não cumpriu o prazo,2
o película de vidro veio com defeito e não estou conseguindo resolver o problema,1
a loja entregou rapidamente bem embalado recomendo a loja mas não o produto,2
o prazo de entrega já acabou e até agora não recebi quero cancelar a compra,1
serviço muito bom,2
gostei do atendimento,4
paguei e demorour para receber,2
o produto não é tão portátil quanto anunciado,4
a entrega foi efetuada antes do prazo entretanto o produto não chegou em perfeitas condições amassou um pouco na tampa eu esperava que o produto fosse um pouco mais resistente mas é aceitável,3
estou esperando o meu produto já tem mais de dias e ainda não chegou na distruidora de juiz de fora,1
ainda não recebi prazo expirado,1
muito bom,5
comprei relógios mas só foi entregue,2
o produto não foi entregue sendo que o prazo foi mais de mês,1
linda amei,5
produto conforme o especificado mas a entrega via correios foi péssima o produto levou quase um mês perdido até ser entregue,3
o produto não fucionaquero trocar ou devolva o dinheiro,1
pedi duas luminárias porém recebi somente uma,2
o produto é bom mas exige um pouco de paciência para usálo por causa de suas lâminas pequenas,2
comprei pela primeira vez e estou satisfeito com a loja,5
faltou orientações mais detalhadas sobre a instalação,3
meu marido compro pensando que era o par mas ele viu que ele estava errado,5
foi entregue o produto errado entrei em contato e vão enviar o correto estou no aguardo,4
achamos desfavorável pagar por um frete é ter o desconforto de buscar na agência dos correios,2
muito bom comprar com vcs,3
fiquei bem satisfeito com o produto e com o prazo da entrega bom recebi um ainda falta chegar mais dois produtos vamos ver a qualidade e o prazo de entrega do restante,4
bom produto gostei e parabéns a loja q entregou antes do prazo recomendo,4
recebi o produto com defeito como proceder para devolver aguardo orientação,2
semprei pelo shop time a impressão quando visualizamos o item no site a impressão que é tecido e não vinil,1
sem maiores problemas,3
o produto veio bem embalado e antes do prazo fiquei satisfeita com a entrega o perfume é um pouco enjoativo mas uso bem pouquinho misturado com essencial masculino fica bom,3
muito bom entrega correta recomendo,5
muito bom,5
recebi somente apenas dos produtos falta eu receber o massageador facial antiidade vibração harmonização energy,2
entrega rápida recomendo,4
ótimo produto e entrega super rápida,5
comprei o produto confiando nas lojas lannister e não na targaryen a qual parece q não entregou o produto no tempo certo para os correios e não recebi esclarecimento da targaryen mas o produto chegou obg,1
produto quebrado em partes já acionei a garantia deste parceiro da stark mas eles não me retornam contato péssimo negócio,1
estou no aguardo a entrega deste produto,3
produto não chegou no prazo,2
mas poderia ter sido mais rapido,2
pedido entregue foi diferente do da imagem do produto da venda inclusive produto foi removido do site depois da entrega,1
somente as prateleiras foram entregues a mesa e a cadeira não,1
gostei bem made in china mas ta valendo,4
recebi o produto e não serve no meu celular gostaria de devolver ou trocar por outro produto,3
tudo ótimo,4
ótimo,5
gostei,4
perfeito entrega e o prazo,5
o prazo de entrega não foi cumprida e só comprei para dar de presente para uma mãe que está prestes a ganhar bebê só comprei pelo site por conta da data de entrega terá o parto sem a bolsa,2
há diferença de prazo de entrega,4
entregaram antes do prazo otimo produto veio muito bem armazenado super recomendo,5
recebi sente unidades do produto e comprei unidades,3
as toalhas que comprei eram de cores escuras as duas no entanto veio cor clara o que eu não queria,2
chegou antes do prazo o piso é muito prático e de fácil montagem,4
rapidez e eficiencia,4
cumpriram o prazo e veio tudo certinho,4
frete muito alto,2
o protudo veio errado,3
a imagem que veio no case era diferente da pedida como minha filha abriu e gostou não troqueimas não veio de acordo com o pedido,4
td ok produto d otima qualidade chegou antes do prazo,4
produto ainda não chegou,1
produto entregue conforme anunciado tudo ok,5
gostei muito em ter feito essa compra com vocêsem ter recebido a mercadoria antes do prazo com todos os acessórios corretos,5
não recebi o produto quero a devolução do valor pago falta de respeito,1
satisfeito,4
o produto que pedir era no tamanho cm e ele veio de cm,2
vc paga um frete caro e não entregam na sua casa,1
a troca mais rápida do mundo estou realmente impressionado com a eficiência do stark não tive nenhuma burocracia o produto da troca estava em minha casa em um piscar de olhos parabéns,5
produto veio embalado corretamente porém mesmo assim a lata veio amassada demais sorte que não durou ou vazou nada produto excelente,3
pronto atendimento,4
targaryen é horrivel,1
aguardo providencias,1
onde posso obter informaçoes sobre a minha compra ainda não recebi ela,2
chegou minha encomenda como pedi no prazo certo obrigada,4
a kunai e bem frágil na ponta mas meu filho ficou bem feliz com esse presente,3
não gostei,2
vieram rastreadores e nenhum dos dois funcionou o fornecedor falou que o lote inteiro veio com problema devolvi e estou esperando o reembolso,2
olha pelo que eu vi e uma ótima empresa porém só não me agradou o fato da entrega que se prorrogou mais do que eu esperava,3
chegou a nota fiscal o bebê conforto e a base falta meu carrinho,2
gostei muito da pontualidade da mercadoriamas infelizmente o produto nao foi entregue todo pedi kits e me enviaram só um como faço pra receber o restante,2
muito confiável chegou tudo certo,5
eu achei que era o tubo e quando chegou parecia um coco de pássaro não gostei de verdade,2
entrega ótima produto ruim,3
excelente,5
,4
tenho receio de comprar pois já vi avaliações negativas sobre algumas lojas parceiras das lannister,3
entregue no prazo e bem embalado,5
produto incompleto,2
eu amei a babá eletrônica me ajuda muito na hora do meu bebê dormir no quartinho dele ou quando não estou por perto chegou antes do prazo e em perfeito estado,4
no geral eu gostei porem o produto não veio exatamente na cor que aparece no site e ele veio enrolado em plástico bolha sem caixa própria do relório,4
produto veio perfeito muito bem embalado e muito antes do prazo estipulado estou muito satisfeita,5
o meu produto não chegou estou no aguarde o que chegou foi somente a nota fiscal,1
produto chegou no prazo gostei do produto muito bom um material anti derrapante a única queixa que tenho foi com transportadora a caixa veio muuuuito amassada,5
o produto veio na data prevista o material é de otima qualidade ameiiiiii,4
otimo produto,4
muito bom o produto e a empresa entregou antes do prazo tudo ok com o produto bem embalado,5
otimo,5
compraria novamente pq cumprem com o prazo de entrega e os produtos vem super embalados,5
além de não entregaremnão fui avisada nem reembolsada,1
foi entregue na datasó acho que a taxa de entrega poderia ser mais em conta,2
parabéns produto entregue no prazo,5
empresa entregou meu pedido muito antes do prazo previsto excelente porém infelizmente um dos produtos chegou faltando uma parte estou aguardando retorno da loja sobre o assunto,3
chegou no prazo adequado,4
compra realizada sem problemas recomendo o fornecedor,4
o site acusa pedido entregue porém não recebi nada,1
era pra ser um presente de aniversário porém foi cumprida a data da entrega,2
produto muito bom,4
ótimo produto recomendo,5
o produto chegou antes do prazo de muito boa qualidade de fácil colocação o filtro não possui gosto forte a torneira possui dois modos de jatos chuveiro e continuo além de ser articulada ótima,5
faltou a capa case com a película só entregaram o cartão de memória,1
o produto foi comprado em x no cartão e foi cobrado em apenas uma vez,3
estou super insatisfeita estava precisando do material urgente e so comprei pq as lojas lannister nunca tive algum problema já o fornecedor não digo o mesmo não teve comprometimento,1
apesar de terem informado que havia problema na entrega foi entregue rapidinho,4
não entregou o produto e muito menos um reebolso,1
o quadro foi entregue pelos correios e chegou com uma madeira atrás quebrada e a tela do quadro danificada afundadaou sejachegou avariado o produto,3
achei que seria uma malha normalmas é bem fininho,4
capacidade da bateria do carrinho poderia ser maior e a carga poderia ser feita sem a necessidade de retirar a bateria do lugar,4
a capa encaixou perfeito mas a película não é do tamanho perfeito para o xperia xaultra ela fica menor para a tela de fica aparecendo a película porque não alcança toda extensão da tela,3
perto de vencer a validade n foi informado de forma clara no anúncio claro objetivo de enganar consumidor,2
o controle não funcionou no azamerica s,1
a frequência do produto está incompatível com a rede elétrica brasileira e não foi mostrado na descrição do produto antes de ser comprado,1
excelente serviço prestado,5
ótimo rápido demais chega bem antes do prazo,5
bom vendedor recomendo,5
é um kit bom de qualidade no entanto o pincel de esfumar é muito magrinho,4
entrega rápida,5
bem satisfatório,4
ótimo,5
o produto foi exatamente o que eu solicitei e ainda me enviaram uma fita métrica e um lápis para marcação show obrigada super indico,5
a peça maior veio com a tela solta as bordas veio sem encaixe quadro muito frágil,3
o produto foi entregue bem antes do prazo,5
não é um ótimo produto mais gostei,3
satisfeito com a aquisição e negócio entrega no prazo com produto bem embalado com a nota fiscal caixa original garantia e manual do usuário primeiras impressões o relógio está em perfeito,5
não foi especificado que que produto era a pilhas,3
gostaria de receber o produto ainda não recebi,3
eu recomendo este produtolindo bem embalado resistente,5
ok,4
no anuncio dizia que a lentw dos faróis eram de vidro mas beio de acrílico,1
só que mesmo com proteção a embalagem veio violada,4
mercadoria super atrasada e nem satisfação,2
o tecido é péssimo,3
recebi o produto no prazo fiquei muito satisfeito,5
produto bom pelo preço,4
oi só chegou os tapetes até agora está faltando os espelho e os sapinhos está demorando muito,1
chegou bem antes do prazo ótimo produto recomendo a todos,5
muito platico,4
,5
obrigado,3
gostei muito,4
o anúncio é de um combo de produtos mas veio apenas um,2
nas compras pelo site da lannistercom sempre fui bem atendido e com entrega garantida dentro do prazo estipulado,5
depois q chegar avalio novamente,2
o produto é totalmente diferente do que foi anunciado não é preto e sim um verde escuro a parte do desenho que deveria ser branco veio uma cor nude parece que o tapete está sujo horrível,1
produto nao é inox ja veio descascando a altura da torneira é boa,3
bom produto entregue antes do prazo recomendo,4
comprei facas de presente prometi minha esposa nao pude entregar,1
tudo ok,5
segundo o rastreio o produto foi entregue mas até o momento eu não o recebi,2
houve atraso na entrega mas por dever dos correios e não dá loja a renda deveria ser mais firme no tecido mas valeu,4
comprei e só veio espero uma resposta pois só esse pedido que veio errado aguardo o outro ah eu,1
o produto chegou em ótima condição só o prazo de entrega foi adiado duas vezes no mais tudo bem,4
demorou para entregar,2
simplesmente não recebi o produto,1
entendo que o vendedor tem que ter a preocupação de acompanhar o produto que vende e caso perceba algum problema informar ao comprador nada disso aconteceu,1
só achei q o urso da bolsa era desenhos na própria bolsa não tecido colado pqolhando no saite parece ser do próprio coro,3
demorou um pouco pra chegar mas veio dentro do prazo,4
o produto veio com um pequeno defeito mas nao tenho tempo para troca terei que ficar com esse,3
bom para esportistas aquaticos recomendo,5
o produto chegou rápido porém apresenta avarias em seus componentes,2
porque utiliza entrega pelos correios e já tive vários problemas com entregas assim nesse produto mesmo afirmaram que fizeram uma tentativa e não havia ninguém na residência adultos no local,3
recomendo,4
além de não ter sido frente grátis teve um prazo muito longo de entreg quase um mês,2
o tempo de entrega foi menor que o esperado,4
ainda não usei mas achei lindas as toalhas,4
produto entregue dentro do prazo porém produto veio totalmente errado solicitei capa e película para um telefone xiaomi redmi note x e veio capa e película de um outro telefone maior,1
chegou antes do prazo,5
ate o momento nao foi entregue meu pedido,2
a loja apresentou um produto para venda embalado em caixa dizendo ser original e veio um produto embalado a vácuo deixando dúvida ser original,4
poderia colocar mais essência no perfumeachei fraco o outro contratipo do si oui da linn young é bem mais concentrado e dura muito,3
muito bom,4
produto entregue dentro do prazo com preço acessível e boa qualidade parabéns loja targaryen e lannistercom,4
bom,3
parabéns para toda equipe,2
excelente,5
comprei quatro rolos de papéis de parede e recebi apenas três preciso que solucionem meu problema o quanto antes minha obra está parada esperando a chegada dos papéis aguardo resposta,1
veio uma amostra e não o tubo de base,1
o produto veio dentro do prazo e está funcionando normalmente todavia veio faltando um dos pés de borracha do produto,4
produto entregue diferente da compra,2
bom atendimento,5
super recomendo,5
até hoje ainda não recebi o produto não consta nem a chegada a minha cidade o pedido foi feito em,1
o material e um plastico parecido com saco de lixo poderia se colocado na descrição que se trada de pvc super facíl de rasgar tanto que a propria antena do carro o perfurou sozinho,3
super recomendo recebi antes do prazo,5
não recebi o produto,1
a capinha ficou certinha mas a película é menor que o celular,2
recomendo aos compradores pois chegou antes do prazo previsto e tudo em ordem,5
dentro das expectativas,3
na descrição do produto dizia que a base do pendente também era na cor cobre mas os que recebi a base é cor preta,2
eu nao posso falar se nao recebi o produto,1
,3
obrigada por ter tanto carinho e dedicação conosco,5
comprei duas manta so foi entregue umae na nota fiscal veio emitida as manta king,2
produto entregue antes do prazo,4
entrega bem antes do esperado gostei,4
gostei chegou bem rapido,3
um verdadeiro descaso com o cliente mandei email duas vezes para a loja e até agora não recebi nenhuma resposta nem telefone para contato é fornecido não recomendo nada que vem dessa loja,1
eu nao recebi ainda,1
creio que o atraso e dos correios,2
gostei do produto,4
ainda não recebi o produto é nenhuma satisfação do vendedor,1
estou satisfeito com a entrega no prazo mas o box veio todo amassado e gostaria de fazer uma troca por um box não avariado,3
fiquei satisfeito pois a entrega foi rápida,5
só nao estou entendendo porque lannisteresta enviando os produtos em dias super alternadossendo que fiz todos juntosnum so diasempre comprei na lannister nao era assimainda falta um produt,1
compra perfeita recomendo com méritos,5
a embalagem do produto é um pouco diferente mas faz parte da mesma marca e o valor nutricional é o mesmo no começo fiquei na dúvida por causa disso mas não tem problema gostei também site ótimo,5
pensei q os produtos q pedi fossem com mais qualidadesmais tdo bem tomarei mais cuidado se resolver voltar a comprar obrigado,4
produto muito inferior ao que é apresentado na foto e descriçãonão gostei e fiz a troca,1
comprei no dia e até hoje dia não recebi o produto o prazo de entrega se encerrou no dia lembrando que é um presente de natal continuo no aguardo,1
demorou mas entregou,2
entrega perfeita parabéns,5
até o presente momento o produto ainda não foi entregue,1
produto com o menor preço do mercado e chegou antes da data indicada,5
paguei um produto que valia três vezes o que me entregaram fiquei super irritada e insatisfeita não recorri devido a mão de obra que me daria a devolução,1
recebi incompleto faltou um produto,4
infelizmente o único problema é a entrega ser feita pelos correios não comparecem na data da entrega e ainda colocam informações incorretas ex não tinha ninguém no local de entrega,3
amei o preduto,5
entrega rápida por isso q gosto de comprar por o site,3
produto de muito baixa qualidade,2
produto superou as expectativas ótima qualidade recomendo frete um pouco caro porém a entrega foi feita mais de dias antes do prazo muito bom,5
fiz um compra de três produtos e só chegou dois o que vcs vão fazer,2
mais uma vez quero parabenizar as lojas lannister pela rapidez e eficiência na entrega do produto,5
a loja compriu com o prazo de entrega no prazo ok,4
então a minha hp deskjet ink advantage não imprimi com esses cartuchos ela imprime a página de teste mas depois disso ela bloqueia por isso decidi solicitar devolver o produto,2
sempre gosto de comprar no baratheon rápido e o produto é entregue certo parabéns,3
ainda não recebi o livro,1
demora muito entregar já passou o prazo e ainda não recebi minha encomenda,2
recomendado sempre o produto chegou antes mesmo do previsto e satisfez minhas expectativas,4
são dois produtos recebi um no aguardo do segundo,1
relógio com pulseira solta pino relógio entrou água só de lavar a mao achei muito fraco e fragiu nao gostei sempre comprei a lannister nunca tive problema,3
muito bom,5
não posso indicar a loja de ainda não recebi o produto estou no aguardo da entrega,4
o produto veio com manchas na pintura da parte de dentro e mal acabado na pintura nas bordas como se estivesse por descascar,2
ótimo produtoeu recomentoamei,5
o produto está atrasado,2
loja séria com seus compromissos entrega rápida excelente loja para se comprar,5
teve um probleminha minha pasta multiuso pra notebook pedi a cor vermelhame mandaram pretanao foi do meu gosto não consegui falar com vcs ok,3
não comprem desta loja tentei fazer o cancelamento da compra por vezes e só fui atende depois de ter recusado a entrega do correio,1
está em processo de devolução a impressora não aceitou o cartucho,5
não sei,2
o relógio é simples está ok a embalagem veio amassada,2
as tampas não têm pressão,4
segundo item que comprei e não recebi até agora o quê está acontecendo,3
comprei um ultrabook e foi enviado um celular mandei de volta mais o ultrabook até o momento não recebi como fica isso,1
ja é a segunda vez que peço esta carteira e não me entregam,1
otimo,5
o prazo para receber o produto era no dia mas até hoje nem sinal do mesmo já fazia dias que eu tentava entrar em contato ontem recebi uma ligação da empresa falando para aguardar vamos ver,1
veio no tamanho errado minha tenda é nautika x portanto precisa ser trocada,3
pedido veio incompleto falta no jogo de tapete,1
recebi o produto de outro modelo desatenção por parte do distribuidor,2
entregue,3
no site o cartucho era original e recebi um cartucho compatível propaganda enganosa,1
ótima lojaentregou antes do prazo,5
empresa séria e entrega antes do prazo prometido,5
sé melhorassem o tempo de entrega para região norte tenho sertesa que aumentariam as vendas é teriam clientes muito mais satisfeitos obrigado é até próxima,2
o produto chegou intacto mas a embalagem toda rasgada e o produto parcialmente exposto,2
o prazo de entrega é um pouco extenso porém foi entregue dentro do prazo acordado,4
a embalagem deixou a desejar por pouco o produto não foi danificado a caixa estava toda amassada,3
fiz um pedido com dois perfumes mas so foi entregue um produto,2
muito demorada a entrega do produto,2
eu recebi a chopeira na quinta feira na sexta feira testei ela a torneira está vazando e estufou a madeira embaixo como faço,4
entregaram uma coqueteleira diferente do anuncio tudo suja empoeirada e que vaza um monte de whey durante a mistura,2
produto atende as expectativas de uso entrega super rápida,3
boa forma de comprar,4
frete alto demais,3
a loja e boa para compra mas ruim pra resoluções dos problemas,2
não gostei porque tive que busca no correio nem entregaram na minha residência,3
comprei o produto paguei no boleto e só recebi metade do produto anunciaram uma coisa é mandaram outra muito insatisfeita,2
ok,3
o drone é lindo porém a bateria não dura nada e é um pouco chatinho de montar,2
primeiro pedido veio o produto quebrado estou aguardando a troca,3
o produto não foi entregue no prazo estipulado pelo vendedor,2
o relógio não era original e a foto do anuncio não batia com o qual recebi produto de pessima qualidade,2
ate o momento não recebi a minha compra e esta constando no rastreamento que foi entregue,2
obrigada,3
prazo muito longo para entrega,3
recomendo a todos,4
comprei unidades é só chegou uma,1
entrega no prazo e produto dentro do esperado,5
entrega super rápida produto é bom,4
o produto ainda não foi entregue,1
o anúncio diz que o produto tem cm de altura e as cerdas tem cm mas não é verdade o que recebi tem menos de cm de altura,2
fiquei bastante satisfeita,5
a cadeira veio suja com a borracha da lateral soltando é muito frágil comprei pra minha filha de anos usar pra adulto não serve arrependida pela compra queria meu dinheiro de volta,1
muito bom recomendo,4
bom,3
eu fiz a compra da cadeira porem recebi outro produto que não corresponde ao meu pedido exijo o cancelamento e a devolução do meu dinheiro,2
caros solicitei o cancelamento deste pedido no mesmo dia em que a nota fiscal foi emitida liguei no fornecedor informado na nf e cancelei o envio da mercadoria aguardo forma de estorno americana,2
a caixa chegou bem embalada mas as pranchas de madeira em mdf estavam imundas de sujas e todas as lascadas na pontas achei que tivesse comprado uma prateleira com sup inv mas não era,2
difícil ajuste cheira muito mal e é muito curto,2
o produto entregue chegou diferente do produto ilustrado na foto do site induzindo ao erro na compra estou tentando devolver no site porém não finaliza o processo quando tento dar continuidade,2
entrega rápida só que a lixadeira que me mandaram foi diferente da qual eu comprei e colocaram um bilhete dizendo que o modelo que eles me enviaram era o mais atual,3
produto conforme anunciado e veio antes do prazoperfeito,5
ótimo,5
muito satisfeito com minha compra,5
produto dentro do esperado sem defeitos,4
um produto de excelente qualidade,5
excelente,5
não gostei da colcha material muito fraco na foto estava linda mas quando chegou fiquei triste acabendo muito mau feitomas isso acontece com quem compra na internet,1
estou satisfeita,4
só foi entregue produto e eu comprei dois onde está o outro produto,1
muito bom,5
tudo bem,4
não tenho como avaliar pq ainda não recebi o produto,2
excelente compra produto de qualidade e entrega rápida recomendo,5
já efetuei várias compras pela internet e a lannister é muito confiável,3
e não comprarei mais cobrase um valor do cartão de crédito e a nfiscal vem com outro valor como preciso fechar a contabilidade na empresa não consigo fechar valores não compro mais da bw nenhuma,1
loja muito boa produtos de qualidade entrega no prazo bons preços recomendo,5
único ponto negativo é a embalagem do produto caixinha da casio muito feia e que não oferece nenhum tipo de proteção ao objeto,3
linda a mesa,5
não posso crucificar a empresa que comprei o produto tendo em vista que a culpa é dos correios,3
gostei muito foi entreguei no tempo corretoproduto correto,4
recomendo,5
comprei uma mala e na descrição do produto constava que ela teria cm de profundidade mas na realidade a mala tem quase cm apesar da diferença ser pequena penso que fui enganado,4
até hoje a armação não chegou e passados quase meses as lannister não se prestam a dar nenhum posicinamento total absurdo e desrespeito,1
o controle por enquanto está na expectativa que tinha obrigada pela entrega rápida,4
no site a mercadoria vinha junto estojo mas este não veio,3
as bolsas tem um tamanho excelente mas porém parecem ser fracas material não muito bom,4
bom dia fiz a compra de peças e recebi apenas uma delas como devo proceder para regularização at joão luiz,2
produto perfeito chegou antes do prazo adorei,5
o produto é de muita baixa qualidade,2
muito bom,5
estou usando o produto por tanto somente futuramente poderei avaliar o mesmo e certificar se é bom ou ruim quando fizer efeito pois trata se de um suplemento para memoria,4
otimo,5
achei sincero o material pelo custo do produto minha esposa achou a mochila em si pequena seria legal ter mais fotos e referencial para compara o tamanho no geral estamos satisfeitos,4
tive problemas com a entrega a mercadoria não foi entrgue,2
capinha meia boca mas atende o proposto,2
bw anuncia produto que não tem para vender o que compromete a confiança do consumidor na marca,1
boa noite nao consegui colocar a bandeja no triple pois nao sei e nao veio manual como colocar e nao sei como instalar a bandeja no meio do triple peço um manual de nstalargratailsa duarte,3
gostaria de saber quando vou receber meu pedido porque eu acho que se veio entregar a nao tem pra receber deve haver outras tentativas aguardo uma posicao,2
já faz um tempo que comprei o produto e está ocorrendo problema na entrega e a loja não me ajuda respondendo automaticamente uma pergunta que não corresponde ao que eu perguntei,1
produto de boa qualidade entregue no prazo combinado a lannister está d parabéns,4
pintura bem feia esperava mais do produto,3
muito demora para fazer a entrega do produto,2
a loja entregou a quantidade errada do produto,2
produto não chegoue já passou o prazo de entrega,1
muito satisfeiro,5
eu encaminhei um pedido com luminárias e só chegou gostaria de saber como faz pra vir a outra obrigada,3
bem organizado recomento,3
boa tarde comprei tres produtos so chegou dois por isso nao tem como eu responder que meu produto chegou por favor resolvam isso,1
a cabeça é linda design bem desenhado estilosa chegou no prazo e é um produto excelente só achei mto caro o frete e o preço dela podia ser melhor,4
mandam email informando problemas na entrega e solicitando cancelar ou não o pedido ao tentar cancelar informam que o produto foi entrgue dia não foi entregam dia,1
realizei a compra e no site tinha uma data para entrega só que essa data não foi cumprida,1
pagamos para a entrega ser feita em nossa residência e não para retirarmos nos correios,2
comprei um produto em que no anúncio mostra ser uma película com bordas arrendondadas e chegou errado espero que seja reembolsado esperei tanto pra chegar errado,3
o produto em si é bom mas a entrega deixou muito a desejar entregaram em sim a do prazo,3
foram compradas cadeiras porém entregue somente uma o vendedor ficou de verificar e não retornou,2
o cor e estampa não é igual que a fotomas gostei,2
ainda não sei o resultado prometido mas quanto a venda tudo como esperado,4
chegou no prazo dado pela transportadora,3
produto atende s características,3
devido outros quadros serem grandes preciso devolver,4
rapidamente entregue,5
produto entregue antes do prazo,5
realizei o pedido dos dois kits até agora só recebi umo outro ainda não chegouestou avaliando como simmas posso mudar caso não chegue o outro kit,3
so recebi as capas das almofadas os adesivos ainda naoe como mostra aqui ja foram separados mas n recebi,2
eu comprei o kit cartuchos xl preto e colorido e mandaram errado kit de cartuchos xl quero que troque pelo produto correto com esta no pedido e na nota fiscal que é kit cartuchos xl,2
não gostei da qualidade do produto,2
o vendedor não esta cumprindo com os prazos de entrega não irei mais comprar nada com o mesmo,1
o edereco e outro,3
boa loja,4
ainda não recebi o produto e por esse motivo não posso avaliar o serviço por completo estou aguardando o produto,2
faltou um produto só entregaram e os três eram iguais mudando apenas a cor não entregaram a preta,2
gostei,3
recomendo a todos produto ótimo chegou antes do prazo,5
a base é pequena não sei se um bauleto ficará firme,4
péssimo porém ainda não recebi meu produto,2
ótimo produto dentro do combinado,5
comprei e após confirmação me dei conta que o produto não atende as minhas especificações e de imediato solicitei cancelamento do pedido no entanto o mesmo foi entregue e não consigo devolver,1
já comprei várias vezes na lannister não tinha problema fui comprar com essa parceira dela não foi bom negócio pra mim,2
produto e ótimo porém não gostei do fornecedor demorou muito esperava receber antes a tampa veio quebradaqueria outro,2
embora tenha pago r relógios e frete só recebi um espero q vcs averiguem e me informem continuo aguardando,3
ok,5
entrega rapida,4
entrega rápida super recomendo,5
bom dia eu fiz uma compra de peças só mim entregarou só a caixa não estava violada,1
a entrega foi dentro do previsto estou satisfeito,4
estava muito ansiosa pelo produto expectativa alta mas quando chegou o produto não era como esperava ai tudo bem mas o pior eh q as travas das alças não fixavam e sempre escorregava,2
produto bom,4
na imagem parece ser uma lâmpada maior e na verdade é a menor e na descrição não vem informando qual tipo de lâmpada,3
estou testando quando obtiver resultado eu avalio melhor,2
o produto foi recebido com sucesso e dentro do prazo cliente satisfeito,4
recebi apenas um dos produtosrelógio de perolamas o outro relógio de lednem sinal deleno entantofoi dado como entreguecomo podea embalagem só veio o relógio de pérola e já usei,2
comprei um produto para ser entregue por essa loja e ainda não recebi pois assim já se passou a data de entrega,2
não recebi meu produto não posso avaliar,2
gosto muito de comprar nas lojas lannister mas ainda n recebi o produto acima aguardo um retorno grata,2
o prazo para a entrega já era absurdo e ainda assim conseguiram nao entregar no prazo ainda nao recebi o produto,1
recebi os produtos dentro do prazo o jogo de copo foi igual mas comprei conjuntos de taças com uma estampa específica e veio outra completamente diferente me sinto insatisfeita e frustada,2
o produto possui péssima qualidade igual um tambor de reais vendido em lojas do centro ja a loja eh boa e entregou antes do prazo,2
a compra que eu fiz conforme anuncio era kit com dez lâmpadasno site consta oitoonde foi parar as outras duas,2
adorei super bem acabada versátil pequena comprei de presente para meu esposo ele amou fora a entrega que foi super rápida,5
o suporte que comprei na compra gostei muito por isso resolvi comprar mais um para dar para o meu irmão ocorre que no site mostrava o suporte igual ao da compra mas quando recebi o produto,3
o produto foi entregue antes do prazo e aprovado,4
gostei muito de negociar com vocês,5
comprei dois produtos em um só número de pedido só recebi o forro do sofá mas a cortina não chegou só que consta que recebi os dois só queria saber como é que vai ficar tô chateada,1
chegou depois do previsto mas o produto é bom,4
produto entregue no prazo exatamente como como diz no anúncio recomendo,4
bom atendimento facil de comprar entrega rapida,3
muito bom,5
qualidade razoável vale o preço,4
muito boa a mercadoria a entrega super rápida dias eu moro em minas geraisrelógio original simplesmente amei,5
faltou as quatro pulseiras só veio pulseiras na embalagem eu efetuei duas compras uma de um kit de pulseiras e outra com um kit de pulseiras só chegou o kit de pulseiras,1
produto diferente do modelo da foto é fabricante pior qualidade,3
produto esta de acordo com o que foi divulgado,5
eu não recebi este produto e eu gostaria de cancelar o pedido,1
recebi os produtos sim recomendo a todos voces esta de parabeis nota obrigado,5
pelo preço bom mais as almofadas deixou a desejar por causa do babado diferente da fronhaspoderia ser iguais,3
não recebi os produtos mencionados no email recebi como já disse uma caixa de papelão vazia sem nenhum conteúdo como nas outras mensagens que já enviei espero que meu problema seja resolvido,1
otimo,4
nao recebi o produto nem mandaro nem uma ligaçao,1
produto veio diferente do qual apresentado no site,2
é uma falta de responsabilidade por parte da firmapor conseguinte das lannister em propagandear um tempo de entrega que não é cumprido,1
os frascos do produto vieram com manchas escuras com uma apresentação de falta de cuidado no armazenamento,3
produto entregue corretamente porém achei que demorou,3
a empresa não tinha o produto que comprei e mandou um outro sem nem me contactar para saber se eu queria recebi o produto e tive que devolver para trocar,3
faltou peças do equipamento estou aguardando retorno no portal sempre comprei com o stark e nunca tive problemas na primeira vez que me direcionam para outra loja acontece isso,1
foi entregue no prazo,5
bom,3
recebi somente uma parte dos produtos,2
eu comprei esse pendente e antes deles emitorem a nf e postarem eu cancelei pois achei outro que me agradava melhor e mesmo assim recebi o produto acredito que devia ter um controle melhor,1
tinha urgência em receber o produto para dar o presente no dia dos pais mas não chegou no prazo e não tem nada dizendo o porque da falha na entrega do produto,2
produto veio conforme descrito,5
realizei a compra de colchas de solteiro e só recebi produto e até agora não recebi a outra colcha,1
baratheon ok loja ok correios ok produto foi útil por que comprei para meu cachorro,2
chegou junto com o pedido principal mesmo sendo de outra loja porém o celular chegou com lacre da embalagem violado,3
chegou antes do prazo previsto o produto é bonito,4
recebi só no correio,4
o produto veio bem embalado em perfeito estado é um pouco complicado de montar,4
só achei estranho ser de coraçãozinho por ser unissex kkk mais não deixa de ser linda e otimaaa,3
estou testando,4
avalio como uma excelente compra e indico o site para qualquer compra dos internautas o produto chegou no prazo e sem avarias,5
achei ótimo só achei o tecido misto fino mas no geral é bom custo benefício,4
fiquei contente pois gostei do produto chegou antes do previstomas vieram eu comprei e paguei esta faltando os outros por favor gostaria de saber quando vão me enviar são lindosgrata por e,3
comprei hds de tb ssd porém só foi entregue uma unidade ate o momento aguardando um retorno com urgência,1
não fica bom se instalado em azulejos pois marca muito nos rejuntes ficando com muitas bolhaspor isso não indico o produto a loja entregou super rápido,2
comprei pela primeira vez e fiquei satisfeito,4
chegou mais rapido do que o prazo pinceis otimos e igual a foto,5
ate o momento minhas compras sempre chegaram mas até o momento ela está em belém e não chegou,4
a loja até despachou o produto mas ele não chegou o prazo de entrega era até o dia e já estamos no dia e nada era um produtos para presente e a loja não tinha disponível remessa expres,1
excelente produtoeu indico,5
gostei do produto por mais que na descrição apresentava as cores que eu gostava acabaram vindo outras cores mas descrevia quepoderiamudar conforme o lote mas gostei simrecomendo,4
não recebi o autotransformador os controles foram entregues,3
recebi o produto que comprei muito antes do prazo estabelecido pela empresa gostei muito e já esta fixado na parede,5
excelente produto indico a qualquer pessoa,2
o controle recebido funciona mas é diferente do da foto do anúncio menor e feio,2
é um cavelete bem prático mas o acabamento deixa a desejar,3
não recomendo essa loja pra ninguém comprei o presente do meu filho no dia de janeiro vai fazer um mês e nada ainda estão dizendo que o carteiro chamou e ninguém atendeu fiquei o dia inteiro emcasa,1
tudo ok,5
no email que recebi diz que os panos de prato foram entregues porem não recebi porisso não posso avaliar essa compra,3
o produto veio com defeito,3
produto chegou antes d prazo,4
até agora estou esperando minha encomenda chegar,2
toalha muito fina pelo preço,3
pedi hd gb sata notebook samsung r unidade r cada e recebi hdd notebook desktop seagate stlm barracuda gb rpm mb sata gbs,2
boa,5
otima,5
pelas imagens achei q fosse tela com moldura até pq na discrição está escrito q a espessura e de cm só q na verdade é um mdf de mm fiquei um pouco fustratado mas tudo bem,2
comprei a mercadoria mais a mesma veio sem nfiscal sem manual de montagem braço veio lascado o tampão da mesa todo marcado com riscos e algumas madeiras com sinal de mofo solicitei a devolução,3
produto nao e original de mau qualidade nunca mais compro com ele as tesouras nao fecham bem vagabunda mesmo tipo deve custar uns reais cada no máximofiquei mto puto com os produtos q veio,1
tudo certo,4
um bom produto,4
apesar do produto ter vindo corretamente faltou uma tiara de cabelo que deveria fazer parte do conjunto,4
o problema foi que chegou após o prazo,2
os dois cartuchos preto não soltam tinta não imprime nada coloquei de maneira adequada e o cartucho não libera tinta preta o colorido está tudo ok coma faço para resolver este problema agu,2
muito bom entregue antes do prazo,4
produto original entrega rápida e bom preço,5
a loja é boa mas o produto deixa a desejar pois ele vive travando se abertos muitas portas usb,4
recebi um email relatando que o produto teria sido extraviado e fiz o cancelamento pois era a bolsa de um bebê comprei outra e agora recebi a que comprei com vcs agora estou com duas mercadorias,2
até o momento meus pedidos não foram entregues o que está acontecendo,1
ótimo,5
gostei de comprar nas lannister envio rápido e sem problemas,1
nao recebiporque fiz pedido de estorno e ate o momento nada resolvido,1
timo produto chegou antes do prazo,5
não entregaram o produto,4
prazo compatível ao preço cobrado ágil,3
a compra foi realizada em janeiro de com pagamento por boleto em o produto deveria ser entregue até e até apenas emitido a nota fiscal sem dados de transporte e entrega,1
recebi o produto errado,3
não é usb como está no anúncio,3
não atendem solicitações,2
recebi apenas o teclado o suporte para teclado comprado junto ainda não foi entregue,2
demorou demais a entrega produto nao muito reforçado mas bonito,2
a loja postou o produto de e mediato o correio demorou um pouco,4
relogio não marca com precisão as horas no ponteiro e o botão de regular simplesmente saiu,3
bom,2
produto de qualidade entrega como previsto,4
ótimo,5
o pedido eram dois jogos de casais e só veio um dentro do pacote além de nao entregar no prazo ainda entrega o pedido pela metade peço providencias urgentes,1
produtos conforme descrição do anúncio qualidade satisfatória,4
adquiri o produto através da lannistercom em mas o até esta data não recebi o produto,1
produto veio com teclas não funcionando solicitei devolução,1
gostaria de saber o que aconteceu,4
produto muito ruim não da nem para ver a hora direito porque o numero são tao pequeno quase não da para enxegar direit,3
sempre recebo produtos comprados no baratheon muito antes do prazo final mas este foi em cima da hora não sei se por causa alheia da loja,4
entregue no prazo,4
rápida entrega e eficiente,3
como não recebi o produtonão tenho como recomendar favor entrar em contato comigo para esclarecer,3
devolvi o cartucho pois comprei um produto e recebi outro a empresa já recebeu o produto peço a lannistercom informar quando será realizado o estorno no meu cartão de crédito,1
solicitei a troca do tapete antes da entrega porém era para na entrega eu nao receber e o meu condomínio recebeu o produto não foi aberto e preciso fazer a troca por um tapete x estou aguardando,4
parabéns loja lannister entregou o produto antes do prazo eu recomendo a loja lannister,5
a cadeira chegou com uma das partes de encaixar torta mas no fim das contas consegui montar porém somente com ajuda de outra pessoa,3
não recebi foi descontado na fatura cartão quero saber como vai fica isso,1
chegou bem antes do prazo marcado fiquei extremamente satisfeita,5
suporte muito prático e util de muita funcionalidade,4
demora na entrega o prazo da entrega foi aumentado após a confirmação da compra insatisfeito e o produto veio diferente também,2
veio com defeito na pintura e a qualidade do produto tb não é mas pelo preço já imaginava,3
produto de aparência boa porém qualidade baixa não é forrada e o prendedor da alça é de plástico,2
produto chegou conforme anúncio,5
compressor para secar veículos nesse propósito ele foi exemplar a carcaça é de um plástico que não aparenta ser resistente mas só o tempo dirá o fluxo de vento é ótimo,4
eu não recomendo esta empresa para ninguém pos ela não cumpri com sua obrigação estou muito chateado com ela,1
me entregou com dias antes do prazo excelente,5
recomento produto e parceiro produto chegou antes do prazo funcionando e com todos os acessórios porém a embalagem foi danificada durante o transporte a caixa chegou com avarias,3
o produto tinha previsão de entrega para o dia e até a presente data não recebi,2
não vi nem a cor dele,1
fiz uma compra de duas luminárias meia lua divulgada no site da promom no dia recebi apenas uma delas estou no aguardo da outra luminaria é minha primeira compra e estou chatead,2
muita demora na entrega,2
eu gostei muito dos meus produto,1
demora excessiva na entregua,1
otimo,4
eu indicaria essa loja pelo comprometimento por entregar antes do prazo parabéns,5
prevaleça sempre á pontualidade e comprometimento,4
cancelei a compra um dia depois no site aparece como produto entregue sendo que não recebi nada e mesmo assim foi cobrado em meu cartão quero o cancelamento imediatamente,1
bem atendido,3
faltou o killer do combo recebi o mr skull e a coqueteleira vieram bem acondicionados e no prazo informado,3
achei de péssima qualidade,2
chegou certo,4
veio com um defeito no acrílico que fica bem aparente,2
péssimo o prazo de entregacompro porque precisomeu trabalho depende de agilidade e não ficar esperando a vida toda,1
recomendo,3
encomendem um pouco mais não tem o tamanho informado,3
bom produto,2
caixa maravilhosa super fácil de montar chegou antes do prazo,5
fiquei super satisfeito recebi meu pedido em dias bem antes do previsto,5
recebi o número meu pedido foi o número,2
entregue no prazo atendimento muito bom,5
não usei ainda mas chegou antes do prazo,4
não recebi o produto até agora,1
quero a verdadeira da roger com selo do imetro a que veio é totalmente falsificadatudo me admiro a lojas lannister vender algo falsificado me ajudem estou tentando acordo com vcs,1
não recebi todo os produto,1
razoável,3
bom dia estou insatisfeita com a segunda compra pois era para ser entregue até e até o momento não a recebi já terminei de pagar e a mercadoria não me foi entregue,2
fui comunicada do atraso,5
entrega rápida e acertada,5
comprei duas unidades foi entregue somente uma,3
produto muito ruim,1
lannistercom é confiável minhas experiências de compras por este canal tem me deixado satisfeito sempre indico aos conhecidos,4
eu recomendo ocorreu tudo certo,4
não gostei do produto qualidade ruim,2
ótimo produto superou minhas expectativas,5
super recomendo,5
o produto foi entregue antes do prazo,5
não recebi o produto correto era um switc hdmi o correto mas não chegou me enviaram um swith hub usb,1
solicito a evitarem o envio de tanta papelada de propaganda junto em muito repetitivos a cada compra lembremse não há como se ter paz sem ecologia,4
bonito exatamente como a foto,4
pedi o produto no sabor baunilha veio chocolate fora que não veio o bcaa,2
muito bom estou muito satisfeito,5
acho uma loja maravilhosa que tem tudo que agente precisa,2
recomendo,3
na nota veio descrito produto sendo que quando abri veio espero que esteja a caminho,2
não tenho como avaliar fornecedor até o momento,2
não disponibiliza acesso para contato com o comprador enviou apenas um dos produtos não houve movimentação até o momento para justificar a ocorrencia na entrega e a consequente devolução do valor,2
meu produto tá a mostrando que ainda estar em transporte,1
só recebi o controle remoto do cod feito através da eletromassa componentes nota fiscal n o controle do cod não constava na embalagem da entrega faltou fico aguardando,2
produto conforme descrito,3
recebi a mercadoria dias após a comprashow de bola,5
recebi a película quebrada estou tentando a troca do produto,4
quero o meu produto,1
comprei paguei o frete e tive que buscar no correio como posso esta satisfeito e pior abri uma reclamação e estou até hoje esperando uma resposta do marketplace,1
alem de excelente qualidade o produto foi entregue no prazo conforme especificação do site,5
até agora não recebi meu produto mais já comprei antes e chegou certinho espero receber meu produto em breve,3
tudo certo,5
bom,4
bom,4
recomendo,5
bom produto,5
srs o anuncio de uma capa de couropara o celular nao confere para o modelo anunciado ao se colocar o celular na capa os botoes o microfone ficam bloquados e sem acess,2
recebi dos produtos desejados,2
aguardo receber o produto,2
excelente produto mas a entrega foi extremamente demorada,5
funciona como casinha para o meu coelho mas é muito simples sem acabamentos bem feitos parece feita de qualquer jeito com os grampos e os parafusos por fora não traz instruções para montagem,2
foi solicitado o reembolso que não aconteceu descaso total,1
revomendo pois acredito que o ocorrido não seja culpa da loja,2
não chegou ainda estou na esperando ainda,2
adorei os livros e os cartazes são excelentes para usarmos com nossos alunos,5
nao me deram satisfação nenhuma,1
melhor preço atendeu a minha necessidade,5
este produto era para presentear minha esposa infelizmente até a presente data não chegou,2
muito bom,2
bom produto e valor veio no prazo recomendo,4
chegou bem antes do prazo direitinho,4
demorou para entregar e quando chegou veio errado,2
recebi o produto dentro do prazo e recomendo ótimo serviço,5
não é que o produto seja ruim é que achei que era menor quando chegou achei grande demais mas é uma ótima carteira,3
sistema operacional de compra fácil de ser manuseado e compreendido entrega rápida e o metros comprado corresponde com o da propaganda compraria novamente,4
o relógio é muito bonito porém achei o frete caro,3
produto com defeito após contato com targaryen aguardando envio de mensagem para troca do mesmo,1
produto barato vendido no camelo por reais veio sem o celo de qualidade sem etiqueta e manual do relogio veio numa caixa simples e nao na preta original da casio,1
é uma cortina boa mas simples,3
eu estou tentando cancelar faz tempo devido o valor do frete muito abusivo,1
recebi o produto diferente do q comprei,1
o rodo mágico é muito bom e a centrifuga seca o esfregão conforme nossa necessidade mais ou menos umido estou muito satisfeita com a compra,5
ótimo produto e chegou antes do prazo informado,5
muito bom produto entrega rapido,4
só levei um susto com o prazo inicial de mais de dias mas chegou em bem menos tempo,5
a mercadoria ainda não chegou,3
adorei compra nas lojas lannister,5
o produto entregue não foi o mesmo que eu pedi já notifiquei na mesma data e até então não tive retorno de como proceder,1
comprei a película para celular e não recebi houve problema com o pacote no meio do caminho abri reclamação no correio no site da lannister e nada foi feito para resolver não tive nenhum retorno,1
gostei do produto vai ajudar no adestramento do meu cão,4
foi entregue uma quantidade do produto sendo que pedi duas quantidades,2
ainda não recebi o produto,2
prazo para o dia e não foi entregue,2
comprei a maquina com bastidores extras entretanto veio faltando o bastidor de bolso fiz diversos contatos com a loja e email porem sem retorno aguardo contato e resolução do problema,2
dentro do que eu esperava do produto,3
o prazo para entrega foi ótimo porém o produto veio com o vidro quebrado e a embalagem totalmente sem segurança o relógio veio dentro de um saco plástico solto dentro de uma caixa de papelão,3
são ótimosgostei bastante,3
produto entregue com avaria solicitado troca,2
ó óculos está quebrado não está segurando o celular,1
comprei um kit mini berço e o prazo de entrega foi no dia sendo que até hoje não foi entregue e a empresa não me deu satisfação alguma ou alguma outra data para entrega,1
tá demorando pra valer só espero não levar prejuízo,1
o produto nao vem na embalagem origiaal e simplismente foi colocado uma gota de uma base qualquer em um tubinho de plastico que nao é a original simplesmente anuncio verdadeiramente enganacao,1
recebi o produto em dois dias tudo como esperado muito satisfeita com a loja,5
não gostei de ter que ir retirar no correio quanto ao produto ainda vou montalo e fixar na parede depois retorno com outra avaliação a principio ele parece estar ok,2
entrega antes do prazo,4
loja rápida na entrega só houve um incidente pelo fato de não vim o produto escolhido e sim um similar,4
chegou direitinho,4
não entregaram e disseram que iriam cancelar o meu pedido mas até agora estou aguardando o cancelamento e a devolução do crédito,1
produto ótimo e entregue no prazo,4
na primeira vez de uso a capa rasgou,5
meu produto não foi entregue,1
ainda não testei todas as funcionalidades do produto mas aparentemente tudo está de acordo vou testar e posteriormente concluo o relógio foi entregue em tempo recorde,5
entrega super rápida,5
funciona,3
foi entregue uma caixa lacrada mas somente produto estava dentro da caixa,2
ótimo produto,4
disseram que entregaram meu pedido em e não entregaram quero meu dinheiro de volta,1
estou bem chateada,1
encomendei itens só chegou,2
não sei se é o campo para este de ponderação mas até o presente momento só recebi o pedido parcialmente apenas o lençol preto foi entregue,3
o unico prolema q o produto não veio com manual de instruções,3
não gostei da qualidade do produto pelo preço deveria ter mais qualidade lojas lannister entregou antes do prazo,1
ainda não testei,4
caixa tudo rasgada carregador quebrado,2
produto recebido no prazo recomendo,4
muita demora para enviar um produto demorou muito para tirar uma simples nota fiscal e enviar o produto que inclusive não chegou,1
comprei duas capinhas e duas películas mas foi entregue somente uma capinha,1
não recebi meu produto certo exijo uma resposta,2
produto de péssima qualidade não recomendo há ninguém estou revoltando com o produto que recebi,1
ainda nao recebi meu produto não tenho avaliar,1
produto bom só não pode colocar muita roupa,3
só acho que o frete é muito caro eu evitaria comprar novamente,3
so não gostei o que ouve com o preço comprei em um dia no outro dia estava reais mais barato sem falar que o produto veio com outro nomeme dei mal,2
produto reforçado bolsos bem distribuído recomendo,3
achei q fosse um pouco mais reforçada mas recomendo,3
pedi n que é que eu veio uma que não deu no meu dedo pedi o cancelamento da compra no praso ou seja no outro dia do recebimento não foi feita até hoje a coleta e o estorno do cartão,1
as focinheiras ns e são ineficientes pois o velcro está na ponta do tecido ficando muito frouxa e o gato retira com muita facilidade mesmo a n precisa colocar mais velcro,2
produto de boa qualidade porém a água não fica com um gosto bom talvez pq ainda seja novo ela sai com gosto da vela,4
as embalagens dos produtos uma vergonhaas lannister devem largar de mão o parceiro com urgência parece ser empresa fundo de quintal,2
produtos entregue antes da data recomendo,5
a entrega ia ser rapida mas parou nos correios da minha regiao sem previsao de entrega ainda,3
não recebi e ninguem da loja me contatou por email como prometido,1
tablet chegou com a tela toda arranhada todo zuado um monte de aplicativos baixados comprei novo veio usado já solicitei devolução estou aguardando,1
celular muito bom gostei bem rápido e super leve eu recomendo,5
comprei um espelho de box antiembaçante porém o espelho embaça senti que ele embaça menos que os demais espelho mas ainda sim embaça,4
perfeito entrega rapida tudo certinho excelente produto,5
ainda não recebi,2
detesto receber mercadorias pelo correio pois acabo perdendo tempo em ter que ir ate a agencia retirar porque o correio não tem logística de entrega domiciliar e todo lugar e área de risco,3
produto entregue antes do prazo recomendo,5
não recebido,1
so achei complicado porque veio desmontado e isso nao dizia no anuncio e deu muito trabalho montar,4
estou plenamente satisfeito com a compra,5
o produto funciona ao que é proposto posso até classificar como semipró mas deixa a desejar o material de acabamento da boca moagem um metal poroso de difícil higienização,3
gostei,4
boa,4
no começo fiquei em dúvida por falar ser de microfibrae não consegui nada de explicações na internetarrisquei é me dei bem já comprei mais duas recomendo,5
para mim essa faixa nao funcionou mais cada caso e um caso,2
beleza pura,4
prazo correto ate antes do previsto produto de acordo com que comprei isso é confiança grato lojas lannister minha primeira compra pela americas foi um sucesso,5
protudo ta em teste ainda,4
produto bom e chegou no prazo estipulado,3
ótimo produto entrega no prazo correto recomendo a loja está de parabéns,5
gostei muito do travesseiro veio no prazo que aliás acho longo demais de são paulo para o rio demorar mais de dias parece brincadeira,3
o controle remoto do play não é sonic como anunciado não veio o suporte pra deixar o aparelho em pé como na ilusão e a garantia de dias oque é isso a garantia tem que ser de um ano,1
relógio é lindo,4
obrigada o produto chegou antes do prazo e é muito bonito,4
entrega no prazo o produto é bom porem a embalagem durante o tranposte foi toda amassada com avarias melhorar o serviço de entrega,2
sim,2
produto bom parece ser de um tipo de eva bem grosso pensei que fosse de silicone mas não é ele também faltou um pouco de acabamento tem algumas rebarbas chegou muito rápido em dias,3
produto conforme anunciado é entregue dentro do prazo recomendo a todos a loja e o produto,5
faltou um pacote de sacos de lixo,2
recebi o produto correto e antes do prazo,4
gostei muito,4
até o momento não foi entregue o byeblade kit tornado,2
falta entregar item,1
tive muito prazer em comprar com voces,5
esta e minha primeira compra espero ter maior sorte na proxima,3
a informação que consta nos correios é que a encomenda foi entregue porém não recebi no meu apto e nem na adm do condomínio foi entregue nenhuma encomenda em meu nome,3
a entrega foi antecipado mais umas das panelas de pressão veio com o suporte quebrado,2
exelente atendimento e entrega antes do prazo eu recomendo,5
recebi a encomenda de forma normal e dentro do prazo contudo recebi de primeira uma data de entrega estimada e que posterior a data foi aumentando não gostei dessa atitude demorou semanas,2
recebi somente um guardachuva sendo que comprei e paguei por aguardo receber a outra parte do meu pedido,1
gostei muito bom,3
produto com defeito imprimiu cópias e depois parou de funcionar o cartucho colorido fiquei com raiva e mandei pro lixo o preto só funcionava quando eu colocava em água quente e parou de vez de,1
recomendo a loja infelizmente a entrega esta demorando mais que a previsão estipulada,2
recomendo para quem deseja aprofundar no mundo de tolkien e para quem já leu o silmarillion e trilogia o senhor dos anéis para os fãs da terramédia é uma obra indispensável na coleção,5
comprei dois so entregaram,2
entregaram bem rapido mais só não gostei pq veio com defeito duas manchas na cara da boneca,3
porém o produto deu defeito e esta sendo encaminhado para a autorizada,3
tudo certo dentro do esperado recomendo,4
recebi tido certinho no prazo certo a loja esta de parabéns em relação a logistica porém o produto não é de qualidade,2
realmente é uma meia de qualidade,5
fiz a compra dia não no dia era pra ter cido do entregue dia estou apressada pelo produto pois já estou prestes a dar a luz estou na espera,2
o produto veio com a tela do vidro lascada tentei entrar em contato mas ninguém respondeu o produto vem solto enrolado em um plástico não recomendo,2
gostei,4
amei o produto e o processo da entrega minha filha amou e ficou surpresa com o prazo pois chegou antes,5
eu recomendo,4
a loja não entregou o produto e não da explicação para isso,1
o produto chegou com bastante antescedencia e fiquei muito feliz por isso obrigada,5
comprei um kit composto por um bebê conforto e uma base me entregaram somente a base e nem notícias do bebê conforto o item que mais preciso não mandaram e não venderam como produtos distintos,1
o produto é excelente entrega super rápida e os produtos vieram certo,3
adorei o produto,5
otimo,5
comprei mosqueteiros e me cobraram fretes não achei justo isso mas tá bom,3
apesar de demorar um pouco para receber foi uma boa compra,5
a tesoura de corte é diferente do anunciado cabo de plástico ao invés de metal baixa qualidade do produto não recomendo,2
nao veio com o interruptor tentei ligar na loja e sem êxito,1
as compras que já fiz todas sempre chegaram no prazo e sem problemas,5
serviço ruim,1
a qualidade do produto é discutível mas pelo preço até que dá para encarar,3
estar faltando receber o escanear automotivo,3
eu tinha cancelado e o produto chegou to qrd devolver e ninguém mim liga ou manda agua coisa no meu imel nao quero esse produto eu ja tinha feito o restono e mim mandou ele,1
adorei veio certinho muito obrigado,4
comprei um carregador motorola turbopower w mas chegou aqui em minhas mãos um carregador que não encaixa em nenhum motorola testei no moto g g plus e gs plus e em nenhum deles o usb encaixou,1
entrega o produto correto é no prazo,3
demorando muito a entrega,2
muito bom ótimo,5
dentro do prazo e em perfeito estado gostei,4
não foi cumprido o prazo da entrega na data prometida e até hj não recebi a mercadoria falta de compromisso no minimo teria que ter dado uma satisfação mas não o cliente tem que correr,2
recebi o prod que pedi não serviu pq pedi pelas medidas erradas fornecidas no sitepedi troca por numero menor não me deram atenção pedi cancelamento se não for possivel fico com o prejuizo,1
produto chegou no prazo e ok,5
produto entregue antes do prazo recomendo pela agilidade e atendimento,5
recebi o produto ainda não usei portanto não posso qualificar o mesmo,2
parabéns chegou antes mesmo do prazo mencionado fiquei muito contente obrigado,3
comprei duas unidades da luminária pendente mas só um foi entrega aguardo retorno,1
a entrega foi rápida porém o produto chegou com defeito ao ligar na centro de atendimento das lannister percebi que não tem atendente para esclarecer dúvidas apenas secretária eletrônica,4
fiz pedido de dois produtos e um eu não recebi ainda isto me gera duvidas quanto ao recebimento,2
tudo correu muito bem o que não entendo é o preço muito mais alto do que começou a ser cobrado pelo mesmo produto no dia seguinte,4
produto aparentemente bom ainda não testei todas as baterias,3
não tenho como avaliar pois ainda não recebi o produto por falha do correio o qual já efetuei uma reclamação,3
a case de tablet veio perfeita o suporte de tablet veio com defeito no encaixe alem de ser um produto muito frágil para segurar um tablet caro a entrega foi muito antes do prazo a loja impecável,2
o couro da carteira veio descolado em algumas partes está abrindo cada vez mais solicitei a troca mas até agora nem um retorno já comprei faz dias,3
pedi na cor bege e veio marrom mas tudo bem estamos contentes mesmo assim porém na proxima eu devolvo,3
gostei da entrega foi bem rápido desta vez meus parabéns o produto também foi bom,5
entrega rapida,4
o anúncio não diz nada sobre ser v me lasquei,3
tudo certinho conforme divulgação o produto chega sem surpresas,4
a josiane funcionária da lannister com merece todo meu respeito pela prestesa e correção no comportamento ético e profissional,3
o produto o material bom gostei muito e chegou no prazo certo,4
o produto que recebi é totalmente diferente a capa do que vende diretamente em um loja de livraria a capa é bem fraca porem o impresso é bom,2
comprei cabos rca suporte de celular só me foi entregue cabo rca,2
até o momento não recebi o produto pago,1
não sei falar sobre o produto pq foi presente mas gostei do desing e valor,3
bom,4
ok,4
na discriminação dizia que era de sisal mas não é vu dar entrada no procon,2
chegou tudo certinho produto em prrfeito estado recomendo,5
material otimo e bom custo beneficio e chegou antes do prazo,5
ok,3
produto de otima qualidade chegou antes do prazo,5
o tapete é fino com qualidade razoável condizente com o preço,3
veio com defeito não reconhece em nenhum computador e não funciona,2
previsão para dia hoje é e ainda não recebi o produto,1
produto não foi entregue,1
produto correto entregue no prazo,4
produto com alguns defeitos e nao foi entregue a tesoura e sim,2
bom produto,3
chegou antes do prazo super recomendo,4
recebi um produto diferente do que foi requisitado a imagem do anúncio não condiz com o produto recebido,1
até o momento não houve o recebimento do produto,1
a capa veio a certa mas a película protetora veio errada,2
comprei um produto que está com defeito e não consigo trocar da erro no site,1
só recebi o puff a cesta não chegou e no site parece como foi entregue os dois,1
a colcha é bonita porem pano muito fininho espero que dure um tempo bom e não desfie ao lavar,3
comprei pendentes veio amassado reclamei e até agora não entraram em contato para me informar como vai fazer para me reembolsar,1
solicitei um produto e me enviaram outro foi devolvido conforme orientação do vendedor mas ate agora não fui ressarcida do valor pago uma vez que a compra foi efetuada com cartão de credito,3
ainda aguardo o produto após recebimento ou posição da empresa poderia recomendar ou modificar avaliação,2
o relógio touch screen é ruim de mexer e muda a hora a todo momento mais no mais tds os demais estão bem,3
chegou em perfeita condições e muito ágil a entrega recomendo a todos parabéns obrigada,5
o produto chegou com um pequeno defeito que pode ter sido ocasionado no transporte porém devido a urgência na instalação do mesmo optei por ficar com ele mesmo assim,3
porem veio faltando uma peça são dois desenhos grandes dos lados da penteadeira porem veio só um lado faltou o desenho da ladybug ou quero peça faltante ou vou devolver obrigada,2
comprei relógios e um veio correto e o outro totalmente errado,2
a data de entrega era dia mais ainda não recebi meu produto na minha residencia,1
dos produtos acima citados so recebi o champoo a touca termica ate hoje estou aguardando,2
gostaria de saber o que houve sempre recebi e essa compra agora me decpcionou,2
bom vendedor o produto chegou na dada e muito bem armazenado,4
recebi antes do prazo e em ótimas condições,4
apagado fica estranho mas ligado ficou bonito,3
não tenho nada a dizer do procuto pois ainda não chegou porem fico chateada pois paguei o frete a ainda não chegou gosto de pontualidade,1
excelente,4
recomendo demais,2
a loja trabalhou bem e a entrega ocorreu antes do prazo,4
excelente produto somente o frete q foi muito salgado porém o produto é de qualidade,3
ok,3
veio correto porém faltou as borrachas do pé da cadeira,4
faltou tamanho na descrição acho q veio faltando peças pois é muito baixa,2
até hoje meu produto nada,1
na minha opinião faltou o manual de instrução da lanterna,4
ok tudo certinho entrega produto conferepode comprar,5
excelente e linda,5
eu comprei o de cápsulas e me enviaram o de a caixa veio um pouco amassada a nota fiscal danificada em razão da quantidade de durex quero o meu dinheiro de volta,1
o produto foi entregue dentro do prazo porém veio faltando um ítem imediatamente entrei em contato com a lannister que me disseram entrar emcontato com vcs e me retornar mas até agora nada,2
confiável,5
não consigo falar com a loja produto veio errado,1
veio o copo errado a lannister vendeu como copo de ml e veio copos de ml,2
o site da lannister tem que encontrar melhores parceiros para seu negócio produto entregue não foi o comprado e a embalagem em que veio era apenas um papelão enrolado arrependido pela compra,1
entrega bem antes do prazo super indico esse site,5
produto veio errado,3
a bateria interna da balança não funcionou e um dos pinos que sustenta o prato veio quebrado pedi para devolver o produto e estou aguardando um contato da stark,2
tudo ok,5
recomendo entrega rápida,5
o prazo apresentado no momento da compra era um mas depois que efetuei o pagamento mudou sendo postergado para após o natal e mesmo assim chegou dois dias depois do informado,2
o produto não foi enviado com nf não existe venda sem nf com certeza fico no aguardo do envio da nf podendo ser por email,3
execelente entregue meu pedido na data ok obrigada,5
fiz essa compra já tem quase um mês e até agora ainda não recebi meu pedido,2
não gostei do produto material de péssima qualidade,1
meu produto não chegou,1
olá comprei o produto justamente por ser térmico e para minha surpresa não é coloquei água bem gelada e não durou h recomendo a loja mas não o produto,2
produto e atendimento excelentes,5
pedido veio pela metade comprei extrator de cravos e caneleira mas recebi somente a cabeleira,1
o produto é bom mas o vendedor precisa ficar atento a qualidade do produto o meu produto veio com um furinho que parece ser de alfinete mas que para mim ficou escondido no geral o produto é b,3
compra garantida,4
pela foto o produto parecia ser imponente e bonito porém quando chegou o relógio quase não coube no meu braço pela foto parecia ser lindo mais a realidade era outra,2
foi entrgue dentro do prazo porem nao foi entregue o produto com as caracteristicas q comprei,2
a espada que chegou n foi a que pedi veio cor e tamanho diferente,3
comprei garrafas termicas mas só recebi,1
não recebi,1
a compra foi feita no dia e ate o momento nao foi entregue,2
produto chegou rápido,4
insatisfeita apenas em ter tido que ir retirar nas agências dos correios uma vez que paguei pelo frete,3
considerando o valor da compra o frete deveria ser gratuito,3
deveria enviar este produto por uma empresa diferente do correios devido a empresa demorar na entrega e não liberar o produto no centro de distribuição,1
a pelicula anunciada é de vidro e veio de siliconed,3
bom e rapido,5
gostei do produto e a entrega foi bem antes do prazo indicado,3
gostei do relógio estava disponível antes do prazo parabéns pela rápida liberação,4
recomendado pq e um produto bom,3
abri protocolo para devolução produto de baixa qualidade deu problema no primeiro dia de uso lannister virou um mercado livre pedidos problemas,1
o produto foi entregue antes do prazo estipulado,4
produto veio com lacre violado embora aparentemente parece que não foi usado mas o lacre violado não passa segurança ainda mais quando a gente compra para dar de presente o que foi o caso,1
comprei unidades só recebi,2
impossível usalo,1
gostaria de saber se o produto mudou de embalagem pois comprei a embalagem vermelha e recebi outra embalagem toda florida preciso saber se é o mesmo produto,5
dos produtos adquiridos só um foi entregue já que um veio errado falta mais atenção na hora de empacotamento dos produtos,2
recebi a mercadoria dentro do prazo estipulado e em perfeitas condições feita a troca com sucesso,5
ainda não recebi a compra,3
tudo certo,4
pedido entregue corretamente e antes do prazo previsto,5
recebi o produto e está operando sem problemas recomendo,5
veio totalmente te diferente do que foi pedido,1
comprei cabides e os ganchinhos dos cabides vieram alguns quebrados a caixa de papelao estava bem detonada com as laterais rasgadas quando fui abrindo a caixa os ganchinhos ja foram caindo no chao,2
boa,4
até agora nada do produto ser entregue o que eu devo fazer,3
bom,3
chegou no prazo bem embalado,4
não gostei do material da cortina blackout parece plástico mais tudo bem agora ja foi fora isso está tudo correto entrega no prazo certinho,3
,4
boa,2
falta de respeito com o consumidor nem me procuraram pra dar uma satisfação,1
o prazo era de a dias,3
ótimo vendedor,5
produto de qualidade,5
fiz compra de maleta de maquiagem infantil no dia previsão de entrega seria dia mas até hoje não recebi wi fi fenzza,1
entrega feita bem antes do prazo muito bom,5
gostei do produto boa aparência,4
gostaria de saber se ainda ira chegar ou se não vai vim,1
não gostei da entrega pois feito uma única tentativa na residência o produto voltou para a central dos correios sendo que poderiam ligar ou mandar email previamente informando o dia exato,2
já solicitei a troca porém até o momento nada enviaram o produto errado e agora informam que a troca não pode ser feita,1
produto muito bom confortável,4
fiz a compra da mochila pelo site o processo de envio foi rápido mas os correios deixaram a desejar pois o produto chegou depois do prazo o material da mochila é muito bom ótimo custo beneficio,4
veio com defeitos,2
não recebi o produto,1
produto chegou antes do prazo embalado corretamente,4
recebi no prazo infelizmente a americana não me permiti comprar mais pois não aprovou meu cartão de compras da loja sendo que sempre compro no site,4
único problema é que a tinta não se prender bem na caneta tem que mergulhar várias vezes para poder usarcomo se ela tivesse diluída mas pode ser um problema que só eu tô tendo vale a pena com,4
o produto foi entregue bem antes do prazo parabéns pelo comprometimento com o cliente,4
reforço minha insatisfação de não entregarem em minha residência e sim no correio,4
estou aguardando a encomenda recebi o aviso de dificuldade na entrega mas ninguém entrou em contato para dizer o q realmente aconteceu,1
quero troca meu produto,1
o produto que comprei modelo oval brancorecebi modelo redondo dourado pulseira correta,3
foi tudo bem o que demorou foi por causa do correio obgdo,4
esperava um produto de maior qualidade,2
quero o produto espero que esteja no correio não recebi notificação de chegada,2
empresa está deixando a desejar,2
quero o meu produto onde está,1
ainda não instalei mas tanto a cuba quanto a torneira são lindas vieram no prazo e muito bem embaladas,5
ainda não recebi o produto,3
achei que demoro mais que os outros pedidos,3
verifiquei que o acabamento deixa muito a desejar,2
comprei bebe conforto e suporte para colocar no carro sendo que só recebi a cadeira o suporte não veio,2
produto não entregue,1
pensei que cm fosse o comprimento do menorah total do espaço entre as velas e não a altura,2
falta de compromisso de informação da compra pedido em atraso ninguém resolve o problema ou da satisfação do ocorrido,1
ok,4
gostei do produto e do pronto atendimento tudo ok,4
a única dica para a loja é que otimizem o envio comprei frascos e cada um veio em uma caixa o tamanho de uma caixa cabia os frascos de vidro o produto é ótimo,4
o produto foi entreguemas demorou muito,1
a opção de rastreio do produto é muito vaga não da informações reais de onde se encontra o produto o minimo seria ter como acompanhar o pedido,2
sem nenhuma explicação o pedido foi cancelado,2
não me enviaram o produto alegando que não o tinha no estoque não recebi o dinheiro de volta,2
eu solicitei o cancelamento da compra e não obtive retorno o produto chegou não e o q eu gostaria foi uma compra frustrada para mim,1
produto entregue dentro do prazo e td certo,3
comprei cartucho de tinta mas recebi apenas cartucho,2
bom produto atendeu as expectativas e a entrega foi rápida,3
o produto comprado não tem a mesma qualidade de outros perfumes da mesma marca que comprei anteriormente,2
apos o fim do prazo de entrega que ja era longo apareceu uma mensagem cancelamento do pedido sendo que nao fiz esse cancelamento e agora,1
produto do camelô paraguai pior compra que já fiz na internet anúncio não condiz com o produto quero devolver,1
ótimo relógio estou bastante satisfeito recomendo a todos essa loja está de parabéns obrigado,5
recebi o produto danificado a maleta na opção meus pedidos em solicitei o cancelamento relatando o acontecido hoje não recebi nenhum contato,1
demora muito e eles não dão satisfação pelo motivo do atraso,1
recomendo,4
tá demorando a entrega,3
recebi apenas o suporte de teto o coletor de pilhas ainda não,3
produto não foi entregue,1
recebi o produto no prazo porém a nota fiscal foi extraviada gostaria que a empresa disponibilizasse via email ou mesmo no portal lannister,3
na realidade estou viajando mas este final de semana estarei em casa para ver o produto se veio correto obrigado,4
recebi o produto dia após a compra porém ele veio com defeito fiz a solicitação do estorno do valor e a devolução do produto estou aguardando a resposta,3
sem satisfação sobre atraso na entrega,1
produto de boa qualidade recomendo,3
não recebi até agora a mercadoria,1
boa,4
produto de péssima qualidade antes mesmo de utilizar o skate já estava descolando o adesivo os protetores descosturados com facilidade nao gostei e nao recomendo este produto,2
recebi a compra pela metade comprei kits e só veio péssima compra já formalizei a reclamação a loja e ate o momento nada de retorno,1
infelizmente precisarei trocar pois não serviu,3
bom,4
acho as entregas desse site meio demoradas mas vem td certinho,3
esta cascata de fibra de vidro atende perfeitamente ao que se esperava a entrega foi rápida estamos satisfeitos,4
gostei do produto,5
chegou dentro do prazo e o produto é de excelente qualidade acabou as dores nas costas estou dormindo muito bem,5
bom,3
comprei e eles não tinham o produto,1
desde sou cliente de vocês fico muito feliz em receber os produtos do baratheon sempre que possível faço a propaganda de vocês aos amigos e familiares,5
preciso trocar pois pedi benjamin e veio valentina,2
nota,5
efetuei a compra tudo normal mas quando já estava perto da entrega colocaram que o produto estava indisponível,1
foi escrito que o produto já foi entregue mas não chegou nada,2
panelas pequenasnão observei a dimensão quando comprava,1
no site aparece ou aparente ser dois fones mas só chegou um e a cor era bege e chegou preto,2
na descrição do produto no site da lannister havia informação que painel tamanho metros de largura x metros de altura na embalagem contem rolos de cm de largura foi o que comprei,1
o serviço como um toi foi bom,4
não sei o motivo mas dos ítens adquiridos do mesmo produto foram entregues apenas o despacho foi feito individualmente e até o momento ainda falta a entrega de um ítem,2
a cadeira veio muito arranhada,3
o tecido não é bom,3
gostei muito do produto e chegou rapidinho,3
ainda não recebi o produto,2
no site estava dizendo que seria litros porém me foi enviado um frasco de ml,1
atrasou apenas um dia pra entrega de todas as peças fiquei satisfeita com o produto e com o atendimento ao cliente da loja,4
o relógio é lindo e tem várias funções só acho que ele tá mais pra feminino do quê masculino pois é bem pequeno pra mim que sou mulher e tenho o pulso bem fino ficou ótimo adorei entrega rápida,5
recomendo para todos,5
o produto é muito bom eu recomendaria si,3
muito boa a cortina superou minhas expectativas deixou o quarto bem escuro,4
não tinham o produto em estoque mas entraram em contato comunicando o ocorrido só não me lembro se o valor pago já foi devolvido,3
a loja sim mais o site me deixou a desejar pois fiz essa compra com vale e não me enviaram um item alegando que não foi autorizado o pagamento se foi confirmado no dia da compra,3
recebi o produto errado,3
não recebi meu produto,1
comprei o produto acreditando ser um tapete mas é um banner de lona,3
produto entregue dentro do prazo aliás bem antes da data final prevista,3
até agora não recebi o produto já passou dias da data da entrega,1
como anunciado entrega no prazo,5
o produto veio com defeito aparência de usado,1
o produto demorou muito para chegar em minha residência,3
bom,4
produto ótimo,4
bom,5
a maquina é linda fácil de usar forte silenciosa manual bem explicado e chegou na metade do prazo de entrega,5
chegou antes do prazo o material é bom,3
nao consigo contato para pedir de volta meu produto uma vez que falaram q estaria disponível ate o dia nos correio o qual voltou dia,2
o produto veio errado mas o fornecedor resolveu o problema de maneira rápida e gentil,3
comprei duas mochilas a nota fiscal está com dois produtos do que só veio uma mochila,2
imagens na hora da compra são bem distantes do produto final,4
muita demora na entrega,2
estou aguardando a entrega do meu produto o prazo já expirou e até agora não foi entregue,1
muito bom,4
bom dia esta faltando um cpmonjo de mesa que esta junto com a colcha na quinta feira recebi um produto mas o outro nao a colcha veio junto com os cabides mas não o cominho de mesa,3
gostei muito do produto e a entrega foi antes do previsto minha filha ficou muito feliz estão de parabéns,4
tudo correu bem a entrega foi rápida o produto veio bem embalado no entanto a cor não foi a que eu pedi acabei ficando com ela mesma,4
os produtos chegaram dentro do prazo mas em datas diferentes unidades em um dia e unidade em outro dia gerando assim confusão pois no site constava produtos entregues tirando isso foi tudo ok,3
tampa da garrafa espanada não fecha corretamente,1
solicitei um produto e veio outro já entrei em contato com a central de vocês e estou aguardando o código para reenviar para o correio,1
comprei pneus e a empresa despachou apenas para o correio acionei o procon da minha cidade para conseguir o outro até então parece que a empresa vai resolver meu problema,2
esse produto veio com defeito,2
comprei duas caneleiras e uma porta caneleiraas duas caneleiras chegou mais a porta caneleira nao,2
produto otimo so demorou chegar,2
a entrega atrasou demais eu já estava cancelando,2
eu recomendo a compra desse produto muito bom,4
gostei do produto e da loja,4
agilidade é semana um diferencial,5
ok,4
horrível muito pequeno nada a ver não recomendo o produto,1
muito boa recomendo,4
produto muito bom,5
mto bom,5
não recebi nenhuma satisfação que o prazo para entrega havia sido alterado,3
nunca tive problemas com as compras na loja lannister mas este produto chegou com algumas partes quebradas impossibilitando a montagem aguardando a troca,1
mas não serviu na minha impressora hp officejet j preciso trocar aguardo,3
o problema nao foi a demora e sim pedir vermelha e veio preta,2
imprevistos acontece sei que a loja é séria espero que chegue logo meus produtos,3
aduiri tres bonecos power ranger um azul preto e vermelho só falta receber o vermelho pro papai noel de meu neto,2
so faltou entregar mais rapido,3
satisfação,5
me deslocar para retirar o produto nos correios não consegui rastrear o produto é isso gerou desconfiança qdo e se receberia um email se referiu a problemas na entrega sem explicaçoes claras,2
amei chegou rapidinho ainda vou testaloobrigado,5
muito boom,4
apesar da embalagem ser da hp o cartucho não era original além de possuir erro de grafia cian em vez de cyan o formato do cartucho era diferente e a impressora não o considerou original,3
enviou pelos correios e ate agora nada,1
comprei carnibol foi entregue apenas na nota fiscal disse que sao embalados separados e podem chegar separados ainda estou esperando,3
falta o protetor impermeavel,2
a da ta para entrega era dia ate o momento a mercadoria não chegou,2
produto chegou em perfeito estado bem embalado e protegido,5
minha mercadoria era para levar mais ou menos dias para chegar demorou quase dois meses,3
o produto é muito diferente da foto a cor é bem clara escolhi o escuro para combinar com o resto da sala,2
ameiii o produto já tinha tido outra antes,5
recomendo,5
a compra foi efetuada em a emissão da nota fiscal emitida em até ainda não recebemos a mercadoria que avaliação deveríamos dar a isto desonestos ineficientes etc et,1
excelente mochila entrega super rápida super recomendo essa loja,5
adorei a minha pasta multiusochegou rapido,4
produto não funcionou no meu pc,2
o produto chegou muito mal embalado s mochila não cabia na caixa que foi entregue mas de toda forma a mochila chegou sem nenhum defeito,4
ainda não experimentei o produto,4
ainda não posso avaliar,3
produto dentro do esperado e chegou antes do prazo marcado agradeço e recomendo,4
chegou antes do prazo fiquei satisfeito recomendo o produto,4
estou gostando de fazer compras nessa loja,4
gostei do produto,3
site péssimo,1
estou a espera do produto está em atraso,2
ainda não recebi o outro produto,4
produto de ótima qualidade,4
comprei uma lanterna holofoteque foi entregue com defeito e quando tentei acionar a troca de produto não consegui falar com ninguém da loja então eu não recomendo esse sait pra ninguém,2
gostei do relógio porém a foto que esta ai não é nada igual ao que vem não recomendo,2
demora absurda na entrega do produto isso é se eu vou receber ele né,1
não posso avaliar ainda não chegou,3
o pedido chegou antes do prazomeu filho amou a mochilaobrigada,5
não recebi o produto paguei por boleto e não teve uma explicação o porque tiveram problema com a entrega eu gostaria de saber pois sempre recebi tudo que comprei aguardo uma resposta,2
gostei tanto que estou indicando pra amigas,5
ainda não recebi o produto,1
não gostei do produto,2
o produto foi entregue antes do prazo porém está desmontado em caixas como devo proceder para a solicitar a montagem aguardo por favor um retorno para as devidas providencias muito obrigado,4
comprei luminárias e só recebi,3
eu recomendo baratheon para todos pelo valor dos produtos pelo a entrega rápida e pelo segurança obrigado sentido muito feliz,5
chegou muito antes do prazo informado,5
uma loja que só pensa em pegar o dinheiro do cliente mas não entrega mercadoria,2
o frete deveria ser inferior ai produto,4
o produto e bom mas o acabamento nem tanto,3
ótima qualidade chegaram rápido poderiam ter mandado tudo numa caixa so mas isso foi o de menos amei,5
excelentefui atendida antes do prazo estipulado e pude acompanhar pela internet por onde estava o produto e recebi embalado em perfeito estado,5
não vieram todos os itens faltou a maleta plastica o punho auxiliar e limitador de profundidadee veio sem proteção chegou a cx tod amassada fiz a reclamação ontem pelo site site não receberam,2
a entrega foi rápida porém a tampa de uma panela veio cortada preciso que façam a troca,4
paguei frete porém não recebi meu produto tive que retirar na agência dos correios acho que deveriam ter um pouco de boa vontade nas entregas e fazer o correto entregar a mercadoria,2
o produto foi o correto chegou no prazo entretanto houve muita confusão no rastreamento do produto passando muitos dias para atualizar uma localização que fisicamente dura minutos,3
no envelope só tinha um dos livros embora a nota fiscal listasse os dois livros comprados ainda não recebi posicionamento a respeito do meu questionamento,1
realizei a compra na quantidade de porém recebi apenas e na nota fiscal a quantidade é de oque eu faço,1
o produto veio com a caixa do mp quebrada e sem a parte da caixa que estava quebrada e com um grande defeito na bateria,1
entrega rápida e ainda aguardando testar o produto,4
n sei oq esta acontecendo se a culpa é dos correios ou n ja passou do prazo de entrega e nd ainda ja esta a dias parado so em um lugar ate a data de hj n sei oq fazer,2
ainda não vi o produto pessoalmente mas o prazo inicial foi extrapolado,2
já sou cliente do baratheon ha muitos anos e já comprei muito produtos e como sempre este último produto me foi entregue até antes do prazo previsto e chegou corretamente conforme solicitei,5
demorou no correio para entregar,3
chegou muito antes do prazo adorei o boné muito bem feito,5
meu pedido não foi entregue,2
comprei um kit com pomadas e recebi apenas uma já enviei mensagem e não obtive resposta completa falta de respeito,1
boa,3
gostei muito da entrega rápida,5
recomendo,4
produto corretoentregue antes do prazonão instalei então não sei se está perfeito a loja optou por entregar pelos correios e como ele não faz a entrega em casa em do rj eu tive q buscar e leva,4
a vendedora foi super atenciosa ligou para confirmar as medidas e enviou um email falando sobre o atraso na entrega pelos correios capa e galochas ótimas recomendo,5
só recebi a capa protetora o lençol branco não chegou além disso a capa protetora não atendeu as minhas expectativas,2
fiquei muito chateada pois o produto veio quebrado um descaso isso,2
gostaria de dar uma dica quanto a embalagem da entrega poderia estar dentro de uma caixa para evitar que o produto venha avariado ou evitar possível quebra,3
o produto não chegou,1
minha película de vidro veio quebrada e não veio junto com o celular tive que esperar muito tempo e não deu pra usar,1
bom produto,3
então gostei mais veio diferente do que eu pedi mais gostei também a entrega foi bem rápida,3
comprei três cobre leito e até o momento recebi apenas um,1
só recebi a cortina as prateleiras ainda não,3
o produto não foi entregue na data previsto e quando vc liga pra mais informação os telefones estão sempre congestionados e quando funciona esta sem sistema,2
entrega no prazo,4
estou indignada é o presente de natal do eu filho comprei com antecedência e não chegou,1
nota,5
comprei um botox plastica dos fios e me entregaram uma progressiva da zap muito insatisfeita primeira vez q isso acontace,1
demorou um pouco para chegar mais veio a mercadoria correta,4
o produto não chegou perfeito tive que pedir para meu pai abrir e arrumar o botão de ajuste que estava solto,2
demorou de mais pra chegar se tivesse comprado fora do país não demoraria tanto,2
meu pedido veio incompleto ficou faltando um item,1
ainda não recebi meu pedido,3
os relógios veio com modelos diferentes do que tinha comprado pelo site só não vou devolve los pelo fato de ter que usar na minha viagem,2
por favor reenviar,1
tive problema na entrega pois não tinha ninguém em casa para receber a mercadoria no horário que passaram,2
recebi o produto errado comprei o bca max em cápsulas e veio bca drink líquido quero fazer a troca urgência,2
produto muito frágil,4
ainda estou aguardando uma resposta sobre o fato de ter recebido apenas um dos dois produto que comprei,2
a colcha é macia e bonita porém eu esperava que tivesse um tamanho um pouco maior mas o produto é sim muito bom,4
recebi o produto no prazo,4
cumpriu prazo e produto correto,4
diante da taxa alta do frente em torno de do valor do produto e um período de entrega grandeestimado em dias úteis a empresa conseguiu não firma o prazo de entrega lamentável,2
não recebi o produto sendo que o valor já foi pago totalmente insatisfeito,1
não recebi o produto até o momento estou no aguardo de um retorno,1
muita demora comprei a fruteira e maos de um mes pra entrega insatisfeira meu pinceis comprei estava na data pra entrega e nao entregaram passou a data e ate agora nada,2
adorei,5
recebi sem problemas antes do prazo,5
chegou antes do prazo e veio muito bem embalado eu recomendo,5
lannister é legal mas essa loja terceirizada tem um prazo de entrega de quase mês afff,3
tive problemas mandei email para devolver a lannister disse que eu receberia retorno da targaryen em hrs e ja se passaram dias e nada ainda,1
entrega não efetuada,3
loja muito boa parabens,5
foi entrgue dentro do prazo porem nao foi entregue o produto com as caracteristicas q comprei,2
m,3
qualidade do produto é ruim,2
o produto chegou muito rápido embora o modelo do controle não foi o anunciado e sim um similar e talvez genérico inclusive a nf menciona o ct toshiba e foi recebido um com modelo crs,3
chegou no prazo,3
produto entregue antes do prazo,4
recebi antes do prazo,4
poderia ser excelente se o suporte não tivesse vindo com defeito foi só o suporte o restante está perfeito,4
parambeliso toda equipe pelo bom trabalho e pontudalidade meus parabéns com o meu abraço a todos josé carneiro bh mg,5
muito bom,4
não posso opinar poiso produto veio quebrado,3
ter algum apoio sobre a instalação do produto,4
produto nao chegou,1
produto ok porém a cor é bem mais clara que a que mostra na foto,4
não recebi o produto e venho tentando a semanasfazer contato por email ou telefone e não consigo única resposta que recebo a minha consulta é que o envio está atrasado,1
recebi o produto antes do prazo chegou certinho muito bem embalado recomendo essa loja pode comprar sossegado,4
custo beneficio bom,4
fiz a compra de duas torres e só recebi uma e além disso na nota fiscal consta unidades,2
meu pedido não foi entregue no prazo que seria até e hoje e nada do meu produto e tive que abre um ocorrência na lannister para verificar o motivo,1
nao tenho o q dizer agora,1
produto ótimo e entregue beem antes do prazo,5
profissionais,5
recebi a mercadoria com um pouco de atraso mas deve ser considerado os feriados e também os atrasos dos correios,3
produto com madeira rustica mal acabada veio descolada do suporte não foi lixada nem envernizada o coador veio com aro menor que o aro do suporte,1
o produto é muito bom e a entrega foi conforme combinado não tive nenhum tipo de problema e adorei a mercadoria,5
comprei dois cartuchos da hp no dia até agora não recebi,2
péssima loja não entregou e e nunca me ligou para dar satisfação não recomendo e não compro nunca mais horrível,1
prazo prometido e não cumprido,1
o comprimento do parafuso é maior que o original e ficou um pouco para fora da roda na minha opinião deveria acompanhar as medidas dos parafusos originais,3
entrega em atraso,2
bom dia até o momento o jogo de lençol casal nao chegou na minha residencia no site está como produto entregue mas ate o momento nada todos os produtos que comprei pela baratheon já chegaram,1
bom,3
bom recebi o produto errado a voltagem errada em fim fui enganado pois comprei um produto e recebi sem maleta,1
equipe lannister recebi o produto incompleto ou seja está faltando uma mochila barbie grande lannister tive que retirar a mercadoria incompleta na lojas do correios atenciosamente,2
comprei delas e chegaram no prazo ocorre que uma veio com sinais de ferrugem no pistão também achei sinais de riscos no pistão base e no descansa pés no mesmo dia pedi a troca e aguardo retorno,3
boneca linda e a entrega no prazo muito satisfeita,2
produto de ótima qualidade e chegou antes do prazo,5
uso cordas eles só tinham daí fiz o pedido eles me enviaram como vivo de música não tenho tempo de devolver ou trocar dessa maneira fica duvidosa e inviável mais uma compra,2
gostei muito do produto e da loja chegou em perfeito estado e dentro do prazo,5
entregou no prazo correto,3
recebi o produto antes do prazo final recomeço site,5
a compra foi feita de ítens porém só recebi e na nota constam aguardo retorno com devidas providências,2
não foi entregue o produto que seria na data de ontem,1
ainda não comecei a usar os cartuchos que comprei de vcs portanto não posso dar minha opinião sobre os produtos,4
peço auxílio para resolver esse problema não recebi o produto até agora depois de meses do pedido aguardo retorno,1
produto totalmente diferente do anunciado péssima qualidade,1
bom mas o problema foi correios,5
ter cuidado na embalagem pois o produto vazou um pouco e não o botão que aperta na tampa o produto chegou antes do prazo estabelecido,4
foi entregue antes do prazo tudo ok excelente,5
ok,2
os correios esto em greve no recebi nenhum aviso de atraso mas de qqer forma a empresa responsável deveria dar alguma resposta sobre o atraso,2
fiz a aquisição de duas unidades no entanto recebi somente uma encaminhei email ao stark relatando o fato e até o momento ainda não recebi qualquer tipo de esclarecimento continuo no aguardo,1
já é a segunda compra que não recebo,1
não entregaram meu produtoe já passou o prazo,2
não tem como avaliar nem o produto e nem a entrega além do problema ser em parte dos correios,3
produto excelente entregue conforme combinado,5
o produto tem uma medidatamanho diferente do site,2
comprei luminárias e até o momento recebi já liguei para a empresa responsávelpela entrega e fui informada que devo receber logo a luminária que falta,1
recebi rapidamente o produto,5
meu pedido foi entregue pela metade as réguas vieram mas as tesouras não aguardo um retorno da loja,1
produto não corresponde ao da foto pois o que fora enviado é de cor diversa e de qualidade inferior em supermercados locais o produto é vendido a menos de reais,1
ótimo produto e entrega dentro do prazo,4
eu fiz o pedido de dois produtos porém só recebi uma,3
muito tempo para entrega embalagem horrível o produto chegou sujo,2
recebi o produto faltando duas luminárias,2
entrega antes do previsto,4
um dos melhores sites de compra,2
a demora da emissão da nota fiscal após o pagamento não é aceitável,3
pedir skate masculino veio feminino,1
prazo não foi cumprido até hoje não chegou primeira vez que tenho problema com entrega,1
adorei o produto,5
entrega no prazoproduto de boa qualidade,4
estou feliz em comprar nas lojas lannister sinto segurança,4
tudo bem que até agora não recebi meu produto mas indico sim,3
recomendo,5
produto entregue bem acondicionado e dentro do prazo,4
o produto chegou uma semana antes do prazo fiquei muito impressionada com a presteza,5
entrega rapida e tudo ok com o produto recomendo,5
comprei cartucho compatível com a impressora deskjet cartucho colorido ml recebi com ml e na embalagem não consta o número de minha deskjet o que faço,4
solicitei frascos e foi entregue apenas frasco feita a reclamação por telefone e ficaram de enviar,3
ainda nao recebi meu produto que seria entregue ate dia de janeiro de,1
recebe o produto que tem baixíssima caloria e preço acessível muito gostoso valeu a pena,4
um dos produtos não foi entregue estou no aguardo,2
não recebi até o momento o produto porta lápis caneta lembrete organizador de mesa tela aço,1
não recebi,3
produto bonito porém poderia vim com as baterias e as pilhas,3
gostei do produto bastante funcional,5
bom,4
produto chegou dentro do prazo só que o prazo é muito grande pra um produto pequeno sinceramente não comprarei mais nesta loja devido a um prazo muito grande para entregar um produto,3
produto conforme anunciado,5
ainda não instalei mas aparentemente é bonito e de boa qualidade,5
muito pratica de montar não tem um bom acabamento um dos buracos para travar o encosto estava torto então tive dificuldade de colocar a trava mas atendeu a minha necessidade,3
otimo produdo recebi no prazo bem antes do prazo que me informaram nota,5
zero não entregaram e não dão satisfação vou devolver,1
considero o valor do frete e o prazo de entrega um pouco altos gostaria que cobrassem frete mais barato e entregassem mais rápido mas cumpriram o prazo prometido e entregaram os produtos corretos,4
embora tenha recebido o termômetro de forno o mesmo é muito diferente da foto apresentado mesmo tendo a informação q as imagens são ilustrativas sugiro q sejam mais fiéis ao q estão vendendo,2
nao recebi o produto,2
não recebi minha mercadoria como faco,1
veio sem carregador,4
fiquei dececionada o produto é bem diferente na foto é lindos ao vivo é bem fajuto eu não compro mas esses produtos vou ir na loja perdeu uma cliente propaganda enganosa,1
é muito chato quando recebemos um produto fora da data marcada para receber e pra piorar ainda veio com defeito,2
esta tudo coreto oque eu pedi,4
sempre confiei nas redes lannister,4
produto ja foi devolvido vez por entrega com peças errad assim estornaram o valor para realizar outr compra retornei a compra do mesmo vendedor a cadeira veio correta desta vz porem n veio parafus,1
muito ruim na hora de devolver o dinheiro,2
quase tudo ótimo mais o valor do frete esta de laca comprei paguei o valo de bonés me ajuda ai né,4
apesar da na descrição do produto dizer que é compatível a capa não serviu corretamente no tab e t ficou torta e não para em pé acabei não trocando porque meu filho a quis mesmo assim,2
estou avaliando o fator entrega de mercadoria ainda não instalei o produto para ter uma avaliação completa,4
muito satisfeito,5
recebi o produto dentro do prazo,3
o produto branco veio sujo como se já tivesse sido usado e dando a impressão de não ser novo,3
comprei um produto kit magnésio dimalato g comprimidos e recebi o produto contendo mg isto é do que comprei,1
bom,4
tudo conforme o anunciado,5
chegou antes do prazo,5
a loja postou bem rápido embalagem simples mas a encomenda estava bem protegido dentro da caixa o correio atrasou a entrega,4
faltou cadeiras,2
recomendo,3
bom preço,4
não recebi o produto completo comprei quantidade e recebi somente e consta na nota da entrega tem quantidade e com volume quero receber a outra sem custo nenhum pois o erro não foi me,3
recipiente veio furado coloquei o conteúdo em outro recipiente para poder usar,4
tive um transtorno muito grande com relação a compra que fiz de luminárias meia lua roxa foi enviado somente e depois de dias prazo da entrega informaram que iram devolver o credito,1
produto lindo só precisam prestar mais atenção na bateria já chegou vencendo,4
excelente produto ótimo prazo de entrega recomendo a todos,4
toalheiro simples mas muito bom,4
comprei cadeiras foram entregues duas cadeiras palito a cadeira rotatória ainda não foi entregue,2
utilizo o site das amaericanas a muitos anos sempre tive um bom retorno as vezes demoramas os produtos chegam sempre embalados mas dessa vez não recebi por isso a avaliação negativa,1
o produto diz com cabo de e o cabo é super curto dever ter mais ou menos m estou solictandoa devolução do produto,1
produto de qualidade média,3
tudo perfeito,5
vendedor ótimo produto excelente entrega antes do prazo,5
pelo preço o produto está ótimo material não é de ótima qualidade mas é bem bonito até,4
produto bom e bacana,5
marca como entregue produtosmas na realidade recebi apenas falta tapete de borboleta,1
ainda estou aguardando,2
ainda nao recebi o produto nao tenho como avaliar a aquisição,3
rápido e eficaz e variedades pra vc escolher um bom presente para sua família,4
chegou um creme para mãos fps ao invés do produto que comprei,1
só não gostei devido ter que retirar o produto nós correios,2
produto de qualidade,4
demora na emissão da nota levou mais de semana pra isso demora na entrega ainda não recebi,2
muiita demora na entrega do produto protu comprado em e até hoje não foi entregue,2
não recebí o produto e mesmo tendo comunicado ao baratheon o que ocorreu me recomendaram aguardar dias que a loja me contataria e isso não aconteceu exijo uma solução imediata,1
a compra foi fácil de realizar e a entrega foi bem antes da data prevista,5
o produto chegou antes do prazo mas recebi um produto diferente do que mostrados na descrição e nas imagens uma das lampadas esta com problema fizemos uma notificação e estamos aguardando o retorn,3
olá infelizmente o produto não veio conforme o anúncio se tratava de um capacho mas o que chegou é praticamente uma borracha não tem utilidade de um tapete gostaria de realizar a devolução,1
câmera com defeito estou tentando entrar em contato para troca ou devolução não consigo,1
recebi o produto corretamente conforme compra,4
produto diferente do anunciado,1
achei difícil de montar por q tem q desmontar pra colocar a lâmpada mais o produto é lindo,4
o produto não foi entregue tento falar com a empresa lannister e targaryene e só da instabilidade de página nem mesmo consigo cancelar minha compra total desrespeito com o cliente,1
o produto chegou quebrado a caixa estava como se tivesse sido aberta diversas vezes,1
denis,5
minha opinião é que a empresa deveria informar todos os rastreamentos uma vez que fiz pedido com unidades sendo que recebi só o primeiro rastreamento que continha unidade entrei em pânico,4
é muito bom comprar com lannister pela pontualidades de vcs,5
lustre bem pequeno nao era o q eu esperava,3
ainda não recebi o produto,1
gostei muito está de parabéns recomendo a lojatop,5
a encomenda estava com a caixa aberta mas o produto chegou em perfeito estado,3
ótimo brinquedo para crianças maiores de três anos meu filho amou,4
recebi parte do pedido somente o whey a creatina não veio mandei email perguntando sobre o ocorrido e ano tive resposta,1
o produto enteque veio errado,1
veio riscada botão quebrado fio descascado e o pior se é uma derretedeira de chocolate para lifar a temperatura tem que ser a partir de c e essa liga a partir de c isso queima não derrete,1
não entregaram os itens comprados,1
chegou super rápido antes do prazo o plástico é um pouco mole mas no geral produto bom e funcional,3
não diria que recebi meu produto fui buscar paguei o frete colocaram uma informação equivocada para justificar a não entrega em minha residência logradouro incorreto e tive que ir aos correios,2
pedido veio incompleto estou aguardando a resposta da minha reclamação e até agora nada,1
vcs poderiam verificar melhor o produto antes de sair pois já demora uns dias e ainda vem errado então verificar melhor a saída do produto,2
gostei recomendo,4
sim muito bom recomendado,5
acredito que o erro foi do vendedor não do stark,1
não recebi o produto,2
o produto chegou antes do prazo porem com defeito liga más não exerce sua funções atribuo supostamente o defeito a má qualidade no embalamento pois caixa chegou bastante amassada,1
ainda não recebi o produto,2
demora na entrega,2
muito bom,5
o produto chegou no prazo e tem boa qualidade o único problema foi nos correios,4
comprei um bebedouro dia e me deram um prazo de até o dia para me entregar hj já são e não me entregaram não comprem nada vendido e entregue pela targaryen mando emails e não respondem,1
não é a primeira vez que tenho problemas de entrega com a loja na próxima vez caso haja concorrência de produtos não optarei pela lojas lannister,1
entrega no prazo gostei,5
nem uma satisfação ou justificativa do porque da demora ainda sem receber o produto já é a terceira vez que tento comprar o mesmo produto e não recebo,2
faltou clareza quanto ao tamanho do papel comprei como tendo x e na verdade tem x o papel é bonito mas em brilho,3
eu comprei o livro educação física e organização curricular este do anúncio da foto e não o que me enviaram eu recebi um livro de nome educação infantil e cooperação quero meu dinheiro de volta,1
a embalagem chegou toda danificada tanto embrulho quanto a caixa do produto,2
cortinas lindas,3
recebi no prazo porém veio outro produto o qual não era o que tinha comprado,1
show,4
muito bom o produto,4
comprei anilhas só chegou,1
com certeza indico já estou fazendo propaganda para as minhas amigas com certeza comprarei mais,3
acheiao olhar a foto q o produto era melhor q pena,2
previsão de entrega da mercadoria em até agora nada e status do pedido dificuldade na entrega produto ainda não chegou ao destino se não receber até terça tomarei providênci,2
o produto atendeu a minha solicitação,5
o produto foi entregue dentro do prazo mas o produto que recebi não foi da cor que pedi como veio preto nem me incomodei em reclamar ia dar muito trabalho acabei ficando,3
gostei muito o produto chegou antes do prazo previsto,5
pedido entregue incompleto,1
falta entre lojas e clientes,1
recomendo,3
recebi o long dias após a compra e chegou em perfeito estado a ilustração é idêntica imagem do site o material é de ótima qualidade e o tamanho é perfeito recomendo,5
boa porém muito transparente,4
missão comprida,4
o tampão da mesa veio com algumas partes lascadas,3
bom vendedor porém foi entregue um produto diferente da compra efetuada,2
gostei da praticidade da loja,4
diferentemente das lojas lannister essa empresa mesmo entregando exatamente no dia estipulado demora na entrega,3
comprei uma arara de roupas e quando eu acompanho o pedido fala q foi entregue dia mas eu ainda não recebi,3
ok,3
recebi item apenas,1
acho que está demorando muito,2
o produto foi entregue bem antes do prazo quanto a qualidade parece boa,5
produto de qualidade veio super bem embalado e chegou super rápido muito antes do prazo,4
comprei um produto e recebi apenas um espero que seja resolvido logo afinal eu paguei por doía não um apenas,2
não gostei do produto,2
o produto foi entregue antes do prazo muito bom o produto recomendo,5
olá boa tarde n veio a boneca serie e sim a serie,1
a entrega foi rápida antes do previsto o único problema é que foram enviadas pilhas no tamanho incorreto deveriam ser pilhas aa e vieram pilhas aaa no geral satisfeito com o produto,4
foi entregue bem antes do prazo muito bom isso,3
muito bom foi entregue antes do prazo previsto adorei o produto,5
top,5
ótimo produto e chegou bem antes do prazo fiquei muito satisfeita,5
produto diferente da foto,1
comprei uma pelúcia do creeper minecraft e a qualidade é de loja de quando se liga para o sac não se consegue falar com ninguém,1
péssimo negócio comprei e até hj não me deram nenhuma satisfação apenas não entregaram o produto absurdo,1
produto entregue no tempo correto porém a embalagem estava danificada e consequentemente o lacre do produto foi aberto,3
perfeito,5
produto muito bom o atraso não foi por culpa do vendedor e sim dos correios,5
qualidade do produto um pouco aquém do que esperava poderiam ter o manual em português ou mesmo mandar por email como algumas lojas,3
não vem com nota fiscal porquê,3
boa,4
ótimo,5
muito bom gostei do prudo e do prazo da loja parabéns,4
empresa confiável,4
foram comprados dois produtos na nota fiscal que veio com a encomenda constam os dois produtos mas na caixa da encomenda só havia um dos produtos adquiridos,1
gostei muito do produto,4
produto embalado e lacrado é original e chegou antes do prazo excelente,5
tudo ok porém ainda não testei o cartucho de tintas,4
cadeira com medidas menores da padrão,3
produto fraco de péssima resistência não vale nada,1
adorei meu kit foi entregue bem antes da data chegou em perfeito estado super recomendo,5
ainda não posso dar avaliação porque comecei agora não deu pra fazer efeito,4
o pedido foi parcelado em vezes mas o cartão baratheon passou em vezes por isso não compraria novamente,5
o produto não foi enviado no prazo,1
chegou antes da data prevista mas a loja deveria zelar mais pela limpeza e cuidado de armazenamento do produto para não enviar com oxidação e ferrugem mas o produto cumpre a missão,3
satisfeito,5
trabalhem para reduzir o prazo de entrega não sei se compraria novamente através do site,2
mercadoria não entregue mercadoria em atraso xxxxxxxxxxxxx,1
essa versão que pelo que vi não funciona não recomendo testei em alguns carros em nenhum tem sincronia com a ecu,3
estou esperando mais de mês para ser entregue o produto e me mandam msg dizendo que não tem mais no estoque como assim achei um absurdo espero recebe meu produto se não eu não compro mais,1
muito bom atendimento e entregue no prazo,4
só recebi um dois itens encomendados,2
muito bom o produto,4
o produto é bom fácil de usar bom para auto defesa,4
super recomendo meu pedido foi entregue muito antes do previsto chegou certo e em perfeito estado,5
o produto não estava de acordo com a foto ilustrativa fiquei desepicionada,2
chegou bem antes do prazo ótimo vendedor,4
fiz um pedido de cortinas iguais e só recebi uma e mais uma de outro modelo q ainda está pra ser entregue e paguei pelas trêsgostaria de saber se ainda vira a que está faltando,2
foi bom tão de parabéns,4
bom,3
ótimo vendedor entregue no antes do prazo muito bom recomendo,4
sem opinião,3
ok,4
pinceis não atendeu minha expectativas,1
achei o prazo bom mas o frete o olho da cara mas caro que o produto,3
um dos pincéis veio duplicado e outro faltando e alguns pincéis estava com as pontas amassadas de forma que não retornará ao formato original,3
as sacolas são menores do que aparentam,4
um pézinho maior que o outros,3
não há como avaliar o produto pois o mesmo ainda não foi entregue em minha residênciagostaria de saber o porquê do atraso é onde está meu produto agora,3
não foi entregue,3
bom,4
a qualidade do produto deixa a desejar muito frágil,3
produto entregue antes do prazo bom custo benefício,4
muito bom chegou antes do prazo,5
paguei por kits e só recebi o que houve,1
lannister a melhor,5
cansei de cobrar não chegou o rastreio do correio diz que não chegou na minha cidade,1
recomendo,4
recebi o produto no prazo de entrega só que o bico de engate veio rachado,3
não funciona,1
o produto chegou certinho porém não veio os parafusos e presilhas para realizar a montagem eu tive que comprar parte para terminar a montagem,3
recomendo sim,4
holá não recebi o produto é nem um telefonema referente ao que comprei,1
chegou tudo ok produto de boa qualidade,5
ta de parabens,5
a entrega foi rapida porem o material do produto nao me agradou,3
boa loja,3
produto veio direitinho bem embalado e chegou antes do prazo estou muito satisfeita,5
produto de excelente qualidade empresa top entrega antes do prazo recomendo,5
insatisfeitapois a capa celular veio amassada e produto muito fragil,2
ainda estou esperando recebi um produto comprei,4
satisfeita com aquisição,4
ainda não recebi minha entrega comprei tv muito antes pela stark e ainda esse produtos que já vai fazer mês não chegou,2
produto original,5
fiquei indignado por que vendeu,4
fiz o pedido a mais de um mês não chegou se quer a nota fiscal eles emitiram não deram uma satisfação péssimo,1
excelente produto muito bonito de boa qualidade gostei muito,4
produto entregue antes do prazo limite de fácil rastreabilidade e embalagens adequadas,4
produto chegou no prazo o problema que veio na frente da capa danificado faltado couro embaixo por sinal falam que couro mas não muito ruim não recomendo essa loja,3
rapaz eu estou precisando do meu kit de tesouras fiu de navalha e não foi entregue ainda é eu estou esperando eu quero saber se a loja vai mandar pra mim pq preciso desse kit pra mim trabalhar,2
comprei o modulo roadstar e madaro outro de outra marca sw digisound,2
comprei toalhas karsten e recebi um jogo de tolhas de pessima qualidade preciso devolver esta mercadoria,1
mas o estojo do relógio está a amassado,3
meu produto veio com defeito não esta funcionando,2
só achei a entrega demorada realizei a compra dia de dezembro,3
gostei do design do produto é bonito porém muito estreito o case um dos meus hds externos não coube na largura o case poderia ser mais largo cm q fosse para servir no geral os hds externos,2
ótimo,5
as malas vieram com rebites todos soltos tive que gastar para arrumar as malas não recomendo,1
minha encomenda ainda não chegou peço que resolvam este problema pois preciso do meu equipamento e se possível enviar outro produto ou fazer a devolução do meu dinheiromas preciso do produto,1
produto e baixa qualidade pelo preço não gostei,2
a única sugestão é enviar junto pés de borracha para encaixarem no mesmo tipo de furo que é utilizado em cima para não riscar o granito,4
recebi na data esperada porem veio na cor rosa e nao na cor azul como tinha comprado,2
qualidade muito ruim não encaixapessimo,2
bem bonitaso não gostei da bainha,4
nao recebi meu pedido e agora o que faço,1
comprei um produto nessa loja e não recebi no status da loja consta que o produto foi entregue,1
gostei do produto sim ótimo parece cabelo natural,3
a capinha não deu certo pro bebe conforto da cosco não recomendo,2
eu recomendaria loja mas o produto nãona foto e mais bonitoe de pecima qualidadecom costuras engrugidase tecido muito fino,1
produto de boa qualidade,5
ao comprar o produto esperava que pelo menos em seu interior o mesmo tivesse um elástico que segurasse o notebook,3
recomendo esta loja entrega direitinho,4
ainda não posso opinar sobre o produto pois não testei ainda,5
descupa ae teve um equívoco recebi sim o produto muito bom o trabalho de vcs agradeço peço descupa qualquer coisa,5
comprei o produto errado não atentei a descrição verifiquei a foto no site novamente e percebi que colocaram a imagem do produto por isso pensei que era o redmi x e não o note x,2
erros acontecem não deixaria de recomendar a loja por isso mas comprei um amplificador de voz branco e gostaria de telo recebido na cor que pedi é possível fazer a troca deste produto,2
a cafeteira é muito bonita de vidro é resistente e fácil de limpar a tampa é de plástico duro coberta por uma pintura metálica seria melhor se fosse de metal mas pelo menos a qualidade é boa,4
produto de qualidade rápida entrega,5
muito bom mas o frete poderia ser mais em conta já que era um produto não volumoso e nem pesado mas de qualquer maneira estou contente em ter recebido a minha mercadoria,4
produto de boa qualidade ótima costura superou minhas expectativas,5
ate hoje ainda não recebi minha mercadoria estou no aguardo,3
recebi o produto antes do prazo combinadoo produto era o que eu esperava,5
excelente loja chegou em incríveis dias após a efetuação da compra loja recomendada a todos,5
super recomendo,5
tentei fazer o cancelamento da compra e o site não permitiu depois consegui mas o débito no cartão de crédito foi efetivado,1
recebi o produto e o mesmo veio dobrado ao meio acredito que para efeito de transporte acontece que o material do produto pvc é muito ruim de modelar e tirar a dobra que ficou,2
recebemos com bastante antecedencia produto otimo infelizmente o correios deixou a caixa cair e teve uma quebra na lateral mas nada que abone o trabalho,4
ótima compra,4
recomendo essa loja,4
nada a reclamar,4
o produto não foi entregue numa primeira tentativa provavelmente por falha dos correios após ter sido devolvido ao vendedor recebi a encomenda em dois dias após a ab araujo ter entrado em contato,5
o produto foi entregue porém a pelicula do celular veio no tamanho incorreto impedindo o uso ou seja usei apenas a capinha paguei total de para usar,3
além de receber o produto errado não consegui efetuar a troca devido a ineficiência do sistema que não oferece ajuda suficiente,1
fiz o teste do produto mais ele nao sendo reconhecido pelo xbox,2
gostei do produto porem fiquei preocupada não chegasse a tempo pois não foi atualizado o status da compra chegou no ultimo dia do prazo,3
o produto chegou antes do prazo exatamente o que pedi os entregadores muito gentis,4
ainda estou aguardando o produto ja tem quase uma mês que fiz a compra,1
compra em previsão de entrega em o que já era um prazo excessivo para uma simples entrega de sp para bh lembrando que o produto era apresentado como disponível e até hoje nada,1
empresa não entrega os produtos na data e não entra em contato com o cliente também não responde a os emails que já enviei para para o shop time péssima,1
recebi parte dos produtos ou seja uma manta na cor palha a cor rosa não chegou até esta data,3
não recebi e não tenho informação sobre oque aconteceu,1
tive que buscar a encomenda na agencia dos correios tive despesas não previstas não entraram em contato por telefone como os outros sistemas de entregas o fazem,2
a entrega foi ótima bem antes do prazo o produto é que é péssimo não sintoniza as estações só tem um botão para várias funções não recomendo,2
boa porém spotify não funciona mostra opção de facebook e não entra é um pouco lenta também,3
razoável achei a manta muito fina,2
recomendo o produto,4
recomendo,4
entrega antes do prazo produto certinhoporém achei a cadeira meio bambamas nada que impacte muito,3
comprei um termostato e não aquecedor,1
muito absurdo insastisfeita com a compra devido a essa situação ter que cancelar o oedido devido o mesmo não estar na unidade a fatura do meu cartão tem vencimento dia espero que vocês res,1
a compra foi bem tranquila o produto chegou antes do prazo as tesouras são otimas super recomendo estou bem feliz obrigada,5
recomendo a todos,5
sempre comprei com vocês e estou tendo muito problemas que antes eu não tinha solicito receber meu produto o quanto antes,1
,4
no momento não recomendo p ninguém estou chateada mais espero receber os produtos ok,2
comprei um produto e veio faltando na entrega,3
depois que a lannister adotou essas forma de venda se tornando uma mercado livre o relacionamento e os produtos raramente chegam corretos tive sorte com esse teclado mas o monitor que comprei nao,2
veio a cor errada,2
bom,3
embalagem muito mal feita assento do banco chegou com as bordas sujas e os pés ficaram com cola grudada da fita que usaram para fixar uns nos outros sem qq proteção a caixa parecia um chocalho,3
não sei pois não recebi o produto,1
sempre compro no site das lannister mais de anos e nunca tive problemas porem essa ultima compra foi frustante o produto estava apresentando uma cor mas veio com a tonalidade bem diferente,2
produto de qualidade e preço excelente,5
produto recebido,4
não recebi o produto como anunciado no site,3
recebi o mp sem o fone de ouvido,2
estou esperando o pedido sei que o correio sempre atrasa,1
gostei da cortina leve toda d voal,4
ainda estou aguardando,1
posso dizer que o produto corresponde ao da fotorecomendo,4
espero que eu receba minha mercadoria,1
boa,3
bandeja não é estável é presa apenas por um único eixo central que gira com um mínimo de esforço elementos de fixação de plástico parafusos e porcas de difícil aperto falta manual mal embalado,1
produto de qualidade,5
ótima loja ótimo vendedor cumpre oque diz,5
paguei um frente caro e despois tive que carregar peso do correio até em casa não gostei,1
não fiquei satisfeito com o produto,1
o produto foi entregue com atraso,2
muito bim,4
estava desistindo da compra por terem alterado a previsão de entrega após o fechamento do pedido porém me ligaram dizendo que já estava a caminho recebi peça do produto sendo que comprei,2
estou esperando aminha mangueira e não chegou ainda já passou do prazo que foiii estipulado pela loja a muito tempo e uma bosta não chegou ainda minha mangueira,1
produto bonito de ótima qualidade,4
entregue antes do prazo produto de qualidade ótima loja,5
não veio nenhum desenho no produto e se for só ilustrativo então que tire ninguém merece comprar algo por um detalhe é quando chegar não ter esse detalhe,2
a mercadoria chegou parcialmente encomendei duas unidades e rebemos até agora apenas uma unidade no status do pedido marca mercadoria entregue tento fazer contato pelos telefones e só cai em gra,2
entrega rápida e produto muito bacana,4
produto bom,3
o produto foi entregue incompleto comprei e foi entregue,2
o produto ainda nao foi entregue,1
boa tarde não recebo todos os produtos falta o bebe conforto e a base dele aguardo posicionamento grato,1
ele veio totalmente errado preciso que vocês respondam meu email sobre devolução,2
parabéns que continue assim entregando antes do prazo e nunca mudem,5
só não entendi porque tive que retirar no correio,3
prazo para entrega muito longo,3
amei o produto super fácil de manusear e a lannister está de parabéns pois chegou bem antes do prazo,4
recebi o copo não recebi o kit pia,2
estou muito satisfeita,5
o produto foi entregue rápido,4
chegou atrasado mas está valendo,4
ate agora o produto não foi entregue,2
ate a presente data não recebi a mercadoria,2
um pequeno atraso na entrega mas valeu,3
quanto ao prazo foi tudo ótimo só não estou satisfeito porque paguei pelo frete para ser entregue em minha residência mas não chegou foi para os correios tive que ir buscálo,2
frete rápido e produto top,5
adoro fazer comprar pelo saite,5
é lindo super fofinho,5
eu até recebi alguns dos produtos porém faltou óleo junto com o kit que comprei,3
todas as vezes que comprei entregou agora que a transportadora era o correio nao entregoudevia ter antes da compra o nome da transportadora,3
o produto chegou rápido no entanto o braço do encosto da cadeira estava instalado ao contrário eu tive que desmontar e recolocar para ajustar o produto de forma correta não havia manual para tal,3
otimo,5
o produto chegou até antes do prazo estipulado,5
pedi a luva oz e me enviaram oz e paguei um frete caro,2
olá estô muito chateado véio errado o produto estô tentando trocar más consigoporque quando eu entro no site completa minha solicitaçãopor favor preciso de uma solução,1
comprei cortinas e só foi entregue uma cortina,2
só não gostei das fragrâncias bem enjoativas e doces,2
comprei um jogo de ps e foi entregue outro totalmente diferente do que eu comprei,2
a informação de que o produto chegou não procede a previsão de que seria entregue dia porém o produto apesar de já ter a nf emitida não foi para a transportadora aguardo retorno,2
efetuei a compra de suas estantes no entanto apesar da rapidez na entrega somente recebi uma delas requeiro pelo presente a entrega do segundo produto,2
comprei um relogio de presente de natal para meu filho e ate agora nao chegou enviei mensagens e na ultima conversa o relogio chegaria ontem porem nao recebi nada,2
não recebi nada ainda,2
o prazo de entrega é muito longo tem lojas que entregam com dias,3
não recebi um dos produtosatendimento pelo sac é péssimo pessoas mal treinadassempre compro pelo site lannister nunca tive problemas mas dessa vez horrívelsem explicações atendentes péssimos,1
a leiteira foi entregue com a tinta vermelha já arranhada e pequeno o pedaço sem tinta quero o cancelamento da compra,3
entregaram cartucho errado pedi cartuchos xl preto hp e entregaram cartucho xl preto e cartucho xl colorido aguardo a troca,1
estou mais que impressionado com a rapidez da entrega só acho que poderia melhorar na embalagem as canetas chegaram soltas dentro da caixa o que pode ser preocupante,4
meu produto veio errado comprei jogo de lençol e veio cobre leito em uma estampa diferente e não gostei,1
estou aguardando,1
o produto entregue é diferente do produto anunciado quero meu dinheiro de vta quero fazer a devolucao do item,2
gostei muito chegou antes do prazo estabelecido,5
capa muito boa atendeu as necessidades o único problema foi a falta de informação sobre o paradeiro da entrega só foi informado que os correios estavam com dificuldade,4
muito bom produto vale a pena,4
o produto tinha a aparência de metal não tinha informações e era boracha,2
o produto atende a necessidade porém a conservação ddeixa a desejar,3
a cor azul da capa é bem esmaecida e na foto era bem viva de resto tudo ok,4
só não gostei da qualidade do pano da cortinha poderia avisar que é plastico e não pano,2
só veio uma capa comprei aí paguei mais de reais por uma capa,1
adoro comprar com vocês continuem assim,4
me surpreendeu porque recebi o produto com antecipação de mais de dez dias do prazo dado para entrega só tenho a agradecer a toda equipe muito obrigado e deus os abençoe,5
foi solicitado na cor tabaco mas veio nas cores tabaco e verde mas tá tranquilo,3
vou testar,4
do produto xl preto foi entregue só unidades e eu adquiri unidades,1
após aguardar mais de mês da data do pagamento o pedido foi cancelado pelo sistema fiz uma reclamação no site e até agora não recebi resposta uma falta de respeito e desonestidade,1
apesar de ter recebido com uma rodinha quebrada recomendo por conta do prazo de entrega que foi menor que o prometido,4
não recebi o produto,1
produto diferente do esperado,2
fiz a compra de quantidades e só me foram entregues,3
paguei o produto é não recebi,1
chegou rápido e produto dentro do esperado,4
o produto chegou bem antes do prazo,5
muito bom parabéns continuem assim,5
muito bom,4
recomendoa quem prcisar de algum produto da loja,4
produto conforme anuncio aguardar quanto aos resultados,4
a maleta veio com arranhões,3
produto de péssima qualidade não recomendaria nem para meu inimigo,1
compramos um kit com produtos tinta colorida e tinta preta para impressora recebemos apenas a tinta preta até o momento,2
a compra realizada ainda não foi entregue estamos aguardando um retorno do vendedor,3
produto entregue antes do prazo superou as espectativas,5
ja solicitei a troca do produto que comprei erradoestou arrependido da compra,3
boa compra,4
bom,3
os correios não sabem onde está o produto é eu não consigo entrar em contato com a loja para ter uma satisfação sobre minha compra,2
um atraso do correio mas de serto,5
chateadaconsta no sistema q o produto veio e voltou vou querer meu dinheiro de volta isso é uma falta de respeito,2
passou do prazo e ainda não recebi o meu produto não recomendo,1
das outras vezes que houve a necessidade de compra para esta empresa o produto mesmo com o prazo longo de entrega recebia bem antes e isso foi mto bom pois deixa o cliente mais satisfeito,3
comprei duas formas para gelo e recebi apenas uma,2
na hora da compra após colocar cartão de crédito e confirmar vai para uma tela escrita em inglês que parece erro segunda vez que ocorre da outra vez pensei que não tinha concluído compra e a fiz,3
entrega rápida produto correto a stark está de parabéns,5
as bolsas são lindas por fora a cor é bem próxima da foto mas por dentro não tem o forro da descrição e o acabamento deixou um pouco a desejar no mais a entrega foi super rápida,3
entregue td ok,4
ótimo,4
não instalei ainda o produto portando não posso fazer a avaliação só a entrega,4
olá boa noite o produto veio como o encomendado porém não veio um certificado de garantia e muito menos o manual de instruções como já vi na caixa em vídeos deste modelo de relogio,3
eu amei o meu produto,4
recebi apenas um dos meus pedidos até agora o lençol pink mas nada dos outros dois,3
muito bom,4
os produtos chegaram intactos bem embaladosforam os que eu pedi estou dando três estrelas pelo prazo que não foi cumprido,3
prazo muito longo pra receber,3
solicitei a devolução e recebi um prazo para obter a reposta do cliente o cliente simplesmente não respondeu fiz o pedido de devolução dentro do prazo de dias conforme o codigo do consumidor,1
recomendo,2
o produto foi entregue antes do prazo ótima compra,5
apresentaram um produto que não tinham no estoque,1
sempre comprei na baratheon e trabalho divulgando os produtos pela lomadee bom todos os produtos que comprei na baratheon que foram entregues por uma transportadora sempre recebi correios péssimo,4
bomporém achei mto pequeno,4
sempre compro com vcsagora vou comprar um celularquero j gran prime qual o valor vc tem um preço bom p mim se poder mande p min q tenho muito enterese em adquire este produto obrigado pela a,4
fiz uma compra na mesma de cortinas recebi uma não consigo entrar em contato pra resolver o problema mas ainda aguardo um retorno pra solucionar meu problema quem sabe né,1
a cor vem um pouco diferente da imagem mais escuro não é antiderrapante prevê ser meio fraco ainda assim é lindo,4
até hoje não recebi meu produto vou fazer uma reclamação no procon e procurar meus direitos,1
comprei o espeto flex e o estinho flex o espeto flex giratório não chegou ainda,2
o produto estava marcado para dia e até agora não recebi,3
estou aguardandoespero que entreguempois o período das festas acabaramsou otimistanunca tive problemas com essa lojatudo que comprei foi entreguemas nunca havia adquirido produtos no final do an,2
o produto não foi entregue totalmente cobraram embalagens e só entregaram duas valor cobrado no cartão x,2
entrega em tempo hábil recomendo,5
de toners comprados somente um foi entregue,2
comprei colchas e só recebi recebi a primeira em entrei em contato no mesmo dia e a loja informou que a segunda já estaria a caminho também hoje é dia e nada de colcha,2
produto perfeito a única reclamação foram as baterias que vieram gastas fazendo com que o ganhador do presente não pudesse ver todas o som e luz do brinquedo frustrante,3
com o péssimo serviço de entrega nas compras através da internet vou cancelar todas as compras não estou satisfeito com o atendimento na entrega dos produtos comprados peço providências,1
lindo amei,5
porém a caixa veio toda amassada e o pior é que o produto não veio de acordo com o anúncio estou esperando para fazer a troca,2
adorei agora só aprender a usálo,5
recebi o produto e recebi o esperado,5
so demorou um pouco mais valeu,3
não é a primeira vez de atraso na entrega quando consegue falar a atendente ainda pede um prazo de dois dias fora o atraso infelizmente as mudanças de entrega dos parceiros não está sendo pratica,1
embalagem veio aberta produto encardida faltando cabo de força,1
me foi entregue o modelo errado e não e original solicitei a devolução,1
o produto não é igual ao mostrado na imagem anunciada estou esperando o tablet chegar caso não caiba direitinho na capa vou devolvêla,3
produto de qualidade,3
bom,4
mto bom e entregue antes do prazo,5
muito boa esta não tive problema nenhum recomendo sim,5
,5
produto chegou corretamente,5
ótima compra chegou muito antes do prazo grata,5
o produto tem aroma adicionado precisava do oleo puro mas recebido tudo ok,3
ótima compra mas o frete nao compensapesa no orçamento devia ter frete grates,3
como as outras compras a entrega dentro do prazo e produto correto estou muito satisfeito,5
excelente atendimento recomendo e indico,5
muito bom a entrega e o produto,5
tudo certo bom produto chegou rápido,5
como não recebi o produto não tem como avaliar,2
recebi no dia apenas o relógio a luminária não,3
entrega rapida produto correto,5
obrigada amei chego antes d prazo,4
a loja poderia especificar que a entrega seria feita pelos correios e nao pela própria loja pois o frete esta caro e o tempo de entrega é longa,3
o produto é lindo porém é de péssima qualidade os acabamentos são grosseiros os parafusos para encaixe tem defeitos e não encaixam corretamente enfim é bonito mas péssimo em acabamento e montagem,2
produto com data de validade muito proxima sem ser informado na hora da venda,1
ótimo site e loja produto entegue rapido e com qualidade ótima,5
sem pontualidade não da satisfação ao cliente,1
ainda não recebi o meu produto quando receber posso recomendar a loja para todos,3
comprei duas peças só recebi uma tudo bem que é de empresas diferentes mas acho complicado pois são peças para finalizar o enxoval de uma noiva,3
ainda não irei avaliar pois estou aguardando a entrega de todos os pedidos após receber eu faço uma nova avaliação,3
quando vi a pantufa que escolhi fiquei mega satisfeita super linda e bem feita amei,5
amei chegou antes do prazo,5
as entregas das compras feitas juntas deveriam acontecer juntas,4
não tenho como opinar pois o produto ainda não chegou já se passaram dois dias do prazo de entrega,1
entrega e produto ok recomendo,5
a caixa veio bem amassada parecia um produto usado um dos dvds chegou com a caixa quebrada a borda os outros vieram lacrados mas tinha um brinde,2
ótimo bebedouro leve a água do animal não fica exposto conserva temperatura agradável não molha o pelo do animal,4
chegou até antes do prazo,5
não recebi a colcha vinho reclamei mas não deu em nada não recomendo quero a colcha ou o meu dinheiro de volta,1
muito ruim atendimento somente eletronico vc é obrigado a esperar pele boa vontade da loja para entrar em contato,2
segunda vez que compro com esta empresa e me encontro satisfeito com atendimento e entrega antes do prazo mencionado,5
entrega rápida e o produto dentro do esperado recomendo,4
foi excelente entregou o produto antes do prazo determinado,5
não usei o produto não mas parece bom,2
não entregaram o produto que comprei entregaram outro de outro modelo o que não me serve,2
bom,4
gostei muito das toalhas são bonitas e macias,4
o produto veio em mal estado de limpeza parecia já ter sido usado o espelho riscado,1
cortina que dá um toque de requinte para qualquer sala só achei um pouco fina demais porém ficou linda na minha sala,3
ótimo produto entrega muito antes do prazo super recomendo a loja,5
passou do prazo de e trega,3
nunca tive problema comba política de entrega das lojas lannister porém tem reparado que o frete tem ficado cada vez mais caro e os prazos mais extensos,2
o cesto é lindo e decorativo mas esperava que fosse um pouco mais largo ele é fino nao cabe muita coisa quando comprei procurei as medidas mas nao encontrei mesmo assim recomendo porque é lin,3
não foi entrega total da mercadoria só entregaram kit sendo que na nota fiscal foi faturado kits,3
super recomento meu produto chegou no dia seguinte da comprar super bem embalado parabéns,5
a loja em si é boa porém eu pedi um colar e veio um outro totalmente diferente,3
a pintura da moldura chegou descascada,2
comprei o tapete para presente e infelizmente veio menor do que o anunciado,2
produto veio com o canto de plastico danificadoquebradoplug do cabo usb porem nao afetou o funcionamento,1
como posso avaliar se não recebi o produto,2
produto não entregue ainda aguardando porém já desapontado com o serviço de entrega,1
não recebi o produto ainda,2
o produto é bom mas não deu certo com o espaço que desejo iluminar,3
o produto não foi entregue na data prevista e o vendedor não me informou os motivos da demora para a entrega,2
a entrega está demorada dias comprei produtos e mandaram separado só recebi deles até agora não consigo saber quando irei e se irei receber meu whey pq os correios já deram baixa no código,2
bom diano momento recebi somente a capa de lugares,3
produto chegou no ultimo dia do prazo ou seja exatamente a data que foi estipulado a entrega produto chegou bem embalado muito bom e resistente recomendo a loja e o produto,4
gostei do produtomas não é original mas quebra um galho recomendo,3
produto como na foto mas veio com a bateria esgotada logo tive que levar para trocar e quando levei na joalheria o joalheiro me informou que o produto era falso então não sei,3
tudo foi entregue em perfeito estado antes do prazo de entrega,5
boa entrega mas chegou um pouco fora do prazo,4
não recebi o produto até o momento e nenhum contato avisando o motivo,2
o produto nao tem boa qualidade,3
produto veio correto e entregaram no dia após a compra mesmo com a previsão de dias,5
produto muito bom empresa séria cumpre o que diz,5
parece ser problemas do correio continuo aguardando o produto,3
entrega super rápida,5
produto de qualidade entrega muito demorada,3
o produto chegou,4
muito bom,4
demorou um pouquinho mas chegou certinho,4
até o momento não recebi e já estou pagando,1
excelente,5
não gostei das cortinas e algumas veio com pequenos furos,2
fiz a compra de unidades do produto porém apenas foi entregue a empresa indicou que fez da entrega ainda aguardo o recebimento,1
,3
muito boa,4
vcs me enviaram email avisando que chegou mas não chegou meu prédio tem portaria h e poderia ter recebido se alguém tivesse ido aguardo,1
o produto nãocondiz com a imagem e a descrição deixando muito a desejar vale a pena concerteza não,3
bom,4
faltou um produto não recebi o jogo de chaves e o alicate é pequeno,1
entregou dentro do prazo e o produto correspondeu as minhas expectativas muito lindo ficou ótimo na minha sala rs,3
nunca mais lannister um engodo vou divulgar esta enganação para todos incluindo proteste,1
estou muito chateado pois comprei um tapete e nao recebi estou tentando resolver a questão de forma,1
comprei o produto anunciado e me entregaram outro aguardando correção por parte da loja,2
produto conforme pedido mas fora do prazo foi comprado dia produtos foram comprados todos pelo site das lannister o cartão tinha que ser passado uma única vez foram bloqueou,3
comprei unidades e só veio,1
já paguei e ainda não recebo o perfume não enviaram nem a nota fiscal gostaria de saber quando vão ser entregue aguardo obrigada,1
amei meu produto super recomendo,5
muito bom os produtos e foi entregs bem antes do prazo,5
compra fácil segura e rápida,5
demorou não gostei,2
indico produtos bons atendimento e entrega excelentes,5
recomendo esta loja mas por conta dos correios houve atraso na entrega,4
não fui comunicado do motivo da demora da entrega nem fui informado se irei receber o produto,1
produto de ótima qualidade super recomendariasuper satisfeita,5
recebi no prazo e conforme anuncio,4
não fui informado que os produtos seriam entregues separadosquando tentei contato pelo telefone de atendimento ao cliente das lannister achei péssimo o contato com a loja foi rápido e eficiente,3
entrega recebida em menos de uma semana,5
gostei muito satisfeito,5
compramos tres unidades e foram entregues apenas duas unidades aguardo solução do problema,1
ameii veio bem certinho melhor do que esperávamos unica coisa que a caixa veio destruída e tive que retirar no correio só precisa melhorar a qualidade da embalagem,4
produto entregue em perfeito estado dentro do prazo estipulado tudo ok grata,3
recebemos apenas pç,1
produto entregue em mãoslindo e originaldesagradou o fato de cobrar taxa de entrega rápida dias e não cumprir com o combinadoquero reembolso da taxa extranão se vende o que não têm,3
o relógio chegou sem funcionar e não é original oakley,3
as peças vieram conforme solicitado porem as medidas não vieram conforme o pedido,3
produto muito abaixo da expectativa e veio com o lacre aberto não gostei e já solicitei a devolução do produto,1
nem o targaryen e nem o intermediário stark me responderam ou deram qualquer satisfação pelo produto que paguei a vista prazo de entrega produto foi pago quase mês atrás,1
produto não foi entregue rastreei e dizia como produto perdido entrei em contato com a loja fornecedora que me falou que estava tudo ok sendo assim cancelei meu pedido e aguardo meu dinheiro,2
ainda não recebi o produto como vou avaliar ainda estou aguardando a entrega do produto,1
bom,4
se a loja é mesma pq só entregou um item faltando os outros itens e nem informao mmotivo descaso com o cliente péssima imagem deixando muito a desejar,2
comprei uma esmerilhadeira v e me mandaram uma v não tive retorno até o momento,1
não gostei da falta de comunicação via email da lannister nem das informações nos rastreamento da transportadora não batem já fiz meu pedido de ressarcimento por telefone esperando,1
embora no final informou um prazo muito longo para entrega a mercadoria foi entregue no prazo,4
comprei dois itens no mesmo pedido um chegou em dias muito rápido o outro demorou dias,2
demorou n veio a cor q escolhi e comprei um sofá caro e já faz mas se mês e nada de entregar muito insatisfeita e fiz o cartão pelo site no nome de meu marido cyro dias braga entao fiz polishop,2
banquinho de ótima qualidade adorei,5
recebi parte da minha encomenda apenas é uma pena porque o produto é ótimo e veio no prazo não entendi porque não veio completo,3
loja boa mas tem muito problema com prazos e acaba deixando a desejar,2
produto chegou antes prazo preço acessível para um produto de excelente qualidade,4
o produto chegou antes do prazo o que posso dizer e que as lannister e uma loja que se preocupa com o seu consumidor e quando eu precisar compra novamente irei comprar so nas lannister obrigado,5
agradeço mas acho que demorou um pouco pra chegar pois levou mais de días mas mesmo assim agradeço,3
entrega no prazo,5
bom,3
gosto de comprar sempre aívez em quando os preços são salgados kkk,2
serviço executado com sucesso excelente,5
superou minhas espectativas muito bom produto,5
o relógio é muito bom mas a pulseira não é tão boa,4
sou cliente prime é mesmo assim me cobraram o frete,3
o produto atende as expectativas,5
ainda em fase experimental porém já sinto efeitos dele não ando mais cansado,4
só achei que o produto não superou minhas expectativas como a foto do site ursinho veio amassado poderiam ter caprichado na embalagem para não deformar o produto,3
produto de ótima qualidade e fácil instalação entrega super rápida tudo certinho,4
comprei produtos só chegou eu acho que deveria dar como entregue quando chegar os dois certo o suplemento dhea ml chegou mais a creatina black skull g ainda não chegou,3
não aceito esse valores de frete alto,4
porém faltou uma embalagem descente vieram jogadas dentro da caixa de papelão,3
até o momento não recebi a encomenda iria dá de presente e o aniversário foi ontem muito chateada,1
muito satisfeito,5
espero que o produto chegue em breve permaneço no aguardo,3
pedi um cesto marfim e recebi um verde,2
não recebi meu produto o prazo máximo de entrega foi dia realizei a compra no dia e até o momento não recebi nenhum posicionamento por parte da empresa descaso total indignada,1
muito bom,5
produto veio certinho e no prazo,5
muito bom,4
recebi o produto ontem como se trata de um ventilador de teto comercial e pelo alto preço imaginei que no mínimo as hélices eram de açomas não são de plástico,2
gostei muito,5
produto correto é uma graça pequeno veio com capa e bem embalado,4
ok,3
eu não estou muito satisfeito com o meu produto pois pela pouca quantia de ilustrações eu pensei que era um produto diferente e quando o recebi não éra o quê eu esperava coloquem mais ilustrações,3
a entrega foi rápidamas o produto foi mal embalado e o pote chegou estouradotive que usar metade do pote que conseguisalvar colocando emoutropote,2
muito bom a compra,3
o produto anunciado nao era exatamente o que eu recebino anunciado o esfigmomanometro viria com a escrita tycos e nao veio,3
não fiquei muito satisfeito pois demorou muito,1
carregador diferente do que está na foto e é paralelo,2
meu bebê ainda não nasceu mas o produto parece muito bom vem com um manual de como amarrar deixando bem fácil entendimento,4
produtos de ótima qualidade,3
recebi exatamente o que esperava as demais encomendas de outros vendedores atrasaram mas esta chegou no prazo,4
valeu,5
adorei o relogio muito bem embalado,5
muito bom,5
eu recebi só um produto e eu pedi,2
realizei uma compra na loja toca dos peixes porém me enviaram o produto diferente muito insatisfeita as lojas parceiras da lannister espero o mais breve o código para devolução do produto,1
recomendo mas frete é caro,4
fiquei triste por n ter me atendido,2
sem problemastudo certo,4
entrega rápida,4
comprei unidades do produto e só recebi,1
a embalagem estava correta mais quando abrir o produto estava aberto,3
produto entregue sem problemas,5
cumpriu e respeitou o consumidor,5
o produto veio com a tabua quebrada,4
nao gostei do boneco achei que era original mal pintado e tudo borrado pessima qualidade,1
demora no prazo da entrega pra um frete tão caro várias lojas e várias taxas de transporte,3
produto uma porcaria pequeno de mais e algumas peças não fixa uma na outra,1
o produto atende as maiorias das configurações originais sendo que a função memória não funciona como deveria,4
foi feita a compra de dois produtos mas só o primeiro chegou na mesma semana,4
o produto demorou muito para ser entregue so esse detalhe,3
não recebeu o produto hp,4
controle bom mas demora muito a entrega poderiam entregar em menos dias ou dentro do prazo,4
o produto chegou muito rápido bem antes do prazo estipulado pelo fornecedor adorei,5
produto chegou bem rápido porém quando conecta na tomada ele acende a luz porém quando conecta alguma coisa no adaptador a luz enfraquece e o aparelho não funciona,2
no anuncio era percal mas não é percal tem poliester sou alergica a poliester por isso comprei só nao devolvi porque irei usar no quarto do meu filho o produto é bonito,3
a única coisa chata é que eles cobram frete e não entregam tive que retirar nos correios,3
óculos lindo chegou em perfeito estado mas não foi entregue dentro do prazo,2
satisfeita com o produto e a entrega,4
produto entregue dentro do prazo e sem problemas a qualidade do produto não é boa as camadas de espuma eva foram coladas desalinhadas com a concha externa de abs havendo sobra na parte frontal,3
amei,5
foi entregue no prazo mas ainda assim achei que demorou demais,3
foi anunciado um kit com doze pinceis de maquiagem no entanto recebi apenas um kit com ou seja veio incompleto apesar de reclamar até agora não tive uma resposta quanto a isso,1
muitas rebarbas na hélice do produto risco de corte acidente ao manusear se soubesse não teria feito a aquisição,2
chegou nos conformes,4
a película ficou com ar nas bordas acho que é para as bordas do zenfone são arredondadasmas mesmo assim valeu a pé a,4
numero correti da casa é,3
não recebi o produto ainda no aguardo,1
ótimo produtos,4
a capinha é um pouco diferente da foto ela é toda de bolinhas não tem a parte preta como aparece na foto,3
a garrafa foi entregue só falta o fone bluetooth,2
a parte da capa onde fica os botões de volume e ligadesliga acionam mais de um botão ao mesmo tempo,3
recebi o relógio cronometro mas não recebi a argola olímpica,2
bom diaainda não recebi o carrinho ate a data presente estou no aguardo,2
produto atendeu as expectativas comprei para a minha namorada ela gostou muito,4
produto de baixa qualidade x preco x descrição do produto,2
comprei produtos e só recebi um não recebi nenhum contato da empresa para falar sobre a falta dos outros produtos se vou receber ou não,3
muita demora para a entrega fora do prazo que foi discriminado no ato da compra fui rastrear o pedido e consta como entregue as do dia não recebi nada até o momento end hor comercial,1
entrega rápida e produto muito bom,4
estou muito descontente sempre comprei com vocês antes não tinha problema com a entrega desta vez além de não entregarem eu nem sei o que aconteceu não tem nenhuma informação no rastreamento,1
muito bom,5
entrega dentro do prazo,4
compramos uma torneira para o banheiro torneira cascata e é uma peça muito delicada de vidro ela veio com um trincado no círculo fiquei muito chateado pois não é uma peça cara c defeito,1
entrega não efetuada na residencia mais foi cobrado o valor de frete assim sendo ais correto não cobrar o envio seria mais coerente,3
gostei do produtogostei doprazo de entregamuito bom,5
produto entregue totalmente diferente do comprado,2
o canudo do borrifador do perfume individuel da mont blanc não alcança o final do frasco os dois que comprei vieram com este defeito,3
a entrega apesar de estar dentro do prazo demorou muito pra quem está acostumado com a agilidade da lannister esse parceiro deixou a desejar e olha que estão na mesma cidade que eu,2
entrega dentro do prazo mas ainda tenho um pedido na shoptaime e até agora não recebi,3
estou esperando meu pedido e já passou do prazo de entrega,2
aguardando receber,3
acho que deveriam mudar o modo de entrega pois os correios deixam muito a desejar vieram uma única vez entregar meu produto e foi um domingo tarde e mandaram de volta pro remetente o produto,2
pelo preço vale a pena,3
superou as expectativas,1
o fone chegou em perfeito estado e muito rápido,5
tive muita dor de cabeça com minha comprademorou mas foi resolvidosó pra constartive problemas com o site e não com a loja do produtopelo menos com essa loja nãoa mercadoria chegou no prazo,3
a bolsa e muito bonita por fora mas dentro não tem forro e é bem fragil,3
produto regular mas as estampas sao lindas,2
produto bom entrega rápida,4
ainda não utilizei o produto mas em chegou em tempo em condições aequadas de embalagem,4
não quero o produto não serviu pra minha sala,2
gostaria de saber quando chegará meu produto pois já se passou a data prevista para entrega gostaria de uma resposta estou aguardando,1
veio com alguns defeitos em alguns lugares está descolando,3
recebi o produto até dentro do prazo mas foi um desperdício de dinheiro material super fraco luz interna péssima quase não dá pra ver as horas não condiz em nada com o anunciado,1
muito satisfeito,5
passado o prazo para recebimento contratado ainda não recebi meu produto sei que estamos passando por uma greve dos correios mas outras compras chegaram com atraso e esta não chegou,3
o produto era pra ter cegado até dia e não chegou,1
entrega muito demorada apesar de não me atentar a isso quando fiz a compra o prazo era de dias e mesmo assim ainda atrasou uma semana a intenção era presentear minha filha no dia não,3
entrega no prazo certo,4
muito rápido a entrega,5
arranhador veio com lascas na base por conta de embalagem inadequada sugerese que os próximos sejam enviados em caixa não apenas embalados em papel,3
produto maravilhoso lojas lannister nota,5
recebi o produto dentro do prazo mas solicitei o reeembolso e vou fazer a devolução pois o produto nao confere com o mostrado no site não tem o nome do mickey dentro e a xícara esta mal pintada,2
sem comentarios ja disse o q penso em email anterior só coloquei uma estrela p poder responder a enquete p mim daria menos estrelas,1
boa noite ainda não recebi meu produto,4
o relogio em si é bom mas esperava q tivesse os ponteiros no fundo em vez de um adesivo mas ta bom,3
efetuei a compra de condicionador aussie moist shampoo aussie moist os minutos de tratamento aussie strong me enviaram o tratamento aussie moist sem saber a minha opinião,2
achei que a qualidade fosse melhor,3
ok,5
rápida entrega porem colocaram só meu primeiro nome foi difícil fazer a retirada no correio,5
ameialém de ser linda super confortável minha princesinha até dormiu na minha vez q sentou nelae super recomendosobre a entrega chegou dentro do prazo por enquanto tudo ok,4
gostei do produto,4
produto ainda não foi entregue,1
as peneiras vieram quebradas estou tentando contato com vcs e não consigo como faço a troca,1
com esse produto tudo certo,4
opções de entrega deficiente com certeza prefiriria uma transportadora do que os correios,3
produto otimo,5
produto recebido porem não gostei do sabor e testura do mesmo,3
não recebi o produto correto,3
recebi o produto mas quase um mês depois talvez seja pelo atraso dos correios,3
recebi aparelho na cor errada solicitei preto recebi bco mas tudo bem sem problema aparelho e bonito,3
recebi o produto errado e já faz dois dias que tento falar com o fornecedor e não tenho retorno nem mesmo das lojas lannister,1
comprei o produto em e até hoje ainda não recebi,2
comprei dois produtos chegou um somente,1
prometeu entregar até ago e hoje de ago não recebi,3
deveria ser avisada no ato da compra que não receberia o produto em minha residência,1
pedido cancelado mesmo antes do despacho irei trocar por outro produto,3
esperava que eles cumprisse o prazo da entrega,1
fiz a compra de dois produtos um foi entregue imediatamente mas o outro demorou demais a compra foi entregue separado com duas datas de entrega não gostei,2
muito bom,4
meu produto nao foi entregue produto se quer chegou na minha residencia,2
estou muito insatisfeita pois solicitei o cancelamento no dia seguinte compra e de acordo com a lannister após h eu teria o retorno da solicitação até hoje nenhuma posição,1
o produto pedido foi entregue pela metade faltou a trava chegou só o porteiro eletrônico,1
ainda estou aguardando a entrega,2
gostei muito,4
entrega rapida otimo fornecedor,4
ainda não posso dizer se o produto é bom estou usando a três dias mas ainda não vi grandes resultados o cheiro parece que melhorou um pouco vamos ver se em uma semana melhora mais,3
não recebi o produto,1
comprei o produto e até agora não me entregaram nem me deram qualquer tipo de satisfação,1
chegou antes do prazoadorei,5
exagerada a espera pra receber no produto,2
com o alinhamento eficaz o resultado é rapidez em sua obra,4
somente recebi o duto flexível,3
na discrição do produto aparecia tamanho oficial as quando recebi o xadrez era em tamanho menor não se aproximou do tamanho real de um jogo de xadrez oficial,3
eu gostei muito mas esperava mais do material achei fraquinha,3
na imagem o produto parecia maior a qualidade e péssima ja tem arranhões e não gostei em nada estou devolvendo,2
bom,5
não recebi o produto até agora é não falaram nada como vai ficar quando vou ter o dinheiro de volta ou o reenvio do produto porque tem quase dias da compra e continuo sem saber não recomendo,1
eu ainda não recebi o produto para avaliviar a nota,3
produto de otima qualidade e o melhor chegou muito antes do prazo satisfeitissima,5
produto muito bom e di alta qualidade recomendo,4
gostei do produto mas ele fica casando muita água e tá tive outros e ficava casando,2
tudo certo com a loja mas mês esperando os correios entregarem,1
o produto chego antes do prazo e muito fácil de usar agora aguardo por efeito muito obrigada,4
produto entregue ok,4
ok,2
tive que buscar o produto em irajá pois não tinha a aprovação de chegar até o meu enderêço,1
demorou muito a entrega o site fala que são dias a entrega mas depois que vc compra mudou a data pra semanas não comprei no aliexpress q era a metade do preço pq tinha pressa,3
utilizei a chapa é quando fui higienizar no caso sem água somente com papel toalha começou a soltar tinta no mínimo ao aquecer ela deve ter soltado nas carnes que assai produto de péssima qualidade,1
ótimo produtomas cordas de baixo custorecomendo para iniciantes,4
obrigada,5
bom dia o relógio encaminhado foi semelhante mas o visor do solicitado tinha luminosidade diferente,2
o produto estava previsto para chegar dia até hj ainda n recebi nada estou precisando urgente,1
não funciona a tecla do netflix não recomendo,2
entrega muito antes do prazo perfeito comprarei mais,5
chegou antes do prazo,4
comprei achando que o cartucho era original da canon veio cartucho recarregável e não original o anúncio deveria ser mais claro,2
tudo bem e antes do prazo achei o robô maior do que eu imaginava mas a entrega foi ótima,5
tem sido muito bom comprar nas loja lannister tenho recebido antes do prazo de maneira muito eficiente,5
compramos dois cabos vga porém chegou penas um sendo que na nota fiscal também constam duas unidades solicitamos que a situação seja resolvida o quanto antes,3
demorou muito para o produto ser postado para entrega e depois demorou ainda mais pra chegar,3
faltaram os cabos e o manual,3
boa panela,4
o material do produto é de qualidade inferior ao esperado,2
entregue antes do prazo sempre compro no baratheon recomendo parabéns,5
o tamanho do produto é muito pequeno e não havia especificação das medidas o que me fez crer que seria do tamanho padrão,3
entregue dentro do prazo direitinho só acho que está com defeito pq coloquei p carregar uma noite ineira e não funcionou queria saber como trocar,4
cabo de energia veio cm defeito,2
tudo dentro do previsto,4
beleza não tenho o que reclamar da lojatudo que comprei até agora deu certorecomendo para qualquer pessoa que queira comprar,5
recebi o produto errado gostaria de devolver e quero meu dinheiro de volta,1
recomendo o produto mas tenho uma reclamação a fazer refente a loja que me enviou os produtos pois me mandaram o shampoo e as ampolas com data de vencimento muito próxima vencendo já em,2
satisfeita com produto e entrega agradeço e recomendo,5
o led do produto não acende,4
os panos são lindos e o tecido de qualidade a entrega foi no prazo recomendo nota dez,5
quero meu dinheiro paguei e não recebi meu dinheiro hoje vou fazer moletin de ocorrência não fizerao nem nota fiz passarão a mão no meu dio targaryen cuidado gente vcs vão se arrepender lixoooo,1
bom a resma chegou muitobem embalada dentro do prazo e afora vamos testar para verificar a qualidade do papel,4
chegou no prazotudo certo,5
fatisfeito com o produto é a entrega,4
pedi a fechadura com chave tetra e recebichave simples,1
obrigado estou super grato,4
o produto foi entregue errado não recebi o produto que comprei,1
recebi o produto recomendo a loja,5
o produto depois de muito tempo da compra fui informado que não tinha disponível cancelei a compra e estou aguardando o estorno do valor no meu cartão de crédito,3
boa,3
primeira vez que comprei nas lannister não gostei demorou muito pra entregar o produto já estava desistindo,1
comprei dois perfumes o tommy hilfiger recebi caixa lacrada parece ok mas o perfume da gabriela sabatini a caixa está sem lacre e tem etiqueta auto adesiva fundo do frasco lado externo será falso,1
vendedor ágil e prestativo porém entrega dos correios uma m demorou quase mês pra vir de sp até o rs uma vergonha,5
ótima loja,3
não recebi o produto entrei com o pedido de cancelamento e estorno do valor pago aguardo o andamento da solicitação,1
não vou recomendar a loja porque eu comprei dois produtos e só recibi um entrei no site e o outro vcs cancelaram,1
estou muito satisfeito com a compra produto de excelente qualidade chegou antes do prazo podem comprar com tranquilidade parabéns lojas lannister pela competência agilidade honestidade,5
satisfeito com o produto,4
demora entrega,3
recebi o produto na data programada é fácil de montar e muito prático para pendurar roupas e sapatos só que aguenta uma quantidade pequena de roupas,4
produto de ótima qualidade e chegou bem antes do prazo,5
ótimo,5
ainda não recebi o produto estou preocupada,1
foi comprado para meu cunhado utilizalo no diaadia conheço a marca alcatel e acho que este aparelho será o ideal,4
muito bom,5
o produto não tem lá uma qualidade incrível mas mesmo assim esta bom,4
comprei um cartucho novo original da hp e qdo chegou aqui o produto era remanufaturado,1
ótimos produtos chegou bem antes do esperado loja atenciosa mandou emails a cada passo do produto super recomendo,4
satisfação garantida,5
o produto não foi enviado porque eu errei ao digitar o número da minha casa,3
precisava de um fogão para uma data especifica e a loja cancelou a venda sem me informar o pior é que constou como eu havia cancelado,1
gostaria de saber onde é a garantia pois o mesmo já possui arranhões,3
excelente atendimento,5
a alça da bolsa arrebentou no segundo dia de uso simplesmente se desfez minha filha ficou atrasada,1
foi entregue antes da data prevista e sem danos,4
não tinha as medidas da mochila no site acabei comprando uma pequena demais sugiro colocar as medidas estampadas,2
é bonito mas o material é bem frágil não recomendo,2
recebi uma ligação do vendedor falando que o produto estava em falta e que devia cancelar a compra mas não estou conseguindo cancelar,1
boa,3
entrega antes do prazo,5
gostei muito do kit agora é experimentar,4
produto totalmente fora das medidas do aparelho a capa tampa quase todo o leitor de digitais e a película é tão pequena que nem consigo deixar no aparelho,1
produto bom porém o que veio para mim não condiz com a foto do anúncio,3
nota a entrega foi rápida e o produto gostei,4
achei o material do tapete muito fino e frágil espero que resista ao uso normal,3
comprei a mochila da patrulha canina e veio a mochila da frozen estou tentanto trocar o pedido no site e dar erro de conexão,2
chegou antes do prazo previsto bem embalado bem lacrado tudo correto recomendo,5
comprei um produto recebi outro completamente diferente ja abri uma reclamação estou aguardando retorno,2
não chegou ainda,3
produto retirado nos correios,3
nao tinha o produto e ja respondi o questionario ficaram de devolver o valor,2
eu sempre compro no baratheon e sempre me entregam bem rápidosó acho que teria que tomar mas cuidado com as transportadoras porquê comprei um produto e veio todo manchadomas vieram fazer a troca fica,4
otimo,3
muito bom amei a omeleteira antiaderente,5
quero trocar e nao estou conseguindo a cinco dias,1
comprei o produto na cor branca que era inclusive mais cara porém recebi o produto na cor preta,2
não recebi o produto na data prevista e nem consigo rastrear,2
,2
o produto foi embalado apenas com papel pardo sobre a embalagem e enviado pelos correios lógico a embalagem chegou amassada e só deus sabe se o produto está funcionando ou não ainda não testei,2
produto de acordo com a descrição,5
foi entregue somente parte do pedido sendo que os produtos eram da mesma loja,2
não compro mais dessa parceira do baratheon fazer dias que comprei nem a nota fiscal foi emitida ainda,1
bom,4
o produto só foi entregue bem fora do prazo,1
comprei um controle de ar de condicionado consul e recebi um controle remoto de televisão,1
adorei o canguru conforme descrição únicos problema é que se for mais gordinho não serve foi por pouco kkk e não tem nenhum manual ou folheto de instrução do resto tudo ok bom material,4
produto deve ter extraviado,1
bom,4
comprei travesseiros foi entregue apenas tive que entrar em contato com a empresa para receber o segundo item do meu pedido,2
comprei o produto no fim de novembro e o prazo de entrega já passou,2
produto compatível com seu valor muito bonito e barato simples mas um bom custo benefício,3
quero saber o que aconteceu que meu produto não foi entregue até hj,3
otimo,5
muita demora na entrega do produto não compraria novamente,2
ótimo produto valeu a pena,4
super recomendo esse vendedor muito obrigada pela atenção dispensada,5
produto entregue antes do prazo porém encomendei uma estampa e foi enviada outra,3
ainda não chegou,1
informado que o produto chegaria até dia sendo que foi comprado no início de abril já é dia e nada do meu produto chegar,2
recebi o produto porém veio amassado,3
aguardo contato de vocês acerca do produto que ainda não foi entregue,1
sempre que compro com vocês não tenho problemas nenhum pelo contrário recebi a mercadoria até antes do prazo,4
chegou no prazo sem problemasrecomendo,4
comprei relogios yokai de natal pros meus filhos e veio apenas,1
mandei email com reclamação de que meu produto estava com a etiquetacódigo na parte interior muito danificada aparentando que o produto já foi usado por muitogostaria de explicação pq comprei novo,3
estou esperando me entregarem a outra parte da encomenda visto que so recebi uma parte,1
falta de compromisso com o cliente o meu produto nunca chegou apesar das minhas reclamações,1
o material não é tão bom os detalhes são grosseiros a pulseira não permite regulagem adequada,3
muito legal,4
gostei muito do produto,4
apenas a forma de embalar precisa ser revisada e mais protegida o produto foi entregue com o cabo de energia lacerado em razão da caixa ter rompido e o mesmo ter ficado exposto,3
muito bom,5
o prazo de entrega acaba dia eu não comprarei no baratheon quando o prazo de entrega for muito grande,2
bom,5
houve atraso na entrega do produto porém os correios estavam com problemas,4
mto bom chegou antes do prazo,4
excelente produto já estou usando e testando o controle cardíaco,5
achei o acabamento do ilhós muito tuim e só é cromado em uma das faces,4
recebi o jogo bege o vermelho ainda nao,2
ótimo produto,4
peguei frete para minha residência e tive um prejuízo pra retirar no correio,4
veio na medida errada e já solicitei a devoluçao,1
produto de má qualidade nada a ver com a foto não recomendo pior compra q fiz no stark nunca tive problemas antes dessa compra horrível não devolvo pq tenho de correr atrás disso,1
quando fiz a compra paguei o fretetive que ir pegar nos correios falta de respeito na hora de vender vcs aceitam depois temos que ir buscar não compro mais e nem recomendo,1
prazo excedido em muito,2
não credito todo o erro ao fornecedor a baratheon também tem responsabilidade comprei na baratheon obrigada,3
o produto foi entregue antes do esperado e a qualidade me surpreendeu só não avaliei como ótimo pois a película de vidro veio com um pequeno defeito,4
ainda não instalei aindamais tive excelente indicação,5
poderia melhorar o prazo de entrega pro espírito santo,3
só quero que a lannister resolva esse problema para mim,1
o perfume que recebi tem embalagem diferente da foto do site e também diferente de um perfume igual que tenho em casa o cheiro é bem parecido mas não igual enfim parece falsificado,2
um dos itens do kit está incorreto,3
foram recebidos três capas de travesseiros das quatro compradas,1
recebi o produto errado solicito a troca,1
tudo perfeito ficaria melhor se tivesse parcelamento pelo menos em vzs mesmo assim agradeço pelo produto era do jeito que estava pensando,4
veio separado do outro produto,4
a empresa deveria testar produto antes,1
produto entregue antes do prazo é o conjunto muito lindo,5
apesar de estar dentro do prazo não entendo porque a demora em chegar,4
fiz a compra do kit de quatro pneus a entrega foi feita fora do prazoe ainda quando recebi chegou apenas unidades deprimente,1
veio conforme o anunciado simples mais bonita,4
no site o produto parece ter melhor qualidade de material e acabamento,3
meu pedido esta preso nos correios,1
entrega super rápida e em ótimas condições,5
os orifícios da capa para conexão do cabo p mm e do microfone não correspondem ao celular,2
fiz o pedido de dois hub usb portas no entanto só recebi um e na fatura mostram dois e no pedido também,3
o produto é horrível vou usar comopano de chão porque o que mandaram não dá pra dizer que é toalha de banho,4
so veio com uma aranhão em cima mas tudo bem estava necessitando do produto,5
o produto que recebi foi igual ao anunciado já mandei email e já fiz reclamação no site estou aguardando resposta,2
comprei um produto e veio outro,1
obs tenho um outro produto que comprei com vcs é vai fazer um mês que recebe o produto com defeito e até hoje não fizeram a troca do produto,2
veio somente um relógio,2
o equipamento vendido foi bem inferior ao que comprei em pelas fotos não tive noção da diferença achando que se tratava de uma oportunidade de preço melhor e não de equipamento inferior,3
ótimo,4
fiz meu pedido na cor vermelhaporém vocês me mandaram o rosa sem o meu consentimento atitude desrespeitosa não sou obrigada a ficar com um produto errado no qual eu não pedi,2
quero receber mminha compra,1
a compra chegou bem antes do orazo informado,5
produto solicitado e entrega antes do prazo excelente qualidade,4
produto de boa qualidade a entrega foi antes do prazo estou muita satisfeita,4
,4
o produto em si é bom mas não veio os parafusos de fixação,3
o produto chegou sem problemas mas ele não é o que esta sendo dito sua tabela nutricional é enganosa e o produto adulterado não é whey protein isolado,1
ainda não recebi e quero cancela a compra,2
sabor do produto é ruim e me deu gases depois de tomar a quantidade recomendada faço uso de whey desde o ano passado e essa foi a primeira vez que um produto me causa mal estar,2
muiuo boa,4
recebi o produto no prazo mas veio faltando uma peça,3
produto bom minha filha amou,2
a respeito das prateleiras não recebemos os parafusos para afixação acreditávamos que eles deveriam acompanhar o produto,3
comprei cartuchos com o mesmo vendendor e só recebi um sei que pode ser entregue separadamente mas não consigo rastrear o outro produto que não chegou pois aparece que toda a compra foi entregue,3
muinto bom o profuto,4
a bolsa é linda veio dentro do prazo,5
caros meu produto veio errado medicamento e com o agravante de já estar vencido gostaria da reparação com a máxima urgência,2
gostei muito da rede obg,5
mais linda do que na fotoamei e chegou antes do prazo recomendo,5
nao recebi o produto o fortalecedor de unha o mavala gostaria de saber por que,2
estou devolvendo o produto no anuncio diz que é mt o que foi entregue cm não cobre metade do banco do carro,1
a loja esta de parabens recomendo,5
pessimo uma estafa comprei cartuchos originais e recebi cartuchos recarregaveis piratas um engano total ademas da demora que foi de mas de mes nao recomendo para ninguem ruim dema,1
muito bom,5
muito doa e rápida na entrega eu recomendo há todos,4
fui aos correios e fui informado que o produto estava ainda em outra cidade estou esperando pela entrega que já passou do prazo e estou precisando com urgência da ecomenda compras a e paga,2
ela é bem compacta porém se nao tiver cuidado podem cair os documentos seria bom que tivesse um lacre na vertical para evitar isto,4
de cartuchos não funcionou mensagem de incompatibilidade e depois nenhuma impressão após ajustes nas configurações e páginas de teste solicitei devolução e troca deste cartucho o outro ok,2
o produto foi entregue em outra cor solicitamos rosa e veio preta também veio em outro modelo e não conseguimos efetuar a troca pelo site,1
produto entregue no prazo conforme combinado,4
chegou muito rápido,4
infelizmente não recebi o produto então cancelei a compra,1
produto entregue em boas condições e antes do prazo,4
o tapete não chegou na data prevista e veio errado o tamanho que encomendei,1
um pouco demorada mas tudo bem,3
o produto chegou como esperado,3
correio não entregou a minha encomenda por que meu nome estava incompleto por favor mande o meu produto ou devolva meu dinheiro fui no correio varias vezes mas não quiseram entregar o meu produto,1
comprei pneus mas chegou somente até agora o prazo era até dia de fevereiro,2
tudo ok,3
entrega feita no prazo e produto em perfeitas condicoes parabens a equipe,4
o produto é péssimo acabamento ruim tecido áspero,4
não tive nenhum problema,5
cadeira fácil de montar confortável a entrega é um pouco demorada mas mesmo assim chegou antes do prazo,4
bom,4
gostei,4
gostei,3
até agora não recebi o produto,1
o produto parece frágil e veio arranhado pois estava mal embalado,4
uma loja muito boa entregou bem antes do prazo,5
otimo,4
o produto não era o que eu esperava,2
top recebi antes do prazo e ja estou usando,5
não gostei da demora,3
o produto chegou incompleto comprei tres colchas e so chegou uma,1
o produto está em anúncio no site mas a previsão de entrega é muito demorada e chegando a data de entrega o produto não é entregado absurdo,1
olá gostei muito da boneca porém ela veio com o nariz pintado de rosa como não tenho como devolverfico com medo de não chegar para o natalgostaria de saber se existe uma maneira de sair a mancha,3
os quadros são de baixa qualidade a resolução das imagens deixa muito a desejar,2
solicitei bola da basquete molten da olimpíada do rio só que na bola não vem a logomarca rio apenas detalhes das cores do brasil tanto é que devolvi o produto é espero ser reembolsado,2
gostei muito prática leve só falta avaliar a duração da carga da bateria,4
o anel ficou apertado teria que ser um número maior como faço para trocar,4
demora a entrega do produto,1
boa tarde preciso devolver um lustre e pagar os outros doiseu cancelei pensando que não ia chegar e acabei pedindo outro e chegou os,5
o produto mesmo depois de quase dois meses do pedido nao chegou,1
gostei do compromisso com o prazo de entrega,5
péssima impressão comprei uma placa eletrônica para a minha maquina de lavar finalizei a compra falei com atendente ela garantiu que o produto que em dia uteis chegaria em minha casa não chegou,2
entregue no prazo conbinado,5
oh meu produto veio faltando pessoa e não consigo resolver,2
o pedido consta de cartucho preto xl e outro colorido xl o colorido no chegouo pagamento foi feito integral e ja consta fa fatura de meu cartao de credito,1
o produto não correspondeu expectativa não corresponde especificação desejada,3
a qualidade da bolsa deve melhorar,2
infelizmente a caixa de papelão onde estava o produto veio com pouca proteção o que era visível pelo estado ruim da caixa nem ao menosum plástico bolha para proteger o produto que é eletrônico att,4
o óculos veio com as lentes arranhadas e tive que ir nos correios retirar a mercadoria essa loja nunca mais,1
recebi o produto cheio de defeitos já solicitei devolução do dinheiro estou aguardando retorno,1
produto é muito ruim,2
não gostei muito do produto fiz a instalação mas não funcionou muitobem,2
não veio violeta e sim azul,2
nao recebiporque fiz pedido de estorno e ate o momento nada resolvido,1
produto de acordo com o anunciado,4
ok entregue correto e no prazo,4
até agora não recebi uma simples capinha comprei a capa antes do telefone pra não correr o risco de ficar com o telefone novo sem capa o telefone já chegou a muito tempo e a capa até agora nada,1
estou aguardando receber o produto,2
não recebi o produto ainda,2
papel de má qualidade veio com várias folhas amassadas e foi mal cortado,2
veio sem um dos ilhós e por isso o tecido nessa parte esgarçou espero que na troca venha perfeito,2
o produto chegou antes do tempo os quadros são lindos do jeitinho q aparecem estou muito feliz,5
recebi o produto dentro do prazo mas avalio de baixa qualidade é necessário muito cuidado no manuseio pois o material é muito frágil no site não é possível fazer comparação da qualidade,2
o serviço do site dessa vez foi otimo em relação ao produto o frete não tem uma boa relação custo benefício pelo preço poderia ser melhor acabado sporte tem apenas dois níveis de inclinação,4
td certo recomendo essa loja c certeza,4
não recebi em casa tive que busca nos correios e veio com a cor diferente da que eu pedi,3
comprei dois produtos so me entregaram um,1
entrega muito atrasada,1
a entrega encontra se no prazo constaria que entrega se antes pois necessitaria do produto antes do prazo determinado,2
como sempremuito satisfeitaentrega feita muito antes do estipulado parabéns,5
apesar de não ter de certeza da procedência do produto recomendo apesar de o mesmo só com dias de uso já apresentar pequenas corrosões nas laterais ferrugem oque não deveria acontecer,4
muito rápido e de excelente qualidade,5
não respondem a emails houve problema na entrega e nem deram muita satisfação nem importancia,2
produto ainda não entregue,2
ótimo atendimento em todos os níveis rastreamento passo a passo da compra desde a confirmação logística de entrega pelo site da lannister e correio entrega antes do prazo logística perfeita,5
chegou antes da data prevista,5
quero a faixa q eu paguei e não veio como faço,2
ainda aguardo posicionamento sobre o produto pois o mesmo encontrase sob o status aguardando nota fiscal desde o dia e sua entrega estava prevista para,3
não tenho como avaliar até receber o produto espero que me dêem uma posição de qdo irão entregalo,2
funcional mas poderia ser melhor veio faltando o botão de vedação do pegador mas não comprometeu a beleza do produto,4
só me causou estranheza que o vidro do perfume não veio lacrado com o plástico com isso dá margem para desconfiar a originalidade do produto,4
bom diameu pedido veio faltando kit de cabideiroestou mandando imail mais não me respondecomo faço vão me mandar o que está faltando ou me reembolsar pois na minha nota fiscal veio cobrando os,2
muito bom,5
pedi duas cubas so recebi uma estou aguardando resposta de como posso resolver isso no mais a entrega foi no prazo e a que recebi e de boa qualidade,1
o produto está em outra cidade não tenho como retirarpaguei frete para ser entregue na minha casa,1
comprei toner hp cea e só recebi e ainda emitiram a nota fiscal com produtos estou até agora esperando a entrega do segundo toner já entrei em contato com a targaryen e ainda não me retornaram,2
comprei e paguei por dois kits é só recebi,1
o pendente veio com falhas na pintura como o eletricista já havia instalado optei por não trocar o produto,3
comprei o produto para honda biz no entanto na embalagem havia escrito e marcado para handa broz,2
produto estava em falta no estoque e a empresa não checou,2
lindo chegou muito antes do prazo só não tem nenhum tipo de certificado de garantia acho q não é a prova dágua pois não tem nada dizendo,3
nas lojas lannister já fiz varias compras sem problemas mas essa está muito atrasada,3
não recebi o meu produto e nem fui avisada da falta do item na lojaquando entrei em contatoquase mês depoisé que fiquei sabendo que o produto não seria entregue pois não havia mais em estoque,1
minha filha adorou,4
o relógio esta atrasando mesmo após ter tido seus ponteiros reajustados por diversas vezes além de estar tentando trocar o produto e não obtido êxito,3
cumpre o prometido inclusive o prazo,5
não dei mais estrelas pois ainda não instalei para ver se esta tudo certo mais é igual descrito,2
chegou antes do prazo muito bom,5
até agora não consegui fazer esse troço funcionar testei vários programas e nada não reconhece meu carro é um santana,2
bom,4
prazo excelente e produto ótimo tudo perfeito,5
comprei várias vezes na americana fui bem atendido,5
produto bom e entrega super rápida,5
empresa que não entrega o produto no prazo precisa ser avaliada são exatamente dias da compra inclusive com o pagamento já efetuado,2
produto cumpre o prometido mas poderia ser mais potente,4
fiz a compra de um celular e uns pincéis a venda do celular foi cancelada e aparentemente a compra dos pincéis havia sido aprovada porém recebi um e mail que a compra dos pincéis foi cancelada tamb,1
no anuncio do produto dizia que era emenda com rosca e é com engate simples,3
produto atendeu todas as expectativas e chegou bem antes do prazo,4
vendeu um produto que não tinhas e demorou muito pra entrar em contato para cancelar o pedido,1
achei o produto com acabamento ruim,2
foi entregue somente um dos produtos o arranhador de canto está faltando entregar ainda,3
produto muito bom recomendo,5
se não tem estoque não poderia ter a opção de compra,1
a data prevista era o dia recebi o produto no dia que veio errado pois comprei dois espremedores e recebi apenas um já reclamei no mesmo dia da entrega e não obtive retorno,1
muito bom o acessório a luva,4
pedido entregue no prazo,4
boa entregaapesar do rastreio falho,4
chegou antes do prazo informadoisso demonstra confiança no vendedor,5
é uma logística dinâmica que cumpre com suas responsabilidades,5
chegou antes do prazo final,4
o produto não foi entregue gostaria de saber como vai ficar agora,1
nao recebi o meu produto mandaram um outro produto em nome de vinicius silva pela loja techno gadget mega tg uma barra de exercicios gostaria de saber onde esta o produto que comprei,1
comprei duas unidades e recebi apenas,1
eu ainda não recebo esse produto é preciso de uma solução o pessoal da loja disse que ia entregar já me ofereceram até outra cor mais ficaram de mandar o código acompanhar a entrega e retornar e nada,1
foi entregue apenas o calar em não recebi a pulseira até esta data,3
bons produtos,3
gostei da cortina porém a foto de ilustração poderia ser mais real,4
chegou antes do prazo previsto,5
produto totalmente diferente da foto do anúncio material de péssima qualidade aguardando contato da empresa para devolução até agora nada,1
chegou bem rápido,4
produto bom,4
lamentável a lannister ter empresas que nem retomam ao cliente sim o atendimento da lannister do reclameaqui me atendem essa empresa já deveria ser removido site já deixei de comprar pq vi ol,1
os cartuchos estavam vazios,4
comprei pensando q o material fosse mais resistente mas não,2
o papel de parede é lindo supera todas as expectativas produto entregue antes do prazo,5
ainda não recebi estou aguardando a entrega do produto ou o cancelamento da compra,2
o produto veio com a caixa do lego amassada e é presente não é porque não pedi embrulho que não tenham que ter o devido cuidado,2
minha casa fica a metros dos correiosdisseram que a casa estava fechada ma não me ligaram apesar de ter meus números,2
chegou bem antes do prazo previsto porémpara o drone h entrada não foi compatível a entrada do meu drone é a jst existe algum adaptador para ser adquirido para a ulitização do produto comprado,2
acho que a cor veio errada,3
indico esta loja o produto foi entregue no prazo e sem burocracia,5
produto ótimo,4
produto frágil,3
muito difícil a colocação ficou cheio de bolhas é opaco tira definição e brilho da tela não gostei não recomendo,2
a loja mandou foi o produto saia box para cama casal king perola com lese tecido microfibra branco e não a saia para cama box casal king perolla que esta para ser enviado ainda estou aguardando,2
execelente,5
demorou de entregar geralmente chega bem antes do prazo teve algo que atrapalhou a entrega,2
eu comprei unidade veio só uma estou aguardando o outro,2
demoraram muito pra colocar as coisas no correio,3
estou satisfeito com o produto e o prazo de entrega foi cumprido eu recomendo,5
otimo,5
o produto chegou dentro do prazo tudo certo e sem nenhum problema recomendo a todos,5
muito bom,5
não sou de comprar de terceiros não em sites como esse uma vez tive problemas serios mas como meu pai diz os bons não devem pagar pelos ruins,4
a data de entrega foi perfeita,4
muito finomas bom,3
o site valida a compra e depois de ter pago recebo a informação que o produto está indisponível,2
ainda não instalei o produto mas farei o mesmo na próxima semana,5
pedi voltagem v enviaram v não recomendo,1
qanto a maquina de tosa recebi super rapidoporem fiz junto na mesma data o pedido do cortador de unhao qual foi cobrado na mesma fatura com o mesmo cartão de créditoporem até a presente data não,2
cortina boa escurece bem o ambiente só esperava que o tamanho fosse conforme descrito comprei uma cortina de metros minha sala é e mesmo esticando toda ainda faltou,2
otimo,5
muito bom,5
ótimo serviço,5
muito bom chegou rápido,5
só chegou uma capa a transparente a fumê não chegou,1
o produto veio errado,3
loja pode até ser boa porem o produto e de ma qualidade,2
quando agente conpra e porque está precisando como eu fasso pra pega outros produtos uo meu dinheiro de vouta,2
faz pouca coisa o produto e bom,3
recebido dentro do prazo,4
ótimo produto entrega super rápida,5
recebi meu produto porem com certo atraso,3
recebi o produto conforme combinado,4
excelente atendimento e extremamente rápido,5
o produto veio errado preciso devolver já entrei em contato mas até agora obtive nenhum retorno,2
solicitei dois varão para cortina mas só veio um,2
já comprei nas lojas lannister e o produto chegou bem mas rapido porem o que comprei chegou e por inquanto tá udo bem,3
tudo certo,4
serviço muito ágil fácil de navegar no site e entrega antes do prazo indicado,5
boa noite minha encomenda veio faltando a pelicula de vidrosó a capa carteira que chegou,3
atende as espectativas,4
nesse valor deveria ser o frete grátis,4
chaveiro muito legal varios detalhes bem forte adorei,5
confiável rápido e com bom preço,5
ainda falta entregar uma colcha de cama de casal um dos jogos de lençol não foi o mesmo que escolhi,2
gostei do produto,3
muito bom o produto,5
meu produto veio todo quebrado não tive uma resposta até o momento aguardo uma resposta att arquimedes,3
super recomendo,5
recebido e antes do prazo,5
comprei duas cortinas a malha pessimalamentavel uma esta em fase de devoluçao mas nao recomendo esse vendedormas gostaria de fazer a devoluçao das duas sem maisaparecida,1
produto entregue conforme anúncio,4
a transportadora é excelente recebi antes do prazo porém um dos meus produtos veio com cor divergente espero que eu tenha um retorno,5
estou muito chateado pois ainda não recebi e não tenho nenhuma satisfação a respeito se vcs não resolverem logo com o envio viu procurar meus direitos pois já paguei,1
nao recomendo pois não recebi o produto e tambem não consigo o resarcimento do produto,1
pedi almofadas e só vieram e sem nota fiscal não sei se foi problemas nos correios preciso de ajuda do baratheon para que eu receba a que está faltando e também estão fazendo uma confusão cos,2
não foi entregue o produto estava previsto para,1
comprei um modelo e veio outro espero que troquem por o produto correto,2
eu que retirei no correio eu paguei o carreto e não me entregarão não gostei da atitude,2
aida nao recebi o produto,4
comprei o tapete e depois de dia a loja me liga falando q não tinhão o produto em estoque foi reembolsado mais não ganhei nada a mais,1
eu não recebi minha cortina ainda,2
gostaria de saber como proceder para receber o produto pois ainda o quero,3
gostei da compra infelizmente nossos correios tao uma brincadeira sempre tenho que buscar minhas encomendas,3
adquiri dois cartuchos hp e a impressora detectou que eles são falsificados nada no anúncio indicava que seriam remanufaturados ou compatíveis e eu paguei o preço de originais me sinto enganada,1
aguardo o recebimento da minha encomenda com urgência no momento estou insatisfeita com a empresa,3
fiz o pedido de uma base revlon e um pó revlon paguei pelos dois o pedido foi feito no dia e na entrega chegou apenas o pó a base não estava junto,1
bom e rapido na entrega,2
recebi o produto que esperava mas não me mandaram a nota fiscal porque,4
o produto q recebi não foi o mesmo q comprei no site,2
tive problemas com o cartucho preto minha impressora exibe a mensagem de cartucho danificado ou não reconhecido,3
o farol estava como preto e veio cromado,3
ótimo produto entregue bem antes do prazo muito satisfeita com esse vendedor e com o produto,5
produto falsificado código de autênticidade falso,1
muito satisfeita entrega muito rápida,5
recebi o produto em condições no prazo coreto em ótimas condições produto de acordo com a propaganda estou satisfeito,4
não recebi o produtoe agora,1
produto muito bom entrega antes do esperado muito bom,5
as duas vezes q comprei pela starkfui bem correspondidacontinuem assimos preços sao bonsvale muito a penaobrigada,5
tentei fazer o cancelamento do produto e até o momento a solicitação está em andamento e o produto ja foi entregue agora preciso trocalo e o serviço não está habilitado péssimo atendimento,1
foi rápido e os mascotes estão maravilhoso,4
modelo lindo vale a pena comprar,5
produto entregue corretamente,4
o produto chegou antes do prazoporem chegou danificadosuas rodas de plásticos vieram quebradas,1
paguei e não vi o produto até agora depois de um mês de espera recebi um email dos correios dizendo que não haviam recebido o produto pedi o cancelamento e não vi o dinheiro até agora,1
gostaria de informações sobre a não entrega do produto,2
produto muito bonito e chegou antes do prazo,5
veio com um pequeno problema de aperto na entrada usb mas nada muito sério,4
loja não é confiável,1
produto entregue antes do prazo satisfeito,4
comprei um cartão micro sd xc i classe e recebi um microshc uhsi card que é inferior a imagem utilizada no anúncio ou é p enganar o cliente ou o produto errado foi enviado de forma proposital,1
depois dessa compra meu cartão foi clonado estou muito chateada,1
inclusive recebi bem antes do prazo de entrega,5
eu comprei pensando que era uma cama e veio uma capa de colchão fiquei muito teiste e não tem comi devolver não e pra mim e para um senhonha de anos acamada assim que vc que fez a propagandaso pens,1
produto muito bom com material resistente,4
o produto demorou muito para chegaro q não é comum tratandose de lannistercom já conheciaa escovae não entendo pq tem preços disparatados como os que paguei r r r etc frete,3
o produto escolhido foi na cor preta e o entregue foi na cor azul,3
muito bom o produto,3
pessimo o produto de má qualidade tecido horrivel não é igual a foto não recomendo esse produto,2
adorei os produtos somente achei muito ruim ter de pagar fretes para o mesmo produto do mesmo vendedor,5
não veio na cor conforme o anuncio a mochila não tem espuma interna no mais tudo tranquilo,2
bom,3
não entregou o pedido até hoje,1
frete absurdamente caro,5
eu comprei dia de agosto e estávamos previsto a entrega dia mas até agora não chegou,1
entrega foi rápida porém o produto de péssima qualidade fino não passou nem perto do que eu esperava está certo que foi barato mas eu não pagaria nem,2
não gostei da da loja porque tentei cancelar esse pedido e trocar por outro lustree a loja não aceitava,2
produto veio trocado,1
o produto ainda não chegou,2
poderia ter vindo melhor embalado o relógio chegou com alguns riscos mas é um ótimo produto,3
medio,2
faltou as duas peças do aparelho massageador,4
so acho que deveria ser entregue todos juntos,3
o produto faz o que promete a entrega chegou no prazo entretanto a loja não emitiu a nota fiscal,2
ele deixa um aspecto um tanto quanto oleoso no cabelo mesmo passando pouco mas depois da chapinha some um pouco e deixa macio tem um cheirinho gostoso mas o produto em si é estranho,3
produto chegou antes do prazo e cumpre bem a função,4
bom o produto gostei,4
eu fiz a compra de cortina recebi apenas duas o que aconteceu com a terceira cortina,3
conforme acima deu tudo certo menos o mais importante o produto eu pedi um par de muletas até kg e veio uma muleta até kg que não me dá segurança,2
primeira vez que recebi os produtos faltando alguns itens,3
recebi no prazo certo meu produto,4
entrega rápida e segura produto de qualidade,5
pensei que todas eram grande veio tudo certo,3
e veio só pedi produtos,1
produto veio danificado,2
a compra desse item me lembra uma música não era amor era c i l a d a,1
chegou somente o preto está faltando o colorido,1
no site comprei o produto o original embalado inclusive com o preço maior porem recebi o produto desembalado enrolado em plastico bolha muito diferente do original diferente do que comprei,2
o produto chegou certinho pena q sempre tem aquela desculpa de área de risco p demorar p chegar o produto é mto bom,4
não recebi o produto,1
comprei uns produto para vem ser viachegou os ante da data para chegasó falta um produto meu chega agora só vou compra as coisa no baratheon,5
iria comprar mais de voces mais vi que quanto mais produtos o frete dobra ou triplica,3
produto conforme foto gostei,4
produto de qualidade,5
gostei foi do jeito que estava na foto,4
consta na nf itens orem apenas foi entregue ja solicitei informaçao sobre o item faltante,2
veio menor do que o anúncio xm,2
pelo que eu entendi o correio deve ter extraviado minha encomenda,2
só deveria cumprir com o que está no anuncio veio uma cor bem diferente do anuncio,3
comprei dois e recebi apenas um,1
a ponteira do carregador é diferente da que é mostrada na foto,2
o produto não e dos melhores no primeiro dia de uso ja esta com sinais de ferrugem,2
entrega e qualidade excelente porém quanto ao anúncio para mim foi surpresa receber uma coqueteleira pois esperava dois potes de creatina como o este me levou a crer,4
em recebi email do marketplace stark informando que o lojista não poderá atender ao pedido pois não há estoque disponível e realizariam o cancelamento e reembolso o que ainda não ocorreu,2
estou esperando o produto chegar ainda,1
produto chegou conforme esperado para quem estiver interessado pode mandar vê,3
o preço poderia ser melhor o produto chegou no prazo no geral boa compra,5
a única coisa que achei que tem que ser melhorada é a comunicação deixei vários emails e não responderam nenhum porque tinha dado um problema na entrega fiquei muito preocupada mais feliz chegou,4
poderiam não cobrar o fretese vcs não entregam,1
compraria mais se o frete fosse gratuito,4
as pessoas não conseguem contato inclusive estou indo atrás dos meus direitos como consumidor e por estar me sentindo lesado a pessoa a qual comprei a mochila está levando com saco plástico,1
muito leve fino e simples,4
eu recebi taça de cada eu comprei de cada deveria receber peças estou aguardando retorno de vocês,1
a lojas lannister possui o produto na loja e não quer me enviar e o parceiro targaryen somente depois de dois meses após a compra quando procurado disse não ter o produto disponível eu quero meu produto,1
amei muito linda e bem feita atendeu minhas expectativas,3
pedindo cancelamento na mesma hora da compra e insistiram em entregar neguei o recebimento do correio e devolvi,3
lannister ótima entrega antes do prazo mas o produto não tem um bom acabamento no assento e as rodinhas são fracas para quem gosta o encosto mantém a coluna bem reta não tem opção de inclinação,3
foi bom obrigado,3
eu só acho que deveria ter data certa para entrega do produto não ficar esperando dias para receber o produto ex o meu produto chegou dia de março mas a informação era até o dia de março,3
gostei do fone se cocneta fácil ao celular bom som,4
o produto não é original não é uma tom dixon como diz o anúncio e o fio não é apropriado para pendentes,3
as raquetes vieram soltando a borracha da madeira tive que colar com uma cola instantânea produto nota,2
atrasou a entrega,3
fiz um pedido de garrafas de azeitechegaram num dia e as outras quase horas depoiscontato com a loja muito dificiltanto via email qto por telefo suspense terminou mas lá não compro mais,3
realizei a compra do kit adipômetro da sanny e um estadiômetro de bolso da cescorf porém recebi apenas o adipômetro com defeito rachadura na parte da trena e o meu kit de adipômetro não chegou,3
não recebi,1
produto muito bom e entrega rápida,5
entregou dentro do prazo mas o tamanho dos dedos ficou restrito e o material poderia ser de maior qualidade a parte do punho poderia também ser mais longo,3
o produto chegou rasgado,2
estou satisfeita,5
foi eficiente adorei ter comprado com vcs obrigado lannister,5
comprei duas mangueiras e so recebi uma na nota fiscal conta duas e no pacote veio so uma quero uma solução para este problema desde ja agradeço,2
lannister o parceiro fez a entrega do produto evitando transtornos como ocorrido anteriormente,2
prazo de entrega muito longo dias pra entregar um boneco e com pagamento de frete de de frete esperava mais rapidez na entrega,3
assim que receber posso avaliar,1
também ligar para o cliente quando for preciso,5
obrigado pela atenção,4
,4
produto chegou mas tinha pouca especificação nao vai me atender preciso devolver,3
não consigo montar os parafusos são frouxos,2
bons produto como o combinado,4
nao recebi porem nao posso avaliar,4
o aço da lâmina é bom mas os cabos parecem ser frágeis e arranham facilmentea entrega foi rápida muito antes do prazo estipulado as facas são lindas e para o uso doméstico atendem as necessidades,4
produto de boa qualidade simples de usar confortável e ergonômico,4
estou super satisfeita com minhas compras por esse site super indico,4
ainda nao rrecebi,1
apenas a caixa do produto veio avariada,2
um dos produtos comprados não foi entregue mas consta no site como se houvesse sido entregue há dois dias,1
excelente mercadoria mt bem embalado,4
so acho que esta demorando muito,2
produto chegou no prazo e em perfeito estado corresponde ao que foi informado no site,4
frete caro apesar de entregar no prazo demorou bem mais do que outras lojas com o mesmo prazo,3
adoro mais ainda quando a entrega é antecipada,5
sem comentários,1
produto é menor do que o anúncio diz e veio sem a nota fiscal e o link que recebi por email para acessar a nota fiscal não está funcionando favor verificar aguardo,2
comprei a tampa para o cooktop consul e em nenhum momento dizia que não tinha o produto no depois a primeira parcela paga é que fiquei sabendo da novidade,2
bom produto bem bonito e muito bem acabado,4
o meu produto veio erradi não foi o que eu pedi e não estou conseguindo solicitar a troca,1
produto entregue sem problemas bem antes do prazo de entrega,5
já é o segundo produto com problema o outro foi cancelado quero saber se vou receber ou não se não quero meu dinheiro de volta com correção,1
um otimo produto adorei a entrega tambem rapidoparabéns,5
preciso resolver meu problema,1
ainda não recebi o meu pedido,3
boa tarde sempre gostei de comprar pelo portal lannistermais ultimamente tenho tido problemas com a entrega area de risco por isso peço que reveja na página a opção de retirada na loja,3
recebi o produto na verdade comprei a case para um tablet e não serviu então as medidas dessa case não deve estar correta,2
como a entrega esta muito atrasada não vou fazer nenhuma avaliação,2
produto não chegou na data,1
recebi o produto exatamente da forma da descrição não levou nem dias para chegar material muito bom satisfeita,5
pedi a cor l e recebi a cor l se não tinha no estoque era só avisar ao cliente se ele gostaria de esperar ou cancelar o pedido agora peço para realizar a devolução e não tenho resposta,1
recebi produto diferente do que comprei comprei luminária branca fria e me entregaram neutra tratase de produto para instalação em meu cliente e vou perder o prazo para entrega do serviço,2
produto bom e entrega rápida,4
entregue bem rápido pelo valor achei bom,3
bom produto,5
película fica excelente,4
não comprem essa película não cola veio ressecada a cola ou algo do tipo atrapalha no touch screen,1
nao recebi a encomenda,1
para minha surpresa chegou antes do tempo previsto que é o maior problema de comprar neste site,4
demorou muito para chegar o produto,3
não recomendo esta loja pois só fique sabendo que o produto não seria entregue por quer entrei em contato em momento algum a loja mim informou que o pedido não seris entregue como vendem o que nao tem,1
produto de excelente qualidade eu super indico,4
entregaram somente um pessimo,2
os preços são bons e os produtos de qualidadeo problema não é a loja mas o serviço de entrega utilizado por eles é o pior do país os correios nunca entregam no prazo,2
recebi o pedido em dias,2
entrega super rápida produto de ótima qualidade recomendo,5
a entrega foi estava agendada para o dia e hoje ja é e nada da entrega,1
nao recebi ainda o produto,1
faltou informação substancial quanto s necessidades de outros aparelhos para instalação,2
chegou mas não vai dar certo na minha casa vou trocar,3
muito bom super amei,5
tudo ok conforme combinado,5
péssimo,1
tudo certo com o produto e entrega entrega realizada antes do prazo previsto,5
tive que retirar no correio não avisaram que eu teria que me deslocar para retirar não entregaram em casa,1
não sei quem se equivocou ou se a informação foi omissa na compra o produto entregue foi da cor marrom e eu julgava ser preto,2
não recebi o produto até o momento,1
não veio a nota fiscal com o produto,3
chegou antes do prazo,5
a minha entrega não foi completa comprei unidades e paguei por elas porém só chegou unidade preciso de um retorno das lannister a da targaryen com urgência,1
o produto veio ruim,3
para mim que tenho diabete é muito bom para baixar a taxa de açucar do sangue,4
legal,5
produto veio com lacre violado,2
não recebi o produto,1
eu recomedaria a lannister diversas vezes mas nao por este produto infelizmente ele veio amassado e com pequenos defeitos ao longo do produto,2
ainda nao recebi minha compra,1
recomendo a loja e o produto,5
recomendo a loja,5
recebi o chaveiro na cor bronze apesar de ter pedido o da cor preta nas imagens do site a cor era bem diferente de bronze era cor escura não entendi a loja tem que ter mais cuidado,4
ainda não abri a embalagem,1
bom dia não recomendo está loja pois a mesmo demorou entregar entregou faltando itens e com a nota fiscal emitida errada,1
depois de pago o boleto sem o produto tem que ficar ate o praso de entrega pra saber que nao tem o que comprou,1
produto chegou mas meu pc não conseguiu reconhecer as portas usb,3
poderia chegar mais rápido como os outros produtos adquiridos pela lannister,3
estou satisfeita com o produto foi entregue rápido,4
após efetuar duas compras de um mesmo produto recebi informações que não procediam,2
produto muito bonito chegou no prazo correto parece um trofeu qualidade ótimo para presente,5
ótimo produto,5
o jogo de bolas de bilhar que comprei é totalmente diferente do que foi entregue sendo diferente a cor material e diâmetro da bola quanto ao recebimento do dinheiro de volta como devo proceder,1
tivemos que retirar nos correios maior burocracia sempre comprei com a lannister e nunca tive esse problema não fiquei satisfeito espero que na peoxima seje diferente,1
bom,5
consumidor satisfeito,4
ainda não entregaram meu produto apenas o outros que avia comprado junto mas o cabo hdmi não foi entregue,1
outras lojas estão dando um suporte de comunicação mais rápido e com a entrega também mais ágil,3
o produto é inferior ao anunciadobaixa qualidade,2
muito bom,5
gostei,5
recebido conforme o pedido e dentro do prazo estabelecido ok,5
gostei da colcha ficou perfeito na cama,5
paguei por um cabo e um carregador de celular porém recebi somente o carregador,2
boa,4
não recebi ainda esse pedido,2
o produto veio desbotado um aspecto de produto velho e pouca qualidade no site parece ser lindo caso tivesse visto o produto antes com certeza não compraria não recomendo,1
informação conflitante queria comprar fone de ouvido headphone sem fio de um valor superior porem o vendedor não entregava na minha cidadede um valor menor vendeu e entregou como assim,3
a loja me enviou um produto errado comprei um produto de quase r reais e me enviaram borracha de relógio de plástico,1
por fora é linda mas não fecha direito,3
gostei cumpriu o que prometeu,4
produto entregue na data prevista conforme prazo estipulado,3
produto chegou bem antes do prazo muito bem embalado tudo certinho recomendo,4
não foi entregue no prazo estimado,1
loja excelente cliente a varios anos,4
ótimo recebi antes do prazo,5
o produto chegou incompleto,2
empresa super competente entregou bem antes do prazo todos os produtos em ótimo estado,4
foi ótima comprar,4
tudo certo mas o produto bem que poderia vir embrulhado pra não chamar atenção,5
entrega dentro do prazo o produto já conhecia recomendo,5
acho que a demora foi a greve dos correios,4
essa parceria com outra lojas é uma porcaria até o momento não me deram nem uma sastifaçao,1
estou insatisfeita pela falta de atenção com o cliente foi solicitado no início o cancelamento do pedido no qual não fui atendida não pretendo comprar mais tão cedo por aqui,2
compra prática e eficiente,5
bom,3
não é da cor do anuncio ele é cor de rosa não gostei,2
ainda não recebi o produto e solicitei que a loja verificasse o que ocorreu entre as transferência entre correios e esperei horas e até agora não me deram um retornoé um presente para páscoa,1
a primeira vez que eu comprei veio certinho já o segundo perfume até agora não chegou e minha fatura já chegou com o valor comprado,3
ainda esperando,1
recebi antes do prazo previsto,4
excelente produto e veio rapido,5
sao dois pistoes conforme emitido na nota porem recebi apenas um,1
produto artesanal eu mesmo deveria ter feito nao era o mesmo da foto no site,3
recebi um de meus produto antes do prazo,4
recebi os produtos erradosnão consigo reclamar com a lannister preciso que sejam substituídas ps nota fiscal n balassa e bonfatti magazine ltda epp,1
produto chegou quebrado é material não é bom,3
recebi anilhas faltou apenas de kg,3
produto chegou no prazo,4
o relojio muito lindo gostei de mais agora sou preciso que seja da qualidade do material que o vendedor recomendo,5
produto original conforme no anúncio,5
recebi mais nao foi a marca que comprei nao comprp mais neste site pessimo e a entrega pioro,1
atendimento péssimo das lojas lannister tambem produto incompletonao merece nenhuma estrela,1
por enquanto desde que haja uma explicação plausível e o produto seja entregue,2
a avaliação na minha primeira compra foi ruim,1
sou cliente da lannister a muito conforme comprova nos pedidos agora receboo meu pedido faltando itens comprei itens e veio apenas como que envia faltando quero uma solução rápida e imediato,1
produto chegou na data prevista e de bom qualidade,5
foi entregue um cartucho colorido no lugar do preto xl solicito orientação para a troca do produto,1
entregaram o produto conforme combinado no prazo certo nas condições corretas o produto correto não tenho reclamações,4
acho que deve ser culpa dos correios,3
satisfeita com o produto é loja,5
ótima loja sempre respondendo o produto e dentro do prazo,5
perfeito,4
recomendo,4
a entrega foi bem antes de o esperado mas o produto é menor do que medi e imaginei,4
produto incrível entrega rápida,5
lindo o tapete adorei,5
produto bom equivalente ao valor,5
bem servido,4
coloquei quatro pilhas aaa para carregar após pouco tempo uma das pilhas novas que vieram com o carregador estourou portanto não sei se o problema foi o carregador ou a pilha que estava com problema,3
embora eu ter recebido o produto em dias mas o meu produto veio com avaria o produto foi uma película de um smartphone da asus zenfone zoom a película veio trincada,2
não gostei faltou mercadoria,1
confiavel,5
muito boa a coleirashowww,4
produto com detalhes no inox arranhado solda mal feita e sinais de ferrigem,3
comprei o produto antes da black friday e até o momento não foi entregue quase mês de espera,2
não me enviaram a cor na qual tinha solicitado,2
seriedade no compromisso,4
produto de qualidade inferior diferente dos produtos da marca kipling e do modelo da loja oficial da marca no brasil acabamento mal feito costuras sobrepostas sem etiqueta interna sem reforços,1
já sou cliente a anos das lojas lannister bem como suas parceiras nunca tive problema algum nas entregas e prazo quanto ao mp gostei simples e fácil de usar aprovado,4
sempre confiei e dou nota ao prazo de entrega das lannister só não achei legal essa que veio pelos correios e demorou um pouco,4
o produto muito bom gostei,5
o produto veio pela metade e veio outro produto,1
recebi o produto excelente condições antes do prazo previsto mas houve divergência na cor não solicitei a troca para evitar transtornos e demora de ter o produto,3
produto chegou um pouco após a entrega mas estou satisfeito acredito que a greve dos caminhoes tenha influenciado no atraso,3
produto bonito com bom acabamento,4
previsão para a entrega do produto até o dia hoje dia ainda não recebi,2
fiz um pedido de itens ele foi separado em entregas só recebi itens,2
compra feita a mais de dias e não foi entregue ainda,1
ainda não recebi o que comprei,2
chegou bem rapidogostei muito dessa capinha é bem transparente e não oculta a beleza do celularbaratheon de parabens como sempre,5
o controle veio com um defeito na carcaça mas é de ótima qualidade recomendo,4
o produto não aprensentou a mesma qualidade ao da imagem da internet,2
recomendaria o produto porém o tempo de entrega demorou demais mesmo estando dentro do prazo,2
estou aguardando o produto até agora espero que a loja lannister tome as devidas providências,1
recebi o produto corretamente,5
o produto realmente funciona a cachorrada calou a boca geral,5
e quero o meu dinheiro do frete de volta você paga o frete e tem que buscar no correio perdendo tempo e dinheiro se não vai entregar por que cobra frete eu vou ao procon,3
é muito pratico adquirir produtos através do stark,4
eu recebi os produtos parciais eu comprei três so recebi estou esperando,1
o manual de instruçoes veio em lingua estrangeira,3
recomendo,5
recebi apenas das unidades previstas requeiro verificação e acerto da situação,2
os dois fones vieram com defeito um dos lados não funciona,3
bom,4
o produto chegou antes do prazo mas recebi um produto diferente do que mostrados na descrição e nas imagens uma das lampadas esta com problema fizemos uma notificação e estamos aguardando o retorn,3
tudo certo tudo otimo obrigado,5
parte do produto foi entregue falta um relogio embora nesse email conste que foram entregues os tres que fazem parte do pedidoa nota fiscal tb consta apenas dois relogios,1
bom dia o problema não é a loja e sim os correios se vcs mandasse por transportador não teria tanto trastorno gastei o dia todo pra buscar a minha encomendaa mercadoria já estava retornando,3
recebemos apenas unidade porém são conforme nota fiscal aguardo urgentemente pelo tripé pois temos a necessidade de unidades conforme foi comprado,1
o produto comprado não foi o recebidoestarei entrando em ctt com o vendedor,1
paguei o frete até a minha casa e tive que retirar nos correios,3
srs efetuei a compra de produtos entregaram apenas a varredoura feiticeira mod compact plus sendo que o parceiro foi a targaryen e o pior é que consta no site lannister como entregue os produtos,2
não recebi meu produtô a data de entrega era de gostaria de saber o que aconteceu com meu produto,1
um dos itens da compra foi cancelado sem que eu pedisse foi dito que eu solicitei o cancelamento mas isso não ocorreu não fui ainda informado do por quê desse cancelamento,1
não recebi,2
um dos cartuchos pretoveio violado os demais vieram lacrados,3
produto muito bem feito,5
não recebi o braço de ducha com desviador somente a ducha x com braço de cm,1
ok,4
bom,4
gostei muito chegou no prazo informado,5
depois que efetuei a compra fui informado após alguns dias que não havia estoque do produto mas mesmo assim agradeço o ótimo atendimento,5
excelente,4
comprei o produto em março praticamento quase em junho ainda não chegou,1
produto bomentrega em tempo menor que o prazo pedi no fds e chegou na outra semanamenos de uma semana para entregarrecomendo,5
ótimo,5
prazo de entrega melhor que o esperado produto chegou muito rápido facilidade na compra e satisfação garantida,5
o site não avisa q o produto é importado com manual de instruções todo em inglês pergunto terei a garantia que é dada normalmente pelo fabricante,3
recebi antes do previsto,4
não recebi o produto,1
otimo app de compras,4
de acordo com a especificação descrita no produto o modelo do computador para qual comprei a fonte não está aceitando carregar com essa a fonte comprada,2
estou satisfeito por tudo pelo produto pelo tempo da entrega excelente empresa,5
produto bem e rapidez na entrega,3
a principio a gente recebe o produto num saquinho plástico super amarrado e cheio de fita adesiva e assim que ele vem péssimo,2
estou precisando do meu produto pois ja chegou meu berço preciso o quanto antes,4
produto de qualidade,5
tudo o,4
faltou ter os produtos q realmente queria comprei por falta opção,4
bom,3
bom produto,5
ainda nao recebi o produto e ja se encontra atrasado,1
chegou antes até do prazo,4
funcionou perfeitamente,2
não recebi o produto na hora da compra não percebi que não era das lannister odeio entregas pelo correio péssimo,1
chegou antes do esperado,5
boa noite ao invés do meu quadro eu recebi um jogo de poker peço que resolvam o problema o qto antes,2
,5
bom produto entregue conforme especificações e dentro do prazo,5
efetuei a compra de duas cortinas mas recebi somente uma,1
não recebi não posso avaliar,2
produto entregue bem antes do prazo recomendo,5
recebi dentro do prazo para mim não teria elástico e veio com elástico diz que é branco mas veio amarelado o mosquiteiro,3
me veja por que só uma unidade chegou,1
cuidado com as compras nessa empresa targaryen tratase de empresa sem nenhuma credibilidade me sinto lesado enganado e arrependido lojas lannister espero que tome alguma providência urgentemente,1
já recebi tudo que tinha que receber agora eu gostaria de parar de receber spawn da loja lannister já ficou chato todos os dias aparecer coisa que eu não me interesso na minha caixa de mensagem,1
o pedido foi de unidades recebi apenas uma por casa lider,1
produto chegou antes da data marcada mas a qualidade é ruim impressão falhando a impressora detetou que o cartucho já foi utilizado,1
não gostei não véi igual da foto é o material e muito ruim e também veio com defeito mal custura,1
comprei um cartao mas nao funcionou e deu erro e atraves de aplicativo acusou ser falso,2
muito bom cumpre o que promete,4
muito bom,4
está faltando receber um produto pulseira masculina de couro caveira couro legítimo pedra preto,2
muito bom,4
chegou no prazo sem incidentesexatamente oque foi pedidoa unica coisa q me incomodou um pouco é que assim que efetuei a compra demorou um pouco pra liberar o pedido,4
veio a base de uma banqueta com avaria riscos,3
meu produto ainda não recebi preciso de uma posição a respeito do meu produto,2
recomendaria a loja porém o produto não recomendo para ninguém é um relogio muito complicado,1
recebi o relógio e adoreimas ele veio com defeitoponteiro quebrado,1
lindo ameiperfeito,5
adoro comprar no baratheonr sempre compre e sempre recebo a mercadoria antes do prazomuito bom eu recomendo,5
entregue dentro do prazo recomendo,4
o manual vem todo em inglês não há como manusear o relógio a contento vou devolver a encomenda para o correio renata,1
boa,3
chegou no prazo até bem antes do prazo porém o material da pasta não era o que esperava,2
todas as vezes que comprei nesta loja os produtos chegaram no prazo e em excelentes condições busco sempre o melhor preço e a qualidade nas minhas compras,5
o óculos veio em perfeitas condições e chegou bem rápido porém veio sem a flanelinha,3
compra chegou rápida e conforme o combinado,5
produto de péssima qualidade muito diferente do oferecido no site,2
gostei muito do produto e a entrega foi rápida,5
produto veio recem pintado com verniz com um cheiro muito forte impossível de usar para a função coar café,2
entrega rapido,4
muito bom,3
site da lannistercom é muito bom nao tenho do que reclamar pois meu filhs tem anos e desde de pequeno eu compro pelo site dvd infantis brinquedos fraldas,4
comprei pela primeira vez e tudo veio em perfeita ordem e dentro do prazo até chegou bem antecipado apesar da greve de caminhoneiros,5
o pedido não foi entregue e consta no site como entregue,1
recomendo pois o produto adquirido é muito lindo e com ótimo acabamento masss veio uma unidade com o vidro quebrado e agora quem poderá resolver esse pequeno problema obrigado,3
bom,3
recebi produto no prazo porém estava com defeito só espero que a troca seja rápida,2
infelizmente o produto chegou ontem o tecnico instalou e nao funciona em nenhum dos notebboks como façovou ate a loja hj,3
baratheon arrasou novamente entrega produtos excelentes de qualidade e dentro do prazo,5
o tapete não é de qualidade muito inferior,2
ótimo sistema para compra porém não fui informado da data de saída do produto e nem que o produto já estava em transito recebi de surpresa e isso me deixou receoso durante a compra,3
ok,4
foi tudo ok,3
produto com funcionamento correto porem qualidade do material muito baixa,3
na ficha técnica poderia está escrito que o varão viria em partes eu comprei esperando receber um varão inteiro,2
na realidade comprei dois produtos nesta loja e foi entregue só por enquanto e sem nota fiscal,3
foi entregue rápido e é um bom produto,4
excelente o produto veio e foi rápido na entrega parabéns,5
produto chegou com um amassado na parte de baixo da estrutura vou testar para verificar se afetou o funcionamento acredito que foi no transporte,4
muito ruim,1
não chegou nada a declarar,2
único problema foi a demora para receber achei nem chegaria,3
ótima compra demoro um pouco para chegar mais de resto tudo certo,3
quanto ao produto nada a reclamar mas a targaryen que entrega demorou bastante em seu procedimento de separação e entrega do produto comprei outro produto junto de outra empresa e chegou bem antes,3
a transportadora que a loja escolheu é muito incompetente ainda não entregou o produto,2
não gostei do produto compro foto nada haver com a mercadorianão recomendo,1
recebi apenas um dos produtos e a empresa não entrou em contato comigo,2
chegou em uma semanao prazo era de um mês ou maispq em dia de jogo da copa não seria contado como dias uteis fiquei muito satisfeita com a rapidezmuito bom,5
otimo atendimento,5
relógio apresenta sujeita na parte interna,3
recomendo preço ótimo chegou muito rápido o tempo todo nos deixa informação sobre o pedido por e mail enfim muito bom,5
somente um adentro o terminal do carregador não é compatível com as tomadas de uso atualmente sendo necessário um adaptador solicito que encaminhe um conector compatível abraços,4
mandei um email até agora não obtive resposta meu produto não chegou,1
dor de cabeça para pegar o produtopos a transportadora repassou para os correios e não tenho o protocolo dos correios para saber aond e estarem que local eu teria de retirar,2
bom produto,5
o produto chegou no prazo mas o material é inferior não compensa o valor não recomendo,1
muito bom,5
bom,3
atendimento e envio super recomendado produto ainda não usei não deu tempo,5
comprei dois itens iguais só veio um,1
muito boa experiencia,4
precisa melhorar tempo de entrega produto levou quase três semanas pra chegar e já tinha pago pelo produto,2
único ponto negativo é que achei o tamanho pequeno e o tabuleiro não fica fixamente reto,3
quando a venda é efetuada pela própria loja a entrega é mais rápida mas chegou no limite,3
conforme solicitado,4
entrega rapida e correta gostei muito,5
no site dizia que chegaria até e ainda não chegou,1
muito bom recebi antes do prazo foi espetacular,5
loja confiável já havia comprado outra vez,3
gostei muito do produto nao tem ardencia nos olhos e nem cheiro alisou fos meus cabelos mais acho que da segunda vez ficara super liso,4
produto dentro das expectativas boa qualidade e bonito recomendo,5
produto veio com defeito,1
botei que não foi entregue porque da compra que eu fiz de produto da mesma nota só veio estou esperando alguem entrar em contato,2
atendeu minhas expectativas,5
foi entregue somente um frasco do ltriptofano sendo que na nota fiscal constam frascos,3
o produto esquenta bastante instruções para instalação em inglês tive dificuldades na instalação,3
gostei chegou bem porém o produto é menor do que eu esperava muito pequeno,3
comprei relógios mas só chegou já mandei mensagens informando e até agora não tive respostas,1
não recebi meu pedido e não tenho satisfação nem uma sobre o motivo ainda estou aguardando se não receber irei tomar providências,1
a travessa retangular só veio uma e eu comprei duas,3
vi pela internet que o produto é falso dentro da capsula nao tem o pozinho vedadeiro mega chateada,1
pedido chegou super rápido e veio certinho,5
recebi o produto dentro do que foi combinado,5
a lixeira serve só pra por contonete e algodão sujo muito pequeno,3
a loja entregou no prazo mais o produto nao era o que eu espera no site deu a entender que era diferente,2
recebi o produto antes do prazo era o que esperava ficou muito lindo na minha mesa de jantar,5
produto chegou antes do prazo de entrega porém não era o mesmo da foto veio todo de onça mas eu gostei sim,3
prezados produto veio quebrado dentro da caixa observando o guia de orientações não consta a linguagem português não desejo o produto devido desconforto em receber o produto assim aguardo respos,2
dois itens comprados juntos dois fretes pagos porém apenas um dos itens foi entregue como apenas um número de pedido foi gerado agora consta como se tudo tivesse sido entregue só que não,1
olá queria informar que o produto não foi entregue,1
não me enviaram o meu pneu ainda,2
fiz a solicitação de cancelamento do pedido e não obtive resposta da empresa ainda por cima consta no site como produto entregue porém não o recebi,1
recomendo,4
produto é bom pelo menos até o momento não tenho o que reclamar só o correio que demora pra entregar,4
minha bolsa de caçamba veio da ford ranger ao invés da frontier,2
recebi o produto correto porém a nf chegou em nome de outra pessoa,3
recusei a entrega do produto porque chegou todo quebrado estou no aguardo do ressarcimento do valor,1
o tecido de confecção não é da melhor qualidade não comprarei mais esse produto,2
recebi o email perguntando se eu recebi meu produto porem já passou do prazo de entrega e ainda não recebi meu produto e diz que se eu não responder o email seria dado como produto entregue,1
ótimo material do produto parabéns,5
o material do produto é bom mas deixa a desejar no imã que fecha a carteira é com pouca pressão e com uma semana de uso já não fecha mais como deveria e fica soltando linha da costura mediano,3
meu produto não foi entregue,1
veio faltando uma cadeira,1
porém produto de difícil instalação,2
produto bommas achei que o edredon fosse bem mais grosso,5
entregue no prazo,3
oi e como fica o produtoque ate agora não chegou,2
lannister é o pior site de compras na internet muito enrolado as entregas,1
produto incompleto qualidade ruim,2
eu ainda não pois os cabides não chegou assim que usar vou tomar aqui pra avaliar,4
os produtivos não foram entregues até o presente momento a expectativa de recebimento foi frustrada o valor foi debitado do cartão não recomendo a compra com esse fornecedor cuidado,1
comprei e veio em dias produto conforme publicado,5
to tendo problemaspara ativar no ceularnão consigo por pta funcionar,2
ótimo produtoveio antes do prazo tudo como eu queria recomendo sim,5
ótimo produto,5
produto conforme descrito gostei muito do produto,5
veio tudo certinho,5
o cesto foi recebido com uma das duas dobradiças amassada e faltando um parafuso de dois de uma lateral que sequer teve a furação do parafuso na madeira ou seja ele nunca foi colocado,2
muito lindo o relógio,3
recebi antes do prazo,4
,3
pedi o produto na cor lilás mas foi entregue na cor preta,1
funcionou no punto,4
apesar do atraso dos correios chegou tudo bem,4
não recebi o produto,2
so recebi metade dos produtos a nota fiscal veio no valor inferior ao pago não recomendo dei uma estrela pq eh obrigada a dar pelo menos uma,1
a impressora não veio com suas proteções completas faltava aquela espuma sólida para manter a impressora firme dentro da embalagem e o cartucho preto estava seco tive que comprar outro,3
adquiri um carregador turbo power mas o mesmo não carrega conforme prometido ao conectar o carregador no aparelho não realiza o carregamento rápido nem notifica a realização do mesmo vou devolver,1
atraso na entrega,1
atraso na entrega,2
gostei muito e recomendo pra todas minhas amigas,5
recebi o produto antes do prazo previsto,5
nao gostei da identificação um par de toalha toalha de banho e otalha de rosto rendada e outro par identificado ele,2
lindos amei,3
bom dia até o presente momento o meu produto não foi entregue,2
produto entregue dentro do prazo,3
acabei de receber o lençol sempre recebo antes do prazo dessa vez atrasou mais chegou obrigada,5
nem pude testar o produto nem sei que bateria usála manual em inglês veio sem bateria onde adquirila,2
alem de ultrapassar o prazo de entrega uma das peças não encaixa,2
não gostei do produto não aconselho,3
a luminária é bonita tamanho certo a única coisa foi que não veio o parafuso de ajustar altura do fio sorte que tinha em casa,3
falta a entrega ainda do outro de um outro gancho só recebi um,2
entregue dentro do prazo,2
boa tarde só me foi entregue um relógio falta o de perola que não entregaram gostaria de saber quando vão entregar o outro,2
não recebi o produto,1
pagamos frete para receber o produto em casa é mt chato ter que ir nos correios para buscar nem em área de risco eu moro,4
gostei do produto mas veio sem embalagem com característica do produto se for p presentear alguém como no meu casonão recomendo,2
o produto atrasou muito a ser entregue é fiquei sem informações de rastreio por um bom tempo mesmo tendo pago taxa de frete recebi o produto mas vou desistir da compra a nf veio com um valor menor,2
o material não é de boa qualidade,2
o produto foi entregue correto mas faltou a nota fiscal gostaria que me enviasse a nota fiscal deste produto,2
o produto recebido veio errado,1
gosto da loja lannister e da rapidez nunca tinha tido problema só dessa vez que o produto veio com a cor diferente da que eu pedi é uma pena,4
o produto veio com o tamanho escrito errado do que foi pedido porem serviu comprei para samsumg e veio samsumg,4
produto fraco,1
produto de qualidade muito ruim nao recomendaria esse produto,2
entregue antes do prazo pedido correto,5
enviaram apenas uma de duas cadeiras compradas e a que veio está rasgada,2
o relógio com pingente de coruja veio com defeito,2
so tenho que avaliar essa loja como otima,4
otimo,4
tudo ok,5
ótima loja entrega antes do prazo,4
deram um prazo muito grande para a entrega do produto e não conseguiram entregar no prazo,1
houve uma tentativa de entrega fora do horário comercial não havia mais ninguém no local para receber o novo prazo dado é hoje e o produto não foi entregue até as minha opinião pode mudar,3
na compra o produto aparenta ser diferente e quando veio aparenta ser exatamente qualquer película do mercado mas nem apliquei,2
ótima qualidade,5
comprei dois relógios e recebi apenas um como devo proceder,1
o produto não foi entregue,1
atendeu todas as expectativas,4
não recebi o produto ainda como o prazo está para até estou aguardando recebi apenas os dois mix da arno,4
apenas um dos produtos foi entregue com defeito comuniquei ao vendedor e estou há espera do contato para efetuar a troca,2
tudo certo produto dentro do padrao,4
no anúncio disseram que era felpudo só que não descrição nada haver,3
produto entregue no prazo,5
pontualidade otima,3
ainda não recebi meu produto já faz um mês que comprei e ainda não recebi o produto,1
recebi o produto do parceiro dentro do prazo prometido em perfeitas condiçes recomendoo voltaria indicar e comprar dele,4
alterar a transportadora do correios para transportes particulares,4
não chegou disse q tava com problema e até agora nadapreciso saber vai chegar ou não preciso saber,1
o produto foi entregue antes do prazo estipulado veio corretamente,5
a entrega até o presente não ocorreu e já abri chamado no reclame aqui e ninguém me retorna ao meu ver uma grande falta de respeito com o cliente aguardo retorno urgente,1
como o produto foi violado já entrei em contato com o baratheon que segundo a atendente será reenviado outro quitequero salientar ainda que o único produto que me entregaram foi o fixador de cachos,4
mala descartável para uma viagemdas três malas só duas se salva rodinha tortaarrebite solto alça froxa o barato sai caro,1
produto entregue fora do prazo mas chegou corretamente,3
o produto veio com defeito o touchscreen não está funcionando estou aguardando a loja enviar o código postal para que eu possa devolver a mercadoria,1
rápido na entrega parabéns,5
houve um erro com o pedido e o dinheiro foi devolvido,1
produto bonito no entanto a parte musical não funciona direito,3
bom produto,4
a entrega veio faltando um dos produtos só foi entregue um produto de,2
recebi somente item e comprei estou aguardando posicionamento porque se não vou contactar o procon,1
s,4
paguei por dois relógios porém a empresa só enviou um dos produtos,1
o produto de boa qualidade,5
raros com tomadas individuais diminuem o consumo de energia riscos de curto em produtos pouco usados o põe e tira de tomadas e mantém os essenciais ligados como rede e telefone vale muito a pena,5
produto venceu o prazo de entrega ontem,2
este recebi certo,2
muita demora isto é desanimador,3
protudo chegou em ótimo estado de conservação e antes do prazo,5
chegou e fiquei muito feliz com o produto,4
meu pedido chegou faltando um produto,2
não recomendo o produto pois não é de alta qualidade mas o vendedor sim entregou conforme o prazo e em perfeito estado,3
chegou rapidinho,5
chegou aqui ao invés do reparador de pneus um kit de para brisas totalmente fora do contexto sem controle de qualidade total,1
infelizmente não tinha ninguém em casa para receber o produto e o meu pedido voltou eu gostaria de saber quando vai ser estornado o valor por que eu estou sem o produto mas foi cobrado o valor,3
não recebi o produto portanto nao posso avaliar ainda,1
hoje ainda não recebi minha mercadoria que estava prevista a entrega até o dia estou muito triste com esta situação mas estou aguardando solução,1
não recebi mercadoria,1
no dia recebi o produto como era diferente do tamanho solicitado e a qualidade abaixo da esperada solicitei o cancelamento até o momento não recebi nada a respeito do cancelamento,2
não recomendo está loja pois eu comprei duas cortinas iguais e só me mandaram uma e na nota veio com quantidade de duas já liguei para a americana e questionei estou aguardando uma posição,1
meu produto estar atrasado já a uma semana,3
o produto veio faltando a base para auto e como eu fiz o pedido por telefone justamente para confirmar se a base demonstrada pela foto acompanhava o produto e tbm constava na descrição do item,2
algumas funções do controle não funciona porém as funções básicas está ok,3
apesar do tamanho a escova é leve e de fácil manuseio,3
ok recebido,4
deveria entregar na minha residência como no combinado na hora da compra mais infelizmente eles enganam o povo e temos que perder uma hora de trabalho para ir retirar mercadoria na ag dos correios,1
simplesmente não entregaram e sequer deram alguma satisfação,1
bom,4
entrega rápida e produto de qualidade,5
,3
funciona perfeitamente,5
já sou cliente a um bom tempo e entendo o atraso mais esse deveria ser o diferencial os produtos já sabemos da qualidade exelente,2
chegou antes do prazo,5
como vou avaliar umproduto que não recebi ainda,1
muito bom,4
chegou rápido,5
veio uma corrente repetida,2
a bolsa de cozimento rápido não foi entregue e no site consta q foi enviado os dois produtos,1
tudo certo produto show loja show,5
o único problema foi uma das embalagens que estava violada,3
comprei o produto por espelho decorativoe não acrílico e pelas fotos da imagem ilustrativaos círculos pareciam maioresmas como não continha esta informação na descrição não posso reclamar por isso,2
veio apenas com alguns rachadinhos em uma das hastes mas o produto em si é bom e de fácil montagem recomendo,4
me mandaram um produto com a medida muito menor do anunciado solicitei a troca,1
apesar de ter recebido o produto errado recomendo o produto não tem a memoria informada mas como estou precisando vou ficar com esse mesmo,3
ate hoje o pedido não chegou entramos em contato com vocês e não tem nenhuma posição para passar,1
apenas achei a cor muito diferente do anúncio mas sem problemas produto de boa qualidade,4
bom produto recomendo,4
otimae otima qualidade de compra e entrega,4
só acho que deveria ter mais informações,4
agilidade na entrega produto conforme o solicitado super recomendo,5
comorei como litros mas a capacidade real é de litros,1
foi fácil de montar apesar de algumas peças menores não encaixarem perfeitamente mas isso não compromete o uso da cadeira a cor é barro não o vermelho aceso que esperava é confortável recomendo,4
demorou um pouco a mais que de costume mas dentro do prazo,3
embora recebi o produto correto e no prazo o produto veio com defeito estou aguardando o contato do fornecedor para efetuar a troca,4
precisa cumprir as data de entrega,2
bom dia venho informar que o produto não foi entregue em minha residencia fazendo com que eu gastasse duas vezes uma com taxa de entrega e outra com a necessidade de ir buscar nos correios,2
estou satisfeito,4
adorei cortina exatamente com esta no anúncio linda,4
ok,2
tudo ótimo,5
muito boa a compra fiquei satisfeito,4
ok,5
pela segunda vez já tentei comprar este mesmo produto anteriormente e tive que devolver e ficar com o crédito o produto veio com a numeração errada desta vez vou negociar por aqui mesmo,4
o brinquedo veio com defeitoa dificuldade em trocar está pq minha filha chora quando proponho para ela esperar uma semana pelo outro,2
sempre comprei pela lannisternunca tive problema recomendo,4
muito bom o produto,3
o produto chegou certinho antes do prazo bem embalado e sem avarias,5
uma da cor cáqui e a de rosas azul bom,2
saiu tudo conforme o combinado loja nota pode compra sem medo,5
tive problema com algumas peças e estou aguardando reparo da loja,3
rapida entrega produto bem embalado recomendo,4
o material não é igual o que esta na foto não ele é mais leve menos espuma do que parece,2
ainda não testei se realmente graça em couro finalidade pelo qual foi comprado mas creio que não vou ter problema por isso já antecipo que esta tudo ótimo começando pela entrega bem antes,5
o produto poderia ser embalado as partes estofadas brancas vem sem nenhuma proteçao ou embalagem soltas com ums papelao,2
por enquanto o relógio está funcionando corretamente,4
produto entregue no prazo e de qualidade,5
o relógio escolhido esgotoue não tinha um outro agradável para substituílo e até hoje a impressa não entrou em contato como vocês confirmaram espero sinceramente que seja resolvido,3
superou minhas expectativas a bolsa foi presente ela simplesmente amou,5
houve um pequeno problema na entrega mas foi resolvido e logo em seguida chegou,3
muito bom,4
infelizmente o produto enviado braçadeira armband veio com defeito de fabrica também venho relatar que o material do produto e de péssima qualidade parece produto de feira xing ling totalme,1
falta a entrega da cúpula para abajur modelo tradicional,1
comunico que o produto acima mencionado ainda não chegou em minha residência,1
ótimo vendedor,4
sobre o produto n é bom pq ele n saí quando coloca a escova mesmo com o potinho cheio de pasta tem q espremer a pasta p sair o creme dental,4
o filtro foi entregue perfeitamente mas uma das velas que o acompanham veio com defeito,2
otima,5
normal,3
a foto do produto é jogo de tapete com tunel porém o enviado não foi com tunel,3
entrega antecipada e produto bem guardado,5
o produto não é o quê eu imaginava quero devolvêlo pequeno demais não consigo enxergar nada,1
nunca vi demorar tanto pra entrega pela internet primeira vez,1
muito bom o produto,5
o produto foi enviado rapidamente loja eficiente na entrega recomendo a loja a todos,4
comprei itensuma rede de dormir e mesa com cadeiras infantis só recebi a rede,1
podia ser utilizado apenas uma embalagem,3
recebi o produto certo mas divergente da cor solicitada solicitei cor preta e veio verde,4
frete caro,4
demora demais por um produto sem qualidade que veio todo dobrado e marcado não recomento,2
produto veio faltando duas peças e eu pedi a troca e até agora nada nem resposta,1
chegou antes do prazo produto de acordo com o anunciado,4
a capa entra justa no console,3
a cor não veio vermelho como na descrição do produto e sim vinho o material achei q fosse melhor porem vale a pena pelo preço,2
falta de respeito com cliente,2
espero obter uma resposta para minha encomenda comprei controles remotos para ar condicionado e apenas recebi controle komeco e dos controles elgin pedidos e pago só foi entregue controle elg,1
só foi entregue o bebê conforto a base não veio,3
comprei tres produtos e so chegou dois na minha casa,3
to esperando até agora meu relógio mais dias cancelo a compra,1
recomendo,5
boa entrega,4
recebi só de pedidos com o mesmo rastreamentoestou no aguardado para solucionar esse problema,3
foi enviado o tamanho para cama de casal x sendo que comprei para cama tamanho queen x já solicitei a troca,3
bom,4
nao recebi minha compra,1
meu esposo amou o relógio teve um problema na primeira tentativa de entrega mais a loja targaryen resolveu td estão de parabéns,4
a cor da foto é uma e o produto é completamente diferente muito mais claro,2
que esta agilidade e qualidade de serviço seja ininterrupta,5
excelente,5
pode ser mais rápido a entrega,5
muito bom gostei muito,5
parabéns pela rapidez da entrega,5
meu pedido veio incompleto no envelope que recebi pelo correio havia apenas uma calculadora mas na nota informava que eram duas unidades,2
chegou sujo,3
o único problema é que não estava especificado o comprimento dela a cortina é muito bonita goste só um pouco curta,4
o produto não chegou até mim quero cancelar e aguardo o estorno,1
disponibilizam o produto no site do stark porém o mesmo estava indisponível na loja concluí a compra que por sinal foi aprovada e depois me informaram que não seria possível me enviar o produto,1
não emitirei opinião pois é a primeira vez que ocorre tal embaraçocontinuo esperandoconfio,3
me sinto lesado pois comprei uma cascata e recebi outra é isso é propaganda enganosa você coloca uma foto de um cascata e entrega outra quero o devolver ou troca pela a que comprei ou meu dinheiro de,1
o lustre veio sem as lâmpadas,2
entrega muito rápido,5
chegou no prazo porem com um pequeno defeito no tecido,2
faltando o meu produto é um guarda roupa e veio faltando o fundo de uma gaveta,2
comprei tapetes e só recebi um,2
na impossibilidade da entrega ou do produto penso ser no mínimo necessário um feedback,1
não entregaram na data prevista,2
deu tudo certo gostei e recomendo produto bom e perfeito,5
tá de parabéns essa loja entrega rápida e produto de qualidade,5
achei pequeno mas farei o teste,5
sim por ser medicamento de uso contínuo uma demora de quase dias para entrega é um absurdo eu prefiro pagar um pouco mais caro no produto e receber em dias,2
tive que esperar além do prazo prometido pelo produto o que me deixou descontente,2
frete muito caro,4
gostei muito do produto a entrega foi antes do prazo eu recomendaria para amigos,4
a entrega foi rápida mas temos que melhorar no rastreamento pois a gente quase não consegui rastrear,4
seria bom se a entrega fosse feita em menos tempo,4
o anúncio deixou de trazer informação sobre o tecido dando a impressão de que era algodão por se tratar de percal na realidade era somente algodão também não dizia de quantas peças era,3
ótimo produto e excelente produto,5
parabenizo pelo respeito ao consumidor cumprimento de prazo na entrega do produto,5
foi entregue bem antes do prazomas não foi o que eu esperava,2
o produto é de péssima qualidade a imagem é descrição não são fiéis ao produto,1
produto entregue no prazo,3
o produto chegou certinho e dentro do prazo gostei de comprar nesse site vou recomendar aos amigos,4
a mercadoria não foi entregue ainda,1
qualidade baixa mas serve para o que eu precisava o tecido é beeeem fininho loja entregou antes do prazo,4
o produto foi entregue no prazo porém veio incorreto entrei em contato e eles vão providenciar a troca,3
não efetuou a entrega,1
o produto não é tão macio é bem fino mais muito bonito,3
recebi uma capinha menor q meu aparelho,3
recebi o produto no prazo,4
foi cancelado como faço para fazer outro pedido co o valor pago,3
o carregador veio sem o cabo de energia quanto a entrega ok,3
apenas o frete foi muito caro mais de reais restante bom,3
o produto teve um pequeno atraso mais chegou e muito bom eu recomendoobg,4
infelizmente entrega ainda não efetuada ainda aguardando para que eu possa testar então dar minha opinião,2
comprei achando que ia servir para o celular s e não serve teria como trocarficou grande,3
a entrega está atrasada e sem previsão de quando vai chegar,2
me mandaram um o relógio que não funciona vou acionar a justiça de novo,1
não posso optar pois não recebi o produto,2
produto entregue antes da data prevista gostei muito tecido bem clarinho e fino é o voilzinho mesmo,3
almofadas lindas porem meu pedido paguei por almofadas e foram entregues,3
prazo orrivevel,3
produto chegou conforme descrito e antes do prazo cumpre o prometido só achei as teclas de passar um pouco duras faz um barulinho seco ao clicar,4
o relógio está com defeito onde efetuo a troca do mesmo ou seu reparo,1
parabéns,5
o produto não foi entregue disseram no rastreiamento que ele ainda não chegou na unidade de salvador isso foi no dia e hoje não tenho mais nenhuma notícia espero resposta fas,1
nao recebi o produto,3
feliz com a aquisição,5
comprei dois produtos e recebi apenas um,2
a foto mostrava a cabeça com as lâminas kiy completo mas vieram somente as lâminas e o metal que impede a lâmina tocar no rosto,4
a rede é inadequada pra criança pois o risco de acidente é eminentea rede é muito estreita difícil de colocar o bebê nela minha bebê de meses caiu vezes caiu emcima do colchão mas se assustou,1
só um problema comprei com selo prime e estão me cobrando frete,2
foi aberto chamado no site ontem dia pois o produto recebido é diferente da foto do anuncio,2
o prazo de entrega podia ser menor,4
só houve um problema a tinta preta vazou melhorar a embalagem colocar alguma coisa para não ficar balançando perdi bastante a tinta preta,2
serviço muito bom abraços,5
recebi o produto corretamente dentro do prazo aparentemente produto original mesmo não testei sua qualidade de impressão ainda mas aparentemente não terei problemas,5
nenhum chip cabe nem com adaptadorestou buscando solução mais práticacaso não consiga terei que trocar o produtorecebi dia,3
vocês me enviaram faltando cortinas e agora,1
foi entregue so q nao esta funcionando,1
meu produto chegou quebrado não sei como proceder pois acredito que tenha sido quebrado durante o transporte dos correios,3
nao vale a pena a reclamação mas encomendei um carticho preto e outro colorido e recebi dois pretos,3
fiz uma única compra de vários produtos desta empresa e a mesma divide minha entrega em envios separados sendo que desses nem notificado eu fui sobre o número do rastreio descobri ao receber,2
não foi entregue a totalidade da nota comprei dois vasos e só recebi um e na nota constam dois ou foi erro de expedição ou não sei já reclamei com voces e até agora não tenho solução atenciosamente,1
muito bom,5
não recebi os dois controles o que houve,1
achei que o atendimento não foi um dos melhores porém o produto chegou antes do prazo e sem nenhuma avaria só que na propaganda diz watts porém não é tudo isso,3
o prazo para entrega era até e até ontemnão foi entregue a loja não cumpre o prometido mesmo com o produto já pago,2
eu achei a entrega um pouco demoradae as especificações que estava escrito no site não são iguais a do produto,2
tem quase mês,1
o produto é bom mas peca um pouco na dificuldade de olhar a hora,3
recebi o produto com atrasorecebi somente apos reclamar não veio o laudo da cadeira conforme a nr especificado no produto não veio o manual com instrução para montagem e a base pé veio com risco,2
ja se passaram dias do combinado entao terei que da essa nota,1
já é o segundo produto que eu compro que informam a entrega sem o produto ter sido entregue,3
o prazo de vencimento do produto é curto para o ser consumido vencimento em esta informação deveria ser sinalizada nas especificações do mesmo,3
produto entregue antes do prazo n considero fenômeno já q pediram dias pra entregar já testei o controle td ok o bluetooth já estava funcionando aparenta ser mesmo original satisfeito,4
comprei um produto na esperança de chegar na data ou antes para um presente e não chegou só tempo e dinheiro,1
recomendo gostei da toalha e a entrega foi feita antes do prazo,5
a minha avaliação é muito baixa pois ainda não recebi a minha copra,3
a imagem divulgada da a impressão de que se trata de dois itens porém na verdade é apenas um,3
recebi apenas o adesivo de coruja e coração a faixa de corujinha nao recebi como devo proceder,3
ainda não testei o produto,3
nao consegui fazer contato com o fornecedor para solicitar a troca veio o modeo errado do relógio,2
muito boa,4
entrega rápida e produto certinho obrigada,5
no meu status consta como cancelado pois solicitei mas não consigo rastrear e nem contato com o baratheon pra saber como proceder não consta vale mas minha compra foi paga,4
recebi o produto no prazo mas solicitei o cancelamento pois a mercadoria veio com defeito,1
ótima qualidade entrega como sempre antes do prazo,5
comprei dois pneus dianteiro e traseiro mas so recebi o traseiro,1
estou com muitos problemas a cadeira foi entregue parcialmente montada e mal embalada e com peça faltando parafusos e peças estavam soltos na caixa e uma das peças foi entregue quebrada,2
compro vassourinha o certo é vir o par ai abro a embalagem uma vassourinha e não duas sei que vou ter que comprar a outra vassourinha entro no site não tem mais vendam só pares obrigado,4
foi entregue no prazo então tá ótimo,3
muito bom tudo certinho,5
fiz uma compra em um so pedido de uma tv e um cabo hdmi e vieram separados na entrega tv chegou e cabo depois de dias não adiantou eu comprar junto,2
produto incrível meus irmãos adoraram super recomendo,5
recebi o produto no prazo tudo correto sem problema algum,4
excelente produto,5
produto simples mas que atendeu a expectativa em razão di baixo custo boa opção de presente entrega antecipou,4
não pude acompanhar meu pedido pelo site site muito ruim não atualiza até hoje não aparece fiz pedidos iguais e não aparecia meu pedido e ele chega de surpresa fiquei com estoque de produto,2
comprei três colchas no mesmo pedido chegou apenas uma não tem um canal de apoio ao cliente adequado,2
ótimo produto ótima qualidade produto entregue muito antes do prazo,5
não recebi o produto até o momento,1
péssimo,1
amanha no maximo as ta darde e voces precisam melhorar a entrega do cliente,3
chegou o produto errado,2
foi entregue somente uma das duas unidades do meu pedido,1
o produto foi entregue de forma e a condição do é impecável é possível notar o carinho que eles fizeram a almofada pela costura perfeita e o cheirinho de bebe minha sobrinha vai amar,5
excelente a chave recomendo,5
eu comprei um limpa vidro com imã magnético super rodoe me entregaram uma balançaera um presente e me envergonhei qdo a pessoa abriutive que ligar para o baratheon e estou aguardando um contato,1
comprei duas luminárias uma amarela e outra vermelha só chegou a amarela está faltando entregar a vermelha o status do pedido já tá como entregue não quero ficar no prejuízo,2
o compra veio pela metade não recebi meu cobertor microfribra de berço rosa a bolça vermelha veio,2
produto c defeito tentei por várias vezes mas foi muitas devolver o produto abrindo chamado na lannister e não consegui,2
bom produto com um bom preço mas demorou pra postar a mercadoria nos correios dias vencendo assim o prazo de entregra que era para o dia deve levar mais mais dias pra chegar ainda,2
gostei do produto,3
tudo certo,4
pagamos o produto e o frete o stark informou que o produto ficou parado no correio mas o correio não nos informou que o produto estava la pagamos o frete até nossa casa,3
das unidades compradas apenas duas foram entreguers,1
preciso do produto urgentemente e ele não chegou no prazo e até hoje eu espero,2
gostei do produto recomendoestou satisfeita como produto obrigada,5
sempre compro na loja lannister os produtos chegam rápido antes mesmo do previsto para entrega parabéns,5
bom dia produto entregue parcial pedi uma bateria cooler e só foi entregue o cooler,3
tinha cancelado mas por chegar antes do prazo acabei ficando com o produto,3
eu comprei dois óculos e vieram dois brincos quero trocar o produto,1
produto chegou e é muito bom,5
eu recebi o produto dentro da data,2
entregue no prazo o perfume não me surpreendeu muito mas atendimento de qualidade é tudo,5
produto veio correto no prazo certo lindo,5
o tecido nao é impermeavel molha,1
muito bom recomendo entrega efetuada antes do prazo determinado,4
comprei almofadas e só recebi sem a respectiva nota fiscal,3
tudo correu bem o produto chegou até antes do prazo mas a bateria de celular que comprei veio simplesmente dentro de um envelope nada protegido e ainda por cima não funciona já pedi cancelamento,2
tomara q dure pois é de pelinho,5
nao deram nenhumaposição minha chapinha nao chegou e estou precisando muito da mercadoria,1
entrega rápida,3
produto era pra ter chegado dia e não chegou ainda,1
não entregaram o produto e agora estão alegando que há dificuldade na entrega uma simples capa de máquina de lavar que deveria ser entregue em um bairro da capital do estado com toda infraestrutura,1
entrega feita no prazo porém o produto entregue não foi o comprado estou tentando resolver a situação,2
otimo produto e facil de montarminha filha adorou,5
até o dia de hoje não recebi o produto,2
bom,3
a película ficou menor que o aparelho devido a sua tela ser curvada como podemos fazer,3
não foi entregue ainda tô aguardando,1
desde o primeiro contato até o recebimento do produto tudo perfeito parabéns a todos os envolvidos no processo,5
fiz a compra mas quando vi que a data prevista para a entrega seria pra de agosto me desaminei mas nos comentarios as pessoas falavam que chegava rapido e chegou mesmoja to pensando na proxima,5
recebi no prazo minha encomendarecomendo,5
não chegou ainda o meu produto porquer,3
só o prazo que um pouco estenso,3
fiquei na dúvida se o produto é original a fixação e diferente do que comprei no eua,3
não usei o produto ainda mas pareceu um pouco frágil,3
demora na entrega frete caro não tem uma satisfação fiquei insatisfeito com a compra poderia ter comprado em umalivraria,1
o produto não foi entregue conforme o prazo e não consigo receber meu dinheiro de volta pela lannister,1
entrega super rápida,5
produto ficou aguardando retirada e nem fui notificada por telefone o certo seria eu receber em casa pq se netshoes e posthaus sempre me entregam pq targaryen não entrega não entendo isso,2
muito bom,5
produto boa qualidade atendeu minha expectativa chegou antes do praso combinado eu recomendo,4
bom,4
a capa não é para esse celular ela não cabe direito e não da para escutar música sem retirar ela pq não tem q entrada a película fica curta e não preenche toda tela,2
ainda não tenho totalmente como avaliar a loja uma vez que o produto foi entregue muito quebrado e não sei como será solucionado o problema,1
preciso da devolução imediata do valor da compra,1
era um jogo de cama peças e veio de pecas,2
produto com qualidade inferior esperada,1
fiz a compra de aparelhos de mp e só chegou mandei email reclamando para que me enviasse o produto faltante ou a devolução do dinheiro mais não obtive resposta,1
preciso do produto quero um retorno ou vou cancelar a compra muita demora,1
paguei o valor do frete para receber o produto na minha residência mas na minha cidade toda a área é considerada restrita isso pela incopetencia da adm dos correios que não tem funcionário suficient,1
eu recomendo,3
produto chegou em perfeito estado e no prazo récomendo,5
acredito que a compra tenha sido cancelada,1
eu comprei um produto e me enviaram outro comprei capa e película para o redmi note x e mandaram para o redmi note que é incompatível indignação com a falta de compromisso,1
estou ainda aguardando o produto que estava previsto para ser entregue no dia e hoje dia não chegou ainda até o presente momento,1
ainda não recebi o produto,2
tapete muito fino e pelos finos,2
produto comprado foi moringa em cápsulas a qual já fazia uso porém de farmácia de manipulação local este que comprei agora não faz efeito algum,2
recebi o produto antes do prazo tudo ok recomendo,4
não recebi o pedido completo minha compra eram pendentes e veio somente um na caixa porém a nota fiscal veio dos três produtos até agora ninguém respondeu meu email da reclamação aguardo,1
passei o dia em casa na noite fui ver o status da compra e tava que o carteiro não foi atendido no dia seguinte já estava disponível pra ir buscar nos correios tentativa e depois correios,2
entregou o produto rápido,4
entregas separadasainda não chegou todo o pedido,3
bem fácil de manusear mas achei que fosse maior,4
nada a declarar,3
só gostei pq o produto que comprei falaram que tinham ido na minha residência e tinha ninguém e eu estava o tempo td na minha residência fora isso td certo,3
na descrição disse que servia no av e não deu certo ateestraguei meu carro entrou eem modo de segurança me custou reais de mecanica,1
uma cortina veio com defeito e a outra a cor é muito diferente da demonstrada pelo site,2
comprei dois produtos e veio faltando um produto enviei uma reclamação e estou aguardando resposta,3
bom atendimento,4
não recebi até agora o produtoj á mandei dois emails solicitando informação e não me resposderam nada,1
adorei,5
qualidade do produto um pouco baixa,3
comprei tapete grandes e eles vieram dobrados junto veio uma carta pedindo desculpas porque os correios não aceitam embalagens com mais de metro penso que deveria ter vindo por transportadora,2
bom dia sempre comprei pela loja online e é nunca tive problemamas até hoje não entregaram minha última compra,2
tudo ok,5
eu so recebi um relógio o do mickeipensei q chegariam juntos mais até o momento nadapor gentileza possível verificar,2
a loja deveria disponibilizar uma forma de haver contato entre o vendedor e o comprador pois até o momento só me resta aguardar e dizer ao meu filho que aguarde seu presente,1
é minha segunda compra dessa tela a primeira tela precisei devolver era de outra loja pois o vendedor me enviou uma tela de outro computador esse vendedor ollist me enviou a tela correta,5
precisa ter esta avaliação em todos os produtos q se compra pq ainda tenho compras a receber,2
preciso fazer o cancelamento dessa compra pois até agora nada foi entregue,1
eu não gostei pós ela é bem menor do que na foto e a partir superior da mesa é solta não tem como prender,3
o meu pedido estava para ser entregue até mas até agora não recebi,2
obrigado pela atenção,5
fiz a compra e no app da loja o produto ficou de emitir a nota fiscal e o que nunca foi feito,1
gostei do produto comprei de presente,4
não recebi meu pedido já tendo passado varias dias do prazo máximo estipulado sem contar que a lannister nunca respondia minhas mensagens então considero a empresa péssima,1
bom,3
muito obrigada pelo atendimento deu tudo certo,3
entrega super rápida quanto ao produto não gostei tanto imaginei que seria melhor e mais bonito se tivesse visto em uma loja pegado em mãos antes não teria pagado r não mas ok,3
poderia ter sido melhor se a entrega fosse em minha residência pois tive que enfrentar uma tremenda fila para retirar nos correios,1
referente ao pedido é vez que vem falando pedi tres ns só veio o,1
produto muito ruim peças minúsculas e frágeis produto muito inferior horrível,3
recebi somente uma porém comprei duas não gostei da qualidade do produto e não veio embalada com etiqueta fica a impressão que é usada e comprei para presentear quero devolvelá,2
realizei a compra de produtos de uma só vez porém só finalizaram a entrega de,3
prazo não foi cumprido e não tem nenhuma informação para ajudar quero cancelar a compra,2
recebi com dia de atraso mas chegou e funcionando perfeitamente,4
chegou antes do prazo facil de configurar e entender suas funcionalidades bom de uso,5
ao comprar consta como disponível após concretizar a compra e debitar o cartão consta como indisponível foi enviado vários emails sem retorno nao confio mais na americana com,1
lannister é top,5
entrega antes do prozo,4
demorou quase um mes pra chegar e quando finalmente chegou ele nao liga,1
questionamento o relogio é a corda,1
recebi apenas a película porém o vendedor mandou uma carta informando que houve um problema junto ao fornecedor e assim que for resolvido mandará a capinha estou no aguardo,3
a loja e boa porei de todos os produtos que eu comprei só esse deu errado,4
deu tudo certo até testar o produto que não cumpre o prometido a garrafa não funciona direito por isso quero devolver péssima compra,1
o pedido chegou antes do prazo estipulado e veio certinho,4
talvez por dificuldade nos correios,3
não recomendo pois o praso de entrega é muito longo pois comprei o produto no dia e chegou dia muita demora pois compro em outros site e recebo o produto no máximo dias ut,2
essa empresa fez uma promoção descontou do meu cartao e depois não tinha o produto para enviar seu não fosse atras não saberia de nada sai muito prejudicado nessa história tenham cuidado,1
gostaria de saber se o relógio é a prova dágua,2
recomendo este vendedor,4
chegou no prazo produto muito bem lacrado em perfeitas condições,5
produto esta com atraso de dias a loja nao se pronunciou ate o momento ja tentei entrar em contado mais nao tive nenhuma resposta sempre compro por aqui e nunca tive este problema nesta rede,2
chegou no tempo certo produto bem embalado super recomendo,5
até agora só recebi uma nota fiscal de uma central para jeep renegade mais ate esse momento nada de central nem de jeep nem de elantra,1
recebi o produto dia e encaminhei um email ao stark sobre ter recebido o produto com defeito o stark informou que estaria repassando para o parceiro no aguardo da resolução,1
produto de qualidade e entrega super rápida,4
não recebi as botinhas,1
meio pedido veio faltando boa parte das perças estou tentando entrar em contato com a loja e nao consigo,2
entrega rápida,5
gostei porém agora tenho que buscar nos correios,3
estou no aguardoainda do produto,1
pedi produtos iguais vieram corretamente porém um dos produtos veio sujo sem o plástico na escovinha de limpeza como se alguém já tivesse manipulado usado fiquei bem descontente com esse fato,1
arrependi do produto fui pedir a devolução faz mais de horas e ninguem me deu uma resposta insatisfeito,1
lindo amei tudo certo chegou no prazo de entrega amei o quadro muito lindo recomendo,5
obrigada,5
pedi um perfume hugo boss energise até aí td bem só que o perfume não tem aroma nem fixação a tampa veio solta,1
a mochila veio muito pequena não cabe livros pedi o cancelamento a devolução do produto e o valor de volta como estorno no cartão de crédito desde o dia em que chegou aguardo contato,2
na descrição do produto no site foi informado que seria entregue o produto manual bateria específica porém a bateria não foi enviada junto com o produto,2
entrega no prazo ou antes e produto correto e sem avarias muito bomparabéns toda equipe,5
adoreiiii,4
não entregam os produtos comprados não tem respeito com o cliente,1
chegou muito antes do prazo excelente,5
ótima compra e bom vendedorlevou um tempo maior do que esperava para receber mas ainda dentro do prazo legal,4
o produto escolhido não foi entregue por ter saído de linha nesse caso enviaram outro no lugar com a mesma qualidade acho que se não tem o produto o mesmo não deve ficar no site disponível p compra,3
não funciona qualidade muito ruim,1
muito bom deveria ter outro tom de rosa mais escuro,4
chegou antes do prazo parabéns,4
produto de péssima qualidade nada haver com a foto a saia não é reta igual na foto fica cheia de pregas não compram só queria o meu dinheiro de volta,1
a caixa veio totalmente deformadaestragada alguns produtos desencaixados melhorar a embalagem dos produtos achei o produtomaterial fraco,2
indo a todos foi conforme eu esperava entrega rápida super indocado,5
uma eternidade apenas para separar o produto para a entrega aí o prazo estimado de entrega se foi faz dias,2
recebi o produto errado comprei um soprador para pet e recebi um bebedouro para pet com a nf em nome de outra pessoa,1
mais de dias e ainda não foi entregue,2
a loja como sempre entrega no prazo mas o produto nao recomendo ele nao funcionou ate hoje e nao sei onde levar,2
produto cancelado pior compra da minha vida tanto por conta das lannister como pela loja,1
infelizmente não recebi o produto por falha de informações com empresa de entrega recebi aviso do correio após o produto ter voltado empresa não podendo retirar,2
o produto veio faltando a ceringa para preencher o cartucho,3
comprei dois moto g s plus com duas capas e duas películas as lannister não aprovou o pagamento dos smartphones mas enviou as capas com as películas é difícil viu,5
produto entregue antes do prazo o relógio é original e de ótima qualidade não veio na embalagem original da casio veio em uma caixinha de papelão escrito casio e não veio com a garantia loja targaryen,4
só demorou um pouco por conta do correio mas foi tranquilo recomendo,4
produto foi entregue antes do prazo e atendeu as expectativas conforme descricao do produto,4
ainda nao recebi meu produto nao conseguem me informar onde está e ja demorou demais p chegar,2
falta de respeito pelo consumidor não dão satisfação sobre o atraso e a lojas lannister não dispõe de um call center onde possamos falar com um atendente merecemos respeito cliente lannister tra,1
não me atentei as medidas dela realmente mas achava improvável uma carteira não ter nenhum compartimento onde caiba o documento de identidade,3
uma empresa muito comprometida com os clientes agradeço por tudo e até a próximo pedido,4
muito bom o produto superou as expectativas,4
só chegou o modelo na cor prata o dourado não veio,3
o produto não foi entregue pelos correios tendo que ser retirado pq os horários não batiam,4
merda de loja não entregou meu pedido,1
embora tenha recebido corretamente acho que deveria ser mais rápido entre o pedido e entrega,3
recebi um produto diferente do que estava no site há entrei em contato espero que a troca seja rápida,3
produto veio sem cabo usb e fontea caixa de dentro veio danificada e principalmente parece não ser original aguardando por uma solução,1
parece que ja veio usada,2
entrega dentro do prazo produto em perfeito estado mas a embalagem estava aberta,3
não recebi nenhuma informação pedi cancelamento,1
o produto esta em atraso não muda o status desde o dia e era para ter chegado no dia hoje já é dia e ainda não chegougostaria de uma posição,2
recebi antes do prazo tudo chegou corretamente excelente lojista produto de qualidade,5
o papel enruga um pouco ao ser aplicado mas é de fácil aplicação,3
solicitei o cancelamento dessa compra entrei em contato várias vezes e todos os atendentes confirmaram que a compra foi cancelada mas no site continua como pedido a caminho,3
muito rápido na entrega,3
achei que demorou demais a entrega pelo tempo da compra,3
eu precisava de uma capa para galaxy s edge sem ser o plus veio para o modelo errado o plus quero devolvela não tem funcionalidade pra mim,3
achei o material muito frágil esperava melhor qualidade do produto comprei recentemente um produto similar que motivou esta compra mas infelizmente não foi o que eu esperava,4
produto entregue conforme descrição muita fofa,5
ótimo custo benefício,4
não recebi o produto que comprei e paguei,1
gostaria de sabe o que aconteceu com meu produto estou desepicionada com as lojas lannisterpreciso urgente de uma posição da loja pois a primeira prestação no cartão está sendo paga,2
descosturou logo que abri o pacote,2
o produto foi entregue antes do prazo loja recomendada,5
pelo preço compensasó acho que a capa deveria ser acochoada nas laterais mas e um bom custo beneficio,3
entregue dentro do prazo e bom preço,4
boa,3
produto original entregue no prazo estou satisfeito,5
solicitei a troca e ainda não fui atendida,2
é uma ótima opção de compra porém as ultimas coisas que comprei ainda não chegaram nesses pontos precisa melhorar mas nem todas foram assim,3
é o que eu esperava,4
o produto ainda não foi entregue e o prazo já está vencido desde o dia gostaria de uma atualização de vocês sobre está situação obrigado,2
produto muito bom,4
pedi uma colcha algodão e veio poliester,2
ainda vou testar o produto,5
achei q pelo preço viria o edredom,2
as peças encontramse remendadas mal soldadas pra quem é detalhista pode se encomodar,2
não costumo fazer compras pelo site já fiz compras pelas lojas lannister por ser uma loja idônea deu super certo e eu fico feliz com isso,5
produto bem mais ou menos prazo ok entrega ok porém o produto parece de camelô não é bonita nem parece que comprei em loja o matéria da mochila não é o pior mas parece do camelô,3
muito bom o produto é chegou rápido recomendo,5
não abri a caixa ainda,4
o produto comprado chegou nos correios mais os correios mandaram a cartinha de confirmaçao que o produto estava na unidade depois do prazo poderia fazer o envio do produto de novo,4
só recebi um dos produtos até o momento não recebi o conjunto quadros decorativos fé amor família com vidro a no aguardo,2
o relógio é muito bonito não me agradou a empresa o produto não veio bem embalado e faltando o manual,2
muito bom e extremamente útil recomendo,3
o produto não foi entregue e ate o momento não foi resolvido enviaram somente um email solicitando se tenho interesse em cancelar a compra ou receber um produto similar não sei qual é,2
encomendei recebi e nota fiscal de unidades já reclamei com baratheon e ibitinga decora,3
pedi o cancelamento do produto logo após a compra e mesmo assim ele foi enviado e nem chegou para mim não quero o produto,1
produto muito bom como descrito no anuncio chegou antes do prazo estimado,5
o produto que recebi não é da cor que comprei já solicitei devolução,3
estou satisfeito com a atendimento grato,5
até o presente momento não recebi a cortina adquirida nelma costa,1
meu produto ainda não chegou comprei dia mês passado já estamos acabando o mês de agosto e ainda não chegou,1
produto bem embalado com nftudo bem certinhoparabéns,5
produto com defeito,2
entrega atrasada,1
o pedido consta de produtos e até agora recebi apenas produto e o que me preocupa é que o status aparece como entregue solicito providências,1
ótimo produto chegou antes do prazo,5
entrega foi super rápido é o produto mas não com infravermelho como eu queria não vou trocar pq é uma burocracia,3
o produto recebido não correspondeu s informações de descrições do mesmo quando do ato da pesquisa antes da compra produto ruim,3
produto muito frágil não vale o valor pago,2
recebi somente itemfaltam os jogos de lençol e a compra está no site do baratheon como entrega efetuada peço para verificar o ocorrido e informar qusndobirei receber os itens faltantes,2
mas o produto é de má qualidade muito fraco,2
o produto foi entregue bem rápido mas infelizmente o brinquedo é de péssima qualidade coisa que não dá pra saber vendo só as fotos alguns dos carrinhos até já quebraram,3
fiz uma compra e não foi feita a entrega no dia marcado estou aguardando uma resposta grata fabiana,1
recebi o produto na data programada é fácil de montar e muito prático para pendurar roupas e sapatos só que aguenta uma quantidade pequena de roupas,4
a loja ótima o produto ainda não sei,4
demorou demais pra entregar,3
ainda nao recebi o produto,2
ainda não recebi o meu produto o prazo de entrega era até e até agora não chegou,1
na imagem é cola premium black de ml e foi entregue cola elite glue black de ml compro muito no site das lannister e essa foi a a vez que me senti lesada enganada,2
achei que o tecido fosse melhor muito fino,2
um site que sempre confio para minhas compras eu recomendado,5
o produto não foi entregue na minha residencia precisei retiralo nos correios,3
o produto ainda não foi entregue aguardo contato do sac,3
eu ja estava esperando uma mochila pequena ms não minuscula não cabe o livro vou ter que compra uma pasta e bonita meu filho amou,4
recebi apenas um item do pedido a notafiscal está corretatambém tem apenas um item mas e o outro item o que aconteceu não sei de nada,3
ok,4
produto chegou dentro do prazo,5
recomendo,5
produto entregue no prazo em perfeitas condições recomendo a loja e o site atendimento maravilhoso,5
loja sem vergonha não entregaram o pedido e tiveram a descaração de duerem que eu o cancelei porcaria de vendedor stark escolheu muito mal o seu paeceiro,1
comprei o produto e veio alguns pincéis de outra cor os pincéis para pó blush base são bons porém os outros como pincel de concovo é muito duro não é fofinho e as certas caem fácil,3
entrega bem rápida,4
mercadoria não foi entregue quero que reveja com a targaryen,1
produto melhor do que eu esperava,5
queria uma posição da empresa em questão da demora e o porque ainda não foi entregue,1
ainda não recebi então não posso avaliar,3
produto errado descrição dizia com bluetooth e atendia ligações de até celulares o produto que chegou não faz isso não vou trocar para não me incomodar mais azar,2
entrega vagarosa,2
o produto veio com o marcador de temperatura quebrado,1
produto de boa qualidade entregue no prazo combinado,5
mercadoria de qualidade só acho que o frete deveria ser mais acessível,2
efetuei o cancelamento deste pedido e ainda não recebi estorno se nao me retornarem vou acionar o procon,1
prazo de entrega longo demorou bastante,4
apesar do produto estar ok a caixa estava amaçado e houve um pouco de vazamento de tinta acho que faltou uma etiqueta de frágil de resto tudo ok,4
comprei por um capacete no tamanho g claramente especificado no anúncio no entanto me enviaram o tamanho m sem ao menos ser questionado se atenderia s minhas necessidades,2
tudo certo e dentro do prazo,5
o frete deveria ser grátis,4
muito bom,4
produto de boa qualidade,4
lindo como eu imaginava,5
o produto deveria chegar no dia certo até o momento eu não recebi,3
recomendo,5
entrega super rapida otimo produto,5
até hoje nada prazo era até dia,1
chegou como o esperado,4
bem rápido e tudo ok,5
efetuei a compra de pendentes ocorre que recebi o pedido incompleto dos pendentes recebi apenas já enviei emails para lannister e até agora não obtive nenhum retorno,1
é muito difícil o contato com vocês pois s vezes o problema não se enquadra nas opções disponíveis no site,1
achei frete muito caro demorou muito p chegar queria ter entregue no diados pais só chegou terça dia,2
chegou antes do previsto amei e recomendo,5
ele não é um mini cajon é um shaker ou seja um chocalho que imita o cajon péssimo,1
produto de baixa qualidade,3
tudo certo entrega rápida,3
roubo na nota fiscal são unidades mas no embrulho vem apenas uma querem cobrar sem entregar,1
nunca aconteceu isso antes com relação s minhas compras no ecommerce das lojas lannister nunca ainda não recebi o produto e nem sei se vou receber peço entrarem em contato comigo urgente,1
recomendo,4
comprei um controle remote philco e recebi na minha residência um controle remoto phillips,1
entrega feita no limite do prazo sem necessidade,3
ok,5
super boa,3
muito bonita e sofisticada ainda não instalei mas gostei,4
entregaram somente a furadeira está faltando a maleta como estava descrito na hora de compra fiquei muito chateado e fiz uma reclamação,2
ótimo produto entrega perfeita,4
muito boa entrega rapido e sem complicações,5
tudo ok,5
o produto veio incompleto faltando a alça que vai pendurar no teto eu ja mandei duas mensagens e até o momento não tive redposta,3
produto um pouco fino mas o pelo é de qualidade,4
recebi fora do prazo mas em bom funcionamento o produto é um pouco barulhento porém gela rapidamente,2
o produto veio faltando comprei unidade veio só uma e agora,1
o produto veio com defeito amassado,2
tudo certo loja sempre prestativa,4
relógio município e entrega rápida recomendo,5
qdo entro no site e coloca o frete eles dizem que entregam em semana mas demora mais,3
realizei a compra e o pgto no msm dia e ele foi confirmado em dia levou semanas para a emissão da nota fiscal a nota foi emitida mas até hj o produto não foi p transporte ou seja nunca nem vi,1
produto excelente e prazo de entrega ótimo recomendo parabéns pela seriedade e compromisso,5
achei diferente do anunciadomas tá valendo pelo custo benefício,3
compra perfeitaentregue qantes do prazobaratheon melhor loja virtual do pais,4
muito satisfeita,5
tudo conforme o planejado,4
não gostei dos panos de prato no site eram muito mais bonitos quando pedi achei que eram bege não veio estampas de corujinha,2
tudo correu bem o produto chegou antes do prazo informado e em perfeitas condições de uso recomendo a loja,4
chegou antes do esperado,5
mandei por email a informação de que recebi a voltagem errada e ninguém me deu retorno inclusive enviei um numero de celular mas infelizmente a empresa não retornou,1
comprei dois cartuchos xl hp preto veio perfeito mas o colorido acusa vazio vou tenta solucionar o problema com o site,3
muita demora e nenhuma informação,1
o produto veio embalado porém amassado,3
entrega bem antes do prazoproduto de qualidade,3
muito bom entrega bem rápida,5
produto recebido dentro do prazo e de qualidade,4
favor verificar essa informação pois não recebi este produto ainda,3
produto veio com bolhas e uns cabelos ou pelos pretos enfim quero devolver e preciso do código para postagem,1
rapida entrega,4
produto chegou no prazoporem nao veio na medida correta tentei entrar em contato para troca ou devolucao e nao obtive nenhuma resposta,2
meu pedido eram dois pneus e só foi entregue um estou aguardando o prazo de vocês mas gostaria de saber se é assim mesmo se chega um e depois outro pois só recebi um aguardo retorno obrigada,1
recebi no prazo agora e so testar o produto,4
muito demorado para fazer o estorno do dinheiropara comunicar que o produto não está disponível fiquei muito chateada desorganizadogostaria que fizessem o meu estorno o quanto antes e que isso nã,1
comprei bases para guarda sol e chegou apenas a nota fiscal mostra mas só veio unidade,1
o título do produto se não lido corretamente podese entender que é original quando não é,3
produto entregue no prazo e em ordem,5
excelente produto,4
a lannister precisa melhorar a qualidade da entrega,1
produto chegou no prazo mas com defeito estou pedindo troca ou reembolso,3
recebi o produto correto dentro do prazo,5
o produto entregue não corresponde ao produto que eu encomendei,1
o produto foi entregue pontualmente,5
muito demorada compro muito na net e por morar em uma região metropolitana todos chegam no máximo em uma semana,3
excelente produto c respondeu a minha expectativa,5
o produto não corresponde as imagens do site as rodas eram em amarelo fluorescente e vieram em verde uma das rodas não gira como as outras e não tem o mesmo desenho a marca também era outra,2
produto deixa muito a desejar um relógio digital sem luz isso é impossível ao meu ver pelo menos para mim,2
o produto não deu certo no meu veiculo por isso que estou devolvendo,2
não posso classificar ainda pois não recebí o produtoaguardando,1
comprei o kit varão como ele caia tanto que só pude usar o suporte pq o varão não deu certo paguei um absurdo e detestei,2
o produto enviado não condiz com o visto nas fotos da propaganda é de péssima qualidade não atende as expectativas e não serve para o fim que foi adquirido além do atraso na entregaquero devolver,1
produto muito bonito e de qualidade,4
comprei um produto e ele não era o mesmo da foto e por não ser o mesmo ele não funciona estou tentando entrar em contato mas nunca consigo praticamente impossível,1
comprei duas luminárias veio cada uma numa caixa escrito frágil uma a caixa amassou mas a luminária tava certinho então tudo ótimo mas a outra a luminária estava quebrada,2
o relógio lindo perfeito é um modelo pequeno e objetivo ou seja sem firulas,5
pedido e entrega sem detalhes,2
,5
até o momento não te hoje informação do produto e tb sem resposta dos emails que passri,1
adoro esse produto recomendo sim,5
capa é para o redmi note e não o redmi note x o sensor de infra vermelho ficam em lugares diferentes um absurdo,1
não sei onde o produto se perdeu mas saiu de curitiba e não chegou no rio nenhuma satisfação,1
comprei unidades porém na embalagem veio apenas um aguardo retorno,1
a peca veio com defeito,2
produto conforme descrito porém o fone de ouvido só funciona um dos lados,3
correu tudo perfeitamente,5
tudo conforme o previsto e combinado boa qualidade do produto recomendado obrigada,5
dwmorou demais e ficou tendo problemas fiz outras compras no mesmo dia e chegou rapido,1
o aparelho é bom de fácil manuseio ele só é chato para configurar ainda não regulei ele todo mas o manual é de fácil compreensão o interessante é que esse fornecedor testa antes de enviar,4
o produto chegou antes do prazo,5
ja pedi a devoluçao do produto mas ate a gora nao tive resposta da amaricanas,1
maior do que eu esperava gostei porém não vai da para minha cozinha muito grande,3
nota,5
adorei,4
ótimo serviço de entrega,4
fiquei feliz com o tecido mas acho que faltou o lençol de cima para ficar completo espero que logo lancem,3
a caneta espiã não funciona queria que vocês manda se outra para mim pôquer que vocês mandou não funciona não carrega não posso ficar com ela sim,1
chegaram as balaclavas mas nao checou a capa do ps,3
luminária linda,5
parabens essa ja é a quarta compra que faco e estou muito satisfeito,5
o produto chegou com pouco de atraso mas em perfeitas condições,3
aguardo recebimento,1
o calor do frete saiu quase a metade do preço do produto acho q precisa avaliar esse valor,4
eu aprovo,5
nf com valor extremamente inferior ao valor pago,2
comprei outros produtos e não tive problemas acredito que foi a falta do produto no estoque,2
até as que dão no lava car e postos de gasolina são melhores,2
estava previsto para que o produto chegasse dia dia houve uma dificuldade na entrega enviei email para a empresa e segundo eles houve um imprevisto dos correioso produto não chegou,1
produto conforme a descrição entrega rápida,4
demorou um pouquinho mas a cadeira é muito boa,4
só tem muito frete né poderia ser menos kk,2
efetuei a compra de dois toner e recebi somente já comuniquei a empresa que emitiu a nota fiscal estou aguardando a resposta,2
gosto muito do baratheon ja sou cliente obrigado,5
com prei nau chego nuprazo,3
não estou satifeita realizei a compra no dia de junho e até o momento não recebi o produto quero cancelar a compra,1
tudo funcionando mas percebi alguns arranhões no corpo da máquina nada que influencie o uso mas pelo valor fiquei frustrado com a loja,3
ok,3
relógio é menor do que eu imaginava mas é lindo e ficou muito bom no meu braço chegou no prazo recomendo,5
tudo certo,4
os correios fez uma tentativa pois eu não estava em casa era o dia do feriado do dia voltou para agência tive que ir buscar na agencia,3
recebi um produto de dois o pedido era uma caixa de transporte e um cobertorsó recebi a caixa mas o cobertor não,3
achei que a cortina e muito fina ela é tudo junto achei que fosse partes ela é transparente não compraria novamente,2
super recomendo,4
apesar de fazer a mesma funções trocaram os adaptadores e esse que recebi aparentemente parece ser inferior ao que comprei tanto em qualidade do material como o valor x mais barato,1
veio com barrado de fralda pode melhorar,2
adoro comprar nas lojas lannister,4
chegou antes do prazo e em perfeito estado,5
apenas obtive uma informação errada e comprei um produto fora da especificaçãomas no geral quanto a empresa e prazo nota,3
dentro das expectativas apesar do frete caro,4
o produto ainda não foi entregue,2
recebi un dia com a nf informando que tinha unidades enviei uma reclamação para a lannister foi muito desagradável no dia recebi o restante levei um susto por falta de informação,3
comprei e paguei por uma cadeira giratória com braço e recebi uma cadeira sem braço quero devolver o produto não supre a minha necessidade,1
satisfeita,5
a cadeira é confortável mas tem acabamento incompatível com o preço peças tortas rebarbas e manchas embalagem frágil chegou se desfazendo a ponto de cair peças da portaria até o apto sem manual,3
produto de boa qualidade preço muito bom e entregue no prazo,5
o produto é bom digamos muito bom porém o prazo de entregar era muito longo e além disso a entrega foi fora do prazo previsto eu recomendo o produto mas não recomendo a loja,2
caixa destruída e rasgo no assento,2
entrega no prazo recomendo a loja,5
acho um absurdo comprar um produto que diz estar disponível e não recebêlo verifiquem por favor pois não é a primeira vez que acontece exijo uma resposta convincente aguardo contato urgente,1
produto errado,2
desta vez nao recebi o produto comprado,1
produto de acordo com o esperado e entrega antes do prazo previsto adorei,5
o produto é compativel com o preço,3
gostei muito,5
o produto não é bom,3
rapidez,5
tudo maravilhoso,5
a loja eu recomendo mas o produto não ele trava e não funciona corretamente,2
onde eu moro os correios sempre fala que zona de riscoisso atrapalha muito a entrega de qq produto o prazo era pro dia se não fosse por isso tinha chegado bem antes,3
muito bonita a cortina só deveria ser um pouco melhor o material desfia muito fácil mais pelo tá ótimo,2
o produto veio bem antes do prazo parabéns pela logística excelente,5
é bm mas o material é pouco fraco precisa melhorar,3
bom,3
comprei a mochila e recebi a sacola,2
produto inferior ao esperado o mesmo foi comprado em mente a se obter o original do google não uma replica mal feita sem mais luis fernando brandao,2
cancelei o produto após a compra devido ao prazo de entrega ser dias e chegar após o feriado de carnaval quando iria utilizalo,1
até a data de hoje nao recebi o produto que era p ter chegado a mais de dias completo descaso e falta de profissionalismo e respeito com o consumidor,1
adorei a capinha protetora porém a película é menor que o celular,4
ótimo produto atendeu as expectativas,4
o prazo de entrega é muito longo demora demais,2
nenhuma informação total desleixo,1
o produto chegou no entanto não cobriu a tela toda como descrito e não é de gel é película de vidro comum,2
ótimo,5
produto maravilhoso compra fácil entrega antes do prazo perfeito super indico,5
recomendo,3
comprei dois itens semelhantes cartuchos de tinta e a confirmação foi que receberia os dois pela targaryen pois bem um veio de maringápr da use toner e o outro de são josé dos campossp da tonerbrás,4
targaryen esse parece ser seu único problema pois para mim causou um enorme nunca mais vou recuperar meus arquivos como dados importantes em um aplicativo que apagou musicas e principalmente fotos,3
mercadoria não chegou quero meu dinheiro de volta,1
recebi o produto errado,3
recebi o produto porem não gostei ja solicitei devolução mas ate o presente momento nao tive retorno,2
bom dia recebi meu pedido no prazo porém o pushing ball veio ressecado e descascando como devo proceder para receber um em boas condições no aguardo vanessa,3
otimo,5
o produto foi entregue no último dia do prazo ótimo produto,3
o prazo para entrega do meu pedido que paguei o frete estava considerada para e não recebi na em minha residencia até hoje,2
muito bom simples e pratico,5
olá a descrição do produto não corresponde com o modelo recebido,1
por enquanto estou no aguardo da troca do produto,1
como combinado,5
é bonitinho a base é de plástico pelo preço poderia ser um pouco melhor,3
recomendado,4
produto excelente e entrega super rápida,5
produto cumpre o que promete,5
amassado isso ocorreu com a carteira que necessito e desta vez não o suficiente para eu pedir troca o cinto veio solto em caixa e preso por fita receio em comprar desta maneira se não há cuidado,3
comprei dois lençóis paguei frete caro e a minha surpresa quando recebo ao invés de dois lençóis veio apenas um empresa mal caráter nem entrou em contato,1
o produto chegou no prazo em perfeito estado,5
não recebi,2
o produto é forte e resistentea única queixa é que paguei reais a mais por ser musical porém só tem som na buzina e mal dá pra escutar,3
produto entregue em ótimo estado e rápido,4
chegou antes do previsto amei o produto,4
não recebi o produto,2
bem simples mais o valor era compativel,2
bom,4
insatisfeito porque não consigo saber o motivo do atraso nem chega nada informando,1
adorei o perfume é muito parecido com o si do giorgio armani é mais suave vale a pena,5
um dos cubos veio danificadotipo amassado,2
comprei para ser presente de natal porem nao recebi o produto estou solicitando o reembolso,1
produto muito bom chegou certinho,5
o único defeito foi que o relógio estava ligando ou seja a bateria estava em uso e já apresenta sinais de esta fraca,3
não recebi o produto até agora,1
pode confiar recebi antes do prazo,5
faltou um anel vieram apenas,1
tô gostando,4
material entregue em um pacote de papel kraftrecebi a mercadoria com o pacote todo aberto e rasgadoeste tipo de empacotamento nao é recomendado pelos correios,3
como podem mandar um produto errado não existe conferências loja falha,2
o produto foi entregue antecipado custo beneficio muito bom,4
o película que recebi apesar de vir identificada a caneta como sendo para um celular lg k é inadequada para o modelo por ser pequena não a instalei pois ficaria rídicula,1
não recebi o produto e enviei duas mesagens para o vendedor e nenhuma foi respondida descaso total,1
recebi um email avisando que teria problemas na entrega o frete já era caríssimo do valor do produto e eu tinha urgência pedi imediatamente o cancelamento ignoraram o meu pedido e cobraram,1
ótimo chegou bem rápido,5
a madeira das camadas do shape do skate está quebrada o desenho do skate não condiz com o anúncio é um presente de natal preciso que seja trocado com urgência,1
só recebi uma fronhaeu comprei,1
tô aguardando pra poder avaliar melhor,3
entrega super rápida e produto fiel descrição mostrado no site parabéns,5
bom fone mas não espera o áudio alto igual ao original,4
em mais uma compra na lannistercom fico muito satisfeito com o produto valor e prazo de entrega que superaram minhas expectativas pois chegou bem antes do previsto os parceiros da amer são show,5
a entrega foi super rápida e o produto de ótima qualidade,4
leve pequeno encaixa bem na orelha pareia com facilidade possui um bom som ótimo alcance aproximadamente metros ainda não posso falar sobre a duração da bateria e a resistência a água,5
ainda nao recebi o produto,1
o produto chegou totalmente riscado e sem condições alguma de uso,1
ótimo,5
o que era para ser o presente de natal chegou depois de reis,2
comprei itens chegaram em separado e ainda falta um quero uma solução,2
embora tenho sido entregue devido ao rastreamento do produto que foi faturado no dia da compra poderia ser entregue antes,2
comprei duas cortinas e recebi apenas uma na foto ela é dividida em duas partes porém recebi apenas uma corrigindo não recebi tive que retirar nos correios,2
ainda não recebi o produto,1
adorei,4
o produto para carro pequeno,2
comprei unidades porém veio apenas sendo que a nota fiscal que acompanhou veio descrito unidades já entrei em contato com a lannister e estou esperando uma solução e entrega dos demais itens,1
o produto aparenta não ter o mesmo tamanho anunciado,3
o mostrador do mp está de cabeça para a baixo funciona só que tem esse problema,3
muito boa entregue dentro doprazo,4
bom,3
mandei uma reclamação para a americanad também não me retornaram ao invés de vir cadeira cromada veio com base de plástico,1
otimo,4
não recebi o produto que comprei comprei um gravador espiao rc e não me entregaram o produto certo recebi um gravador de voz digital s novacom gostaria de deixar a minha reclamação,1
recebi o produto no prazo mas solicitei devolução estou aguardando instruções pra devolução,4
comprei produtos e vieram apenas estou tentando entrar em contato a dias e não consigo quando sera entregue o outro produto,1
o produto chegou bem antes do prazo veio bem lacrado e bem direitinho adorei,5
o pedido consta de produtos e até agora recebi apenas produto e o que me preocupa é que o status aparece como entregue solicito providências,1
produto perfeito entregue antes mesmo do prazo estipulado obrigada,5
comprei capa película de vidro zenfone selfie zdkl mas só mim entregaram a película pediram mais dias para entregarem a capaainda não deu os diasestou na expectativa,3
amei o produto é toda a atenção dada durante o processo parabéns a toda equipe,5
recebi antes do prqzo,5
chegou bem antes do prazo informado,5
muita demoradaenrrolacao total,1
o produto foi entregue dentro do prazo porem foram comprados dois cartucho de impressora e veio um separado do outro no site só havia um código de rastreio e não consegui atendimento com a america,3
so tenho uma coisas a fala sobre o produtofui enganado pq falaram que o carro tinha funções e so tem quatro eo brinquedo não vale um real pq não durou uma hora e já quebrover se não engane mai,3
veio sem parafusos necessários para a instalação,3
produto apresentava bordas amassadas infelizmente não fui eu que recebi a encomenda para notar,3
foi entregue somente quero saber do outro produto,2
chegou dentro do prazo e intacto pelos correios não teve erro,3
produto de péssima qualidade não tem nada a ver com a descrição nem a foto,1
sempre comprei no baratheon recebi sempre os produtos antes do prazo agora comprei alguns produtos e estou recebendo parcialmentedo pedido falta duas cuzcuzeira,2
recebi o pedido corretamente,5
produto chegou no prazo porém sem manual como se utiliza uma maquina sem o manuel da mesma fiquei um pouco insatisfeito por esse ponto,2
se vocês não entregam onde eu morro porque cobram o frete sendo que tenho que ir buscar,2
o produto que comprei chegou quebrado e as pilhas totalmente amassadas,2
fico aguardando,1
tive um problema na forma de pagamento segundo os meus pais o cartão foi clonado e apareceu outra valor com isso tive que cancelar o cartão não foi uma situação agradável,3
adorei fazer essa compra chegou antes do prazo recomendo,5
entregou muito rápido eu recomendo,5
maravilha,5
produto entregue no prazo em ótimas condições e sem nenhum problema,5
bom,3
recebi parte da compra fsltou a saia matelasada e não recebi nenhuma informação sobre essa pendência aguardo instruções sobre como proceder,2
mercadorias meio confusas comprei itens do mesmo produto vieram em entregas separadas o segundo demorou uma semana a mais pra chegar,2
o único problema é que a tesoura veio sem afiação mastiga o cabelo do cliente ainda não mandei afiar para saber se é boa,3
chegou antes do prazo,3
pedi duas unidades do mesmo produto e só veio uma unidade e ninguém me da um retorno,2
produto de qualidade entrega antes do prazo excelente,5
até o momento não recebi a mercadoria estou aguardando vou cancelar a compra,1
ainda não recebi o produto,1
o produto foi entregue no prazo correto e as cores eram as mesmas das fotos porém a qualidade deixou a desejar as toalhas não são felpudas como diz a propaganda e não enxugam bem,2
o produto ainda nao foi entregue encontra se em trânsito ainda quero saber se ainda vou receber,1
vai ser de muita utilidade,5
solicitei o cancelamento do item pelo site por que estou a ser questionada sobre recebimento não recebi e nem vou favor atualizarem informações,1
tapete macio e bonito é igual ao da foto recomendo,5
produto entregue como previsto,5
excelente eficácia na venda o produto chegou em segurança bem protegido e muito antes do prazo de entrega,5
queria que tivesse chegado mais rápido,4
estou aguardando o produto chegar,1
deu tudo certo,5
nunca havia adquirido um relógio da diesel logo nos primeiros dias de uso o botão do meio se soltou e por pouco eu não o perdi sinceramente tenho dúvidas acerca da originalidade do item,2
recebi a película trincada solicito a troca a capa recebe certinho,3
no dia efetuei uma compra de bonecas o prazo para entrega esta marcado p dia porem recebi somente e estou tendo dificulades de falar com o setor responsavel p tirar a duvida,3
muito satisfeita,5
isso chegou quebrado,1
ótimo produto entregue antes do prazo,5
o produto é bom atendeu s minhas expectativas contudo o prazo de entrega deixa a desejar foram cerca de dias após a compra dentro do prazo de dias achei demais a espera,4
se superou na qualidade do produto e na entrega,5
recebi o produto correto dentro do tempo fique muito satisfeita,4
adorei,4
o produto é muito bom as cores e a combinação de luzes são muito interessantes porém o produto foi entregue com dias de atraso e a embalagem estava aberta e toda amassada,3
ótimo meu produto foi entregue antes do prazo em perfeito estado e bem embalado,5
penso que deveria haver um modo de se comunicar com a empresa caso acontecesse de encomenda não ser entregue,2
pedi uma colcha algodão e veio poliester,2
o produto veio inteiro e esta em bom funcionamento contudo veio acomodado de modo muito arriscado e suscetível a avarias e etc,2
tudo ok,5
comprei duas mochilas e recebi somente um produto é o valor vocês estão cobrando de dois produtos queto devolução do produto é meu ressarcimento,1
vale a pena pelo preço agora vamos testar pra ver se é bom,4
quero meu cartão de vcs,5
demorou para entregar,2
sempre que tentei rastrear meu produto o site estava fora de funcionamento,4
estou a espera mas ainda nao recebia,3
adorei as compras pelo site site confiável,5
a nica coisa que tenho pra reclamar é que demarcaram um imprevisto no trajeto e no tive maiores esclarecimentos fiquei preocupada e nao tive atendimento de ninguem,3
o site é de confiança por isso a compra mas imaginei pela imagem no site que o produto que comprei era maior o que não é por isso solicitei a trocavale a entrega não foi no prazo devido a greve,3
na embalagem não vieram os parafusos de fixação do assento e do encosto da cadeira tenho parafusos em casa então não é um problema grave comprarei outro produto para ver se foi um problema pontual,3
entrega rápida mas esperava uma qualidade melhor do tapete pelo preço aq na cidade encontrei melhormas gostei do desenho,1
ótimo,3
o produto foi entregue quase semanas antes do prazo final porém a caixa feio com certos amassados mas o produto mesmo está em ótimo estado,4
o maior problema foi ter de buscar o produto nos correios que não era o da minha cidade absurdo ter de pagar um frete que não é barato e não receber o produto em casa,2
estou satisfeito com o processo de compra mas não com o produto o fone de ouvido é de má qualidade e o produto tem um manual de instruções muito ruim,2
apesar de falar que o cooler era compativel com o meu purificador na descricao do anuncio nao é tive que devolver ou seja esperei a toa,1
ainda não veio meu produto espero que semana que vem venha com segurança,1
o atendimento foi excelente e sempre que eu precisar de fazer uma compra pela internet estarei utilizando o serviço da lannistercom,5
microfone nao tem o desempenho esperado,2
bom,3
pedir na cor preta e veio na cor vermelha,2
bom dia paguei pelo produto e pelo frete para ser entregue na minha casa mas o produto está no correios e adificuldade de retirar é enorme muito insatisfeita,2
ou a película é errada ou o modelo não protege toda a frente,4
produto não chegou e não tive estorno,1
não sei porque as lojas insistem em mandar os produtos pelo correio todos atrasam,1
comprei também uma resistência avulsa para o chuveiro no site lannistercombr pode ser de outra loja no site marketplace mas este produto não recebi ainda,4
produto com bom material,4
o produto não carrega nem com da mesma capacidade que o carregador original,2
mercadoria chegou muito bem embalada porém achei demorada a entrega,4
o produto não é original mas é uma linha boapor enquanto estou gostando vamos ver se ela mantém o padrão de qualidade durante os jogos daqui em diante,4
tenho o tocombox energy hd e nao funciona o controlaja pedi a solicitação de devolução,3
produto com mais de um mês de compra passando o tempo estimado de entrega e até agora sem previsão de entrega,1
dentro do prazo,4
ola comprei um filtro original mas me mandaram unidades paralelas velho ditado vendendo gato por lebre,1
o sabor do produto veio errado comprei de tangerina recebi de frutas vermelhas,2
maravilhosa,5
produto ruim furações não bate e qualidade do material e péssima,2
estou com problemas na minha entrega e vejo o empenho de todos do stark em resolver esse problema para que eu tenha meu pedido o mais breve possível entregueempenho nota,4
gostei recomendo,4
recebi apenas um produto sendo que havia encomendado dois estou no aguardo pelo outro produto o produto que recebi é de boa qualidade,2
até agora ninguém me contactou pra resolver o problema comprei o motorizado e veio o semi automático diferença de preço quase o dobroo tel é de uma atendente digital que diz q vai passar o contato,1
ja enviei varios emails reclamando sobre a entrega do produto e n me respondem,1
apesar da entrega dentro do prazo a embalagem estava levemente danificada,4
rastreio falhoproduto ficou parado na postagem,2
relogio já está descascando com uma semana de uso,2
o produto chegou como o esperado mais no decorrer da entrega meu produto veio amassado e caixa rasgada sei que a culpa fio dos correios,3
a data para chegar era de agosto o produto chego ainda em julho,5
o dia da entrega estava agendado porém não recebi,2
faltou produto e os que recebi veio quebrado,1
adorei,5
faz mais de dias que comprei omproduto e não chegou,2
recomendo porém a película veio com problemas,3
a entrega foi no prazo porem a caixa onde veio a mochila estava rasgada e as fitas descoladas por sorte não danificou a mochila,3
não foi entregue,2
ainda estou verificando o atendimento quando precisamos efetuar uma troca ou resolver um problema esse é o referencial de qualquer atendimento,2
entrega rápida produto bonito conforme descrito no site porém so chegou o lençol ainda não chegou a saia da cama,5
comprei o modelo da foto modelo ep e recebi o modelo anterior modelo hv,1
até agora não recebi nada até agora,1
meu produto veio com uma parte com defeito se trata de mdf e um lado da tampa veio quebrada,2
ótimo e chegou bem antes da data prevista,5
não gostei muito do material mas a estética é ótima,3
não recomendo a referida loja,2
entrega antes do prazo panelas são bonitas porém a frigideira veio amassada,4
estou insatisfeito pois ainda não recebi meu produto e também a central da lannister informa que esta sempre lotada de ligações e que não pode atender,1
bao tarde o produto não tampa a tatuagem como e ditofora que o fret foi mas caro que o produto compradoe a embalagem nao e igual que e mostrada na propagandaveio em um potinho pequeno demais,1
entrega muito rápida,5
produto veio mal lacrado derrubou tinta em tudo,2
recebi mais não está funcionando,3
produto de excelente qualidade,5
vendedor super atencioso e rápido eu recomendo,4
preço justo,4
os produtos foram entregues no prazo porém dois produtos tiveram a cor e o modelo alterados,3
comprei um abo dourado usb tipoc usb v ightning x a nota fiscal e a caixa vieram do cabo dourado que comprei mas o cabo veio prata,2
satisfeita com a agilidade ao emitir a nota fiscal já que é a efetivação da compra assim como o envio ocorreu antes do prazo estabelecido e o produto enviado foi exatamente igual ao escolhido,5
chegou dentrou do prazo porem a cortina estava um pouco torta na parte inferior achei a parte em pvc fina frete caro,3
bom comprei uma capinha sony xa e veio xa ultra a película também veio errado,1
satisfeita com a compra e com a empresa que foi rápida e eficiente como das outras vezes,5
ótimo,5
paguei a taxa de entrega mas tive que ir retirar o produto no correio mesmo tendo enviado um email recebi uma resposta eletrônica genérica que não me ajudou em nada,3
a entrega foi rápidasó não foi pq a cascata veio com uma mancha bem em cima da curva da cascata,4
comprei o mouse gamer usb dpi ótico botões x soldado gamer e recebi o mouse gamer usb spider om pretovermelho fortrek,3
o produto chegou porém não funcionou,2
otima compra recomendo,5
faltou um produto somente um foi entregue,3
comprei dois produtos o primeiro recebi no prazo correto e o segundo não tive sequer uma satisfação até hoje estou muito chateada,2
melhor procurar outra loja para comprar produtos as lannister vacilaram na primeira entrega e quase não entregam a segunda,2
está ok,4
produto ainda não recebido,2
do jeito q eu esperava,4
realizei o cancelamento antes da entrega e mesmo assim o produto chegou recebemos doação dos materiais por isso o cancelamento do mesmo,5
ótimo produto superou as expectativas,5
a descrição do produto fala q serve para veículos a parti de o que não é vdd tenho q fazer a troca do produto só serve para modelo pra frente,1
muito bom o produto superou nossas expectativas,4
a entrega foi feita antes do prazo e recebi o produto todo ok a cor não é muito bonita pessoalmente foi só o que eu não gostei no produto mas o material é bom e veio na medida correta,4
produto caro qualidade precária plástico horrível e mole se na descrição informassem que era plástico não compraria não compensa o valor,1
bom produto,5
cadê o produto nenhum tipo de retorno comprei dois me ligaram dizendo que só tinham um e que me enviariam estou até hoje esperando nada,1
fiz um pedido com dois itens um álbum um conjunto de folhas para cartas pokémon avulsa só recebi o álbum,4
pontualidade e confiança,5
só faltou o outro que foi comprado junto,5
cumpriu com os requisitos e em um prazo menor que o previsto,3
blz bom,4
não recebi o produto estou pagando por algo que não recebi absurdo desrespeito com o consumidor,1
foi realizada a compra porém ao verificar o detalhamento da encomenda o produto não tinha em estoque,2
entrega antes do prazo original e lacrado,5
um pouco demorado mas dentro de prazo tudo ok,4
péssima estou aguardando a mercadoria até hoje já paga pelo cartão,2
solicitei o cancelamento do produto porém mesmo assim foi entregue e recebido pela portaria do meu prédio me recuso a ter o trabalho de postar no correio,1
esperava mais do produto,4
desde o dia que não há atualização no status da minha entrega o produto deveria ter chegado dia e até agora nada já entrei em contato vezes e não obtive resposta descaso com o cliente,1
faltou cupom fiscal,3
site super confiável produtos iguais ao da foto,5
o produto chegou no prazo e ok porém não veio com nota fiscal estou ainda aguardando o envio por email,3
o produto veio empedrado e não tem consistência coloração ao misturar com água,3
ótimo atendimento entrega no prazo produto otimo,5
recebi o filtro incompleto faltando o sifão coletor aguardo providências,1
a empresa precisa fazer um estudo dos correios para onde vão a mercadoria ainda não recebi o produto pois o mesmo está preso desdo dia em um correio de reputação ruim,2
chegou antes do prazo recomendo,5
eu sofro de uma dor muscular no ombro esquerdo e no pescoço também lado esquerdo já fiz vários testes com o referido produto seguindo o que manda o manual porém até o momento ainda não obtive sucesso,2
o produto é bem simples o problema é que vem com o tampo solto e o meu apresentou uma leve diferença na altura de um cavalete e veio com ranhuras na madeira sendo que há um pedaço quebrado,3
o bebê conforto chegouporém a base não chegou,2
estou no aguardo,1
o prazo para entrega é muito longo,3
não usei o machado ainda mas parece em ordem e a entrega foi rápida,5
recomendo e se precisar voltarei comprar,5
demora muito pra entregar espero que o produto ainda venha,2
comprei duas toalhas e recebi apenas uma,1
entrega muito demorada ainda não recebi o produto,1
comprei luminarias e recebi apenas veio a nota fiscal constando e apenas luminarias na embalagem abri reclamação pelo site imediatamente e aguardo retorno,2
o produto chegou conforme a descrição do produto além disso chegou bem antes do previsto,5
por enquanto recebi apenas um dos produtos o soquete o pendente aramado duplo diamante não chegou e consta como entregue,2
infelizmente deixou a desejar porque paguei reais de entrega para ser entregue na minha residência mas não foi isso que aconteceu tive que ir na angencia dos correios pra buscar o meu pedido,2
eu não tive motivos para reclamar sempre me trataram com presteza,5
embora vocês poste no dia seguinte da compra e chegue no prazo os correios sempre deixando a desejardesanima até comprar,5
evitem mandar coisas pelos correios tem muitas transportadoras por aí que oferecem o mesmo serviço os correios é a pior instituição de transportes de encomendas do brasil não encontram casa alguma,5
o produto e de pessima qualidade o skate tem uma boa qualidade mais o kit de segurança que vem junto nao presta o capacete e de isopor e o restante e de papelão que não tem nenhuma segurança no produo,1
na foto mostrava duas suspensão e nas descrição dizia um logo entendi um par,1
estou esperando meu produto até hoje desde o dia mandei inúmeros emails e até agora nada foi resolvido,1
tudo bem satisfeito,5
boa tarde foi antes do prazo,2
ao contrário da poli house entregou o produto solicitado e bem antes do prazo previsto estou aguardando solução da poli house para a compra que não tiveram o produto para me entregar,3
não tenho como recomendar pois o produto não chegou ao centro de tratamento dos correiros em brasilia e até agora a empresa não entrou em contato para tentar esclarecer o atraso,2
suporte diferenciado pois permite depois que já apertou os parafuso apenas encaixar a tv na parte do suporte da parede,4
produto ok,3
bom produto eficaz na quilo que deve ser,4
muito bom o produto e preço cobrado,1
ótimo produto entrega antes do previsto certamente procurarei a loja no futuro para outras compras,5
produtos top,5
ainda não tenho opinião sobre a loja como posso dizer se recomendo se não recebi o produto sei do problema da greve que tivemos e deve ter afetado essa entrega não chegar no prazo no aguardo,3
comprei dois kits e recebi apenas,1
entrega no prazo gostei muito do produto muito bom,5
pedi lanternas e so veio,2
a película não encaixa não possui o formato do modelo xperia xa,2
produto de ótima qualidade muito fofinho,5
muito bom,3
gostei muito do atendimento,4
na verdade não sei se indicaria está loja pois o pedido da pomada santa chegou sem problemas mas o outro produto foi pago sendo que não tinha o produto,5
falta ser entregue uma cadeira,2
atende o objetivo porém a porta hdmi apresenta falha na imagem ao ligar o hdmi do notebook,3
timo vendedor recomendo,5
estamos testando,4
muito bom e veio rápido,4
produto bom loja boa mas ficou pequeno e não me serviu,4
demorou demais pra informar que não tinha o produto em estoque,2
o preço fo excelente e a entrega foi feita antes do prazo solicitado parabéns,5
demorou de mais pra entrega,2
rapidez na entrega,4
o produto nao chegou e eu ja até paguei parte do produto a nota fiscal nem foi emitida e a previsão de chegada expirou quero estorno do valor pago um absurdo,1
comprei pq pensei que estava comprando com as américas até agora aainda não tiraram a nota parcerias podem ajudar uma empresa a crescer mas pode tirar também seus clientes fiéis insatisfação,1
produto não corresponde ao previsto,2
eu compro sempre no baratheon e adoro tudo,5
recebido,3
ainda não recebi meu produto espero uma resposta de vcs ou a devolução de um vale para fazer outra compra já era pra ter sido entregue ontem dia é nada ainda fico aguardando uma respost,1
não chegou,1
já paguei duas parcelas de três e até hoje não recebi a mercadoria,1
produto travou não destrava dias da compra e agora amanhã é feriado como devolver,2
fazer promoções com frete grátis,4
entrega rápida,4
apesar da demora na entrega no mais foi tudo bem,2
produto igual a foto super recomendo a entrega achei q iria demorar pela situação atual da falta de gasolina mas me surpreendeu foi rápido todos estão de parabéns as lojas lannister e o fabricante,5
não é a melhor toalha do mundo mas pelo preço está perfeito,5
entrega parcial faltando chegar a base do bebe conforto,3
gostaria de saber quando chega o meu produto,2
olá não gostei desse produto não fiquei satisfeita na imagem é uma imagem bem viva chegou a imagem apagada e não é tecido mas plástico não fiquei satisfeita,5
não recebi a nota fiscal do produto preciso da nota,4
excelente meu filho amou ótimo para bebês serve até de almofada,5
pela segunda vez aconteceu problema em compra via internet primeiro foi com um climatizador que me mendaram com voltagem divergente agora com pedido feito na segunda semana de março e aainda nao en,1
ate presente momento nao recebi a a ultima cuba,2
a cadeira é boa fácil montagem,4
mercadoria certa entregue no prazo combinado grata,5
insatisfação total com essa loja vende um produto é não entrega tremenda falta de respeito,1
bom dia acho que deveria tirar o frente,4
estou aguardando a resolução do meu caso pois o produto não funciona desejo troca ló mas até agora não tive nenhum retorno,2
não recomendo a loja vitrine dos importados não tinha o produto que comprei entraram em contato avisando pra mandar outro similar fiz outra compra direto no site da loja e aconteceu a mesma coisa,2
muita demora na entrega levou mais de dias pra entregar e mesmo assim so entregou um dos produtos que eu fiz,2
duas semanas após o prazo o produto não foi entregue e nem o reembolso feito,1
aprovado,3
o relógio que eu comprei chegou super rápido bem embalado e conforme anúncio recomendo,5
comprei esse kit cozinha que teria que vir c kit pia mantimentos e codimentos porém o kit codimentos não veio as tampas de alumínio vieram arranhadas e as bolinhas das latas são adesivos e não pin,2
ótimo produto e pontualidade,5
o produto é bom porém não veio na cor que solicitei não tenho tempo para trocar então tive que ficar com essa cor mesmo,4
comprei a capinha paguei o frete caro e quando recebo o produto não veio a cor na qual eu havia comprado decidi não devolver pelo custo adicional e demora na entrega do produto correto,2
o produto é maravilhoso porém demorou muito para chegar não indico,2
estou aguardando duas garrafas ainda que não chegaram mas tem até o dia para chegar segundo administrador,4
produto entregue perfeitamente e bem antes do tempo programado nunca tive problemas com compras realizadas nas lannistercom,5
amei a atenção dada pelo fornecedor,5
parabenizo a loja pela rápida entrega e a qualidade do produto,5
recebi td certinho,4
confirmei a compra logo em seguida tentei cancelar que era a voltagem errada mas não consegui nunca mais vou comprar de vocês,1
um excelente canivete com ótimas especificações recomendo a qualquer um que busque um ótimo canivete,5
dentro do prazo,3
o produto foi entregue e atende ao prometido,4
entrega muito rápida,3
o produto ainda não chegou,1
até o momento não recebi o pedido também não recebi informações do atraso de entrega do pedido,1
comprei kit do lustre de diamante veio danificado e amassado deveriam pensar mais nos clientes em vez de vender produto danificado,2
produto entregue divergente do adquirido e não deram resposta a solicitação feita no site tratase de presente e não pude entregar aguardo troca do mesmo,3
produto chegou mais rápido que o esperado e de ótima qualidade,4
o produto não foi entregue até o momento,1
péssimo atendimento não entregam no prazo sem qualquer tipo de satisfação ao cliente horrível,2
infelizmente comprei um produto que veio trocado e não consegui solução com meses de pagamento e mês do produto errado entregue aviso não comprem dessa loja,1
deu tudo certo gostei,2
muito obrigado,1
o mosquiteiro é diferente do que eu comprei a ilustração mostra a peça com aro de diâmetro maior e com o tecido bem franzido o que recebi é como um funil detestei,2
produto razoável,3
produto na promoção veio com capa no fundo e fundo na capa tive que tirar o aspiral e colocar novamente,3
entregaram apenas um brinde acompanhado de uma carta explicando que houve problemas na fabrica da caloi e agora não sei qual será o novo prazo para a entrega,1
esperava um produto original e veio uma réplica de segunda categoria,1
solicito o estorno do pagamento no cartão de créditopela falta de entrega do produto,1
produto com material bom só as alças são moles nem parece que do mesmo material poderia ser mas firme,4
rápida entrega,5
veio super rapido excelente,4
eu recomendaria sim á joga devido a demora na entrega não compro mas no site só comprarei na loja fisica ainda não recebi meu produto estou muito insatisfeita com a demora,2
péssimo não me deram nenhuma informação nem código e pior não me entregaram,1
chegou tudo direitinhooo,5
demorou um pouco a entrega mais fui avisada e no mais tudo certo o produto chegou e gostei,4
tive problema que foi resolvido fiz a compra tentei cancelar pro várias vezes porém o produto foi enviado devolvi e fizeram o estorno a comunicação com o vendedor deveria ser melhorada,4
o produto parece ser outro pela foto,2
comprei dois produtoa iguaissó recebi gostaria de saber quando vou receber o outro,2
dentro do prazo e informacoes do encaminhamento do produto de forma clara,5
boa tarde nessa entrega estão pedidos e chegou para mim somente a mochila o controle air mouse não veio,2
o rastreio não tem atualização e ja passou do prazo,3
chegou no prazo e é funcional porém a madeira é um pouco sensível tinham peças mal encaixadas e buracos para parafusos desalinhados o tampo estava arranhado,3
eu comprei duas unidades e recebi uma unidade,2
não veio o mesmo produto referente foto no momento compra,3
até hoje não encontrei um site tão responsável que cumpre as normas antes mesmo do esperado,5
a vendedora targaryen poderia utilizar outras empresas para a logistica talvez uma transoortadora particular infelizmente os correios não é um distribuidor confiável,4
produto chegou antes do prazo e em perfeitas condições,5
recomendo,5
chegou antes do previsto tudo certinho ok,5
solicitei devolução produto com defeito,3
o produto que pedi veio numa numeração diferente da que havia pedido,2
apenas não recebi emails de confirmação de compra nem andamento do pedido nem da stark e nem da loja,3
demorou um pouco pra atualizar as informações no site fora isso a compra foi tranquila e o produto entregue no prazo,4
recebi o produto bem antecipado recomendo minha primeira compra pela net fiquei muito feliz,4
a mascara veio com um pequeno defeito na estampa como se tivesse derretido so não devolverei porque se trata de um presente que a loja confira os produtos da próxima vez antes de envia a seus client,2
veio tudo correto mas o tamanho das panelas são pequenas demais mesmo assim obrigado pela atenção e rapidez,4
gostei de comprar mais uma vez na americana,5
estou esperando meu estorno a compra foi cancelada e não obtive nenhuma resposta é não recebi o estorno,1
o produto chegou no tempo determinado porém com uma rachadura enorme na tampa e tudo lambuzadoacho que deveriam rever como embalam principalmente o que vem pra longe,2
comprei dois itens me entregaram apenas item e no meu cartão foi lançado itens aguardando contato da loja,1
produto de péssima qualidade o teflon solta com muita facilidade na hora de cozinhar são extremamente finas em uma simples lavagem de louças você consegue amassar as panelas não recomendo,1
só recebi um item pois encomendei dois espero retorno para ser resolvido a questão tentei ligar para o atendimento aos clientes e não consegui foi despachado em peso kg voljosi,2
apenas é muito demorado o prazo de entrega,3
dentro do prazo e com a qualidade desejada,5
pedi o cancelamento da compra devido ao prazo de entrega assim que foi feita recebi o produto e está aqui rpno para devolvr como devolver,2
bom amei que era móvel mas gostei,3
o produto veio fora da especificação a calota vendida tinha o símbolo da citron mas a calota veio sem este símbolo,2
recomendo,5
eu comprei mop e no mesmo dia solicitei a devolução não tive resposta ainda de como devolver e ainda por cima chegou apenas na minha casa,2
faltou a metade do pedido ou seja as fronhas em número de oito da cor bronze não foram enviadas,1
este fornecedor parceiro das lojas lannister é comprometido com seus clientes pois demonstrou profissionalismo e competência no prazo de entrega e na qualidade de embalar o produto do consumidor,5
produto bom de boa qualidade,5
ótimo,3
recebi apenas um item do pedido entregaram o relógio mas o porta cápsulas ainda não foi entregue,1
o produto apresenta um odor muito forte,3
ainda não recebi o produto mas sem receber o produto a avaliação fica furada,2
tudo ótimo chegou antes do prazo o relógio é lindo mais bonito do que eu vi na tela veio tudo certinho funcionando super bem embalado loja séria com ótimos produtos e atendimento excelente,5
até hoje não recebi minha mercadoria,1
o produto e bonito,5
nao recomendo pois faltou a entrega do pelicula,2
eu recomendo esse produto,3
produto entregue no prazo,4
o produto não corresponde s descrições de tamanho e peso contidas no site é bem menor e muito mais leve,2
muito bem embalado mas demorou muito a chegar,4
foi devolvido devido a vizinha não conhecer pelo nomemas podem voltar que será recebido pessoal cliente da entregaobrigada eunice,2
loja disse que não tinha mercadoria em estoque após semanas do pedido e simplesmente cancelou o pedido,1
comprei uma lixeira para cozinha conforme a foto com suporte somente para o pé da lixeira veio o suporte errado para banheiro com porta papel higiênico,2
muito boa na data correta,4
o prazo foi longo demais o resto tudo certo,4
achei o frete muito caro mas a entrega foi eficiente,4
não chegou todo o pedido no pedido são três mas só chegaram dois,2
bom dia adquiri cartões e só recebi como devo proceder para receber o outro lembrando que solicitei dois de gigas e veio de gigas não foi o que pedi,1
produto com preço justo e exatamente igual a imagem,4
ainda não recebi o produto,2
ainda aguardando prometeram entregar esta semana na verdade em comprei em de março e nao de abril,1
se eu não fosse tão fanático pediria meu dinheiro de voltacores fracas e apagadasa imagem ficou boamas as cores são fracas e apagadas,2
o produto veio bem antes do prazo de entrega em perfeitas condições muito bom,5
produto muito bom eu recomendo,5
achei q era um produto mais é outro,2
o produto foi entregue um dia depois do prazo e chegou com defeito estou até hoje aguardando email da targaryen para devolver e obter o que realmente comprei não indico a ninguém a compra pelo stark,2
estou aguardando o envio do produto há mais de um mês sem resposta da loja,1
muito caro e mesmo comprando mais itens vai ficando mais caro,2
pensei que fosse maior,3
até o momento recebi apenas dos cartuchos e no pedido foi feito estou aguardando a achegado do segundo cartucho até o momento nada,1
foi entregue somente a capa do celular faltando a película que foi comprada juntamente com a capa,1
entregue antesdo previsto,4
minha filha adorou as cartas,5
o produto apresentou defeito mas assistência esta me dando o devido suporte,4
porque simplesmente o fiche do maleta não traca e só de enfeite não tem sentido de ainda me mando uma chave tirando isso é lindo por dentro tem muito espaço facil de limpa,4
estou aguardando o pino de rotação há mes enviei a vcs e parceiro e nada logo será procon,1
produto bom em conforme com o preço,3
ótima qualidade,5
não recebi uma outra encomenda dessa lojaestou esperando eles me enviarem as duas proteínas de kg,2
produto maravilhoso entrega rapida,4
tudo em ordem apenas como das vezes anteriores recomendaria embalagem mais amigável com menos fita plástica,4
entrega rápida e sem problemas,5
muito bom,5
eu recebi bem antes do prazo mas infelismente veio outro produto,4
ótimo produto veio antes do prazo estipulado pra entrega só achei um pouco caro frete mas o resto td certo,5
ótima loja,5
tive um problema na entrega em que o correio colocou no site como entregue dia mais nao tinha entregue tentei contato com lannister e a loja em questao e impossivel por fone nem resposta tive,2
adorei o atendimentoa rapidez da entregae a qualidade dos produtosamei comprar no baratheontop top top,5
chegou muito rápido,5
faltaram as ventosas,2
demorou muito a entrega e ainda não coloquei no carro,3
o produto recebido é ótimo pena q o frete encarece muito,3
muito bom,4
muito boa,4
entregou fora do prazo e o produto veio amassado,3
eu comprei duas bonecas lol é só veio uma,1
a entrega foi entregue dentro do prazo,4
não posso culpar a loja porém é deprimente não receber até o momento a encomenda por culpa dos correios,3
boa tarde recebi apenas par de luvas x como posso entrar em contato para receber o segundo par agradeço desde já,2
perfeito,5
recomendo,5
o produto foi entregue bem antes do prazo e conforme solicitação muito obrigada,5
fiz uma compra como de costume e para minha surpresa veio faltando um jogo de lençol paguei em boleto e agora nao consigo nem reclamar pq o site tb não facilita,2
estou muito satisfeito tanto do produto quanto a entrega eu super recomendo,5
recebido no prazo chegaram os item separados um em um dias outro em outro dia mas tudo funcionando perfeitamente,4
produto veio torto na ponta onde medi,2
otima,4
gostei do produto,4
entrega super rápida e produto aparentemente bom funcionando conforme descrição,5
até o momento o produto não foi entregue,1
bom produto boa empresa entregou no prazo combinado e sem problemas compraria novamente,4
entrege antes do prazo,4
compra sem problemas produto ok entregue no prazo,4
o produto chegou e como estava em viagem demorei uma semana para montar e quando fui montar estava faltando uma peça que na verdade a peça principalonde se pendura os cabides ou seja vai ficar sem,2
alguns itens do produto como tampo de vidro e pés deixaram a deixar devido a fragilidade do material,4
primeira vez que fui atendida pela loja achei otima,4
os produtos são bons,3
muito linda deu um charme na minha sala,5
provavelmente evitarei comprar novamente pois a demora na entrega é muito grande,2
o produto ainda não chegou já passou do prazo de entrega,1
comprei outros produtos e sempre vieram só estou tendo problema com este mais no geral é um site muito bom de se comprar,2
realizei a compra de dois cartuchos de tinta preto e apesar da entrega correta no tempo correto não veio acompanhado de nota fiscal tampouco me foi enviada por email vou tentar novamente contato,3
preciso da nota fiscal,2
recebi o produto errado nunca tinha acontecido isso estou acostumada a comprar tudo pra minha casa online escolhi um tapete liso e veio um super diferente do que escolhi agora quero ver como vai ser,3
recebi apenas um kit e fiz a compra de kits aguardando retorno da loja,3
loja muito boa,4
produto não foi entregue,1
o produto foi entregue em tempo recorde e conforme descrito no anúncio,4
loja encaminhou o produto correto,4
ótimo deram dias úteis e me entregaram em,5
não poço dar a minha oponião porque ainda não recebir deixa chegar para pode falar alguma coisa,1
comprei uma bike já faz dias e ainda não chegou vou processar essa empresa,1
tima loja,4
meu pedido foi de produtos recebi um mas não é o que o site apresentano site consta que recebi a capa para calculadora hp mas na verdade eu recebi uma das saia para cama queen,3
eu não sei o que está acontecendo eu preciso do produto urgente e até agora não chegou tem mais de um mês,1
a balança digital é bonitaporém não calcula com precisão o peso corporal,3
material fraco,4
o produto veio com defeito ele não liga não funciona quero trocar,2
o produto veio com a caixa aberta,2
site excelente confiável,4
otimo atendimento,5
ainda n recebi a entrega,2
prazo muito longo de entrega,4
muito bom recomendo a todos,5
falta entregar o resto dos produtos dessa vez não demorou muito da primeira vez demorou um mes e vcs deveriam abaixar mais frete de vcs que é muito caro obrigada,3
não recebi o produto mas foi foi rebolsado o valor do produto,2
o material não é muito bom,3
adorei este produto veio certinho e muito fácil de montar obrigada,5
ótimo produto de acordo com o ofertado,4
era para eu ter recebido na minha residência e nao ter ido ao correio para buscar,3
só faltou o produto ser de maior qualidade mas funciona tudo corretamentechegou semana antes do prazo,4
parece que foi vendido um produto indisponivel na loja,1
lindo mas é para pessoa super bem feito e delicadi,4
entrega antes do prazo bom,4
bom,4
gostaria de saber porque meu produto ainda não chegou na minha residênciae ninguém me deu uma satisfação ou algo do tipo,1
corresponde ao prometido,4
material do produto muito inferior do que é exposto no site não é o que eu esperava sem acabamento também,3
entregas via transportadora muito demorada,4
adorei a credibilidade da loja me deram até dia para entrega é o mesmo chegou comprarei outras vezes e super indico obrigada,5
eu gostei muito estou muito satisfeita,5
recebi sim mais com defeito os encaixes sao dois igual e nao fecham,2
entregaram corretamente dentro do prazo,5
colocaram uma data e até hje não chegou e new uma data prevista para a entrega vcs colocaram dinovo,3
sempre gosto de comprar nas lannister,5
comprei cortinas e só chegou uma na embalagem não sei se vai chegar separada mais até o momento só recebi,3
o sabor solicitado não condiz com o produto que foi entregue,3
nao compensa nao imprimi nem folhas com o cartucho preto nao compensa,1
recebi o produto antes do prazo é realmente o que eu esperava ótima qualidade adorei,5
entrega super rápida não experimentei o produto ainda,5
comprei robozinho e paguei e veio so robo de unidades comprei robo pra vim unidades e veio so,2
produto entregue bem antes do prazo previsto,5
recebi o perfume mas veio sem o selo da adipec não gostei disso além do mais estava mal embalado o celofane da caixa mal fechado comprei de uma loja e recebi com nome de outra não entendi,2
ótimo,5
produto que eu recebi está com defeito de fábrica,3
entrega com o alto padrão da lannistercom,5
amercicanas precisa ter cuidado com essa estratégia de vender por parceiros estou com uma pendência há meses no sac de vocês e amercicanas não consegue resolver,4
ótimo atendimento,5
ponto negativo foi a venda de produto que não possui em estoque o que frustra o consumidor,2
recebi o produto corretamente e no prazo estipulado sem atrasos,5
erro erro,4
produto entregue no prazo como foi pedidogostei,4
recebi produto conforme anunciado,4
produto ja era pra ter chegado dia e ate hoje nada um gramde absurdo quero que seja tomado providencias urgentes,1
kkkkkkkkkkkkkk,3
recomendo por tudo da avaliaçao,5
ainda não recebi o produto,2
atendeu minhas expectativas,4
o produto não chegou na data e não recomendado é nem compro mais nenhum produto,1
muito ruim a demora na entrega se fosse por transportadora seria mesmo valor e muito mais rápido a entrega,2
tipicamente carioca recebeu em horas e entregou em horas um pacote com gramas,2
o prazo de entrega é muito extenso eu não sei se apareceu antes mas só vi depois que paguei o produto chegou vazando,2
a impressão do quadro é péssima detestei e estou tentando fazer a devolução do produto,1
falta a entrega de um pneu,2
vendeume o mesmo produto calha de chuva do honda fitduas vezesmesmo não tendo em estoque e até o momento não fui ressarcido,1
me enviaram um produto porém não foi o que pedi pedi um termômetro rosa da linha icolor porém não me entregaram o que pedi,3
recebi antes do prazo ótima experiência,5
transportador não entregou o produto,1
o produto é falsificado,1
não recebi o produto,1
falta de respeito com o cliente já se passaram dias de um prazo de mais de dias para entrega e não recebi um respaldo sobre,1
apesar de de ser entregue antes do previsto prazo de entrega é muito longoenfim mais por causa dos correios mesmo que é um lixo tirando isso produto em perfeito estado recomendo,3
não gostei da entrega pois paguei o frete que não foi barato e os correios não entregou na minha casa tive que ir buscar no correios do centro da minha cidade serviço de entrega muito ruin,2
produto baixa qualidade mesmo para o valor não compraria outro do mesmo,3
super recomendo entrega rápida,5
antes do produto voltar para o emitente deveriam entrar em contato com o remetente primeiropois assim evitaria muito transtornos,1
não tive nenhum problema o produto chegou antes do prazo,3
o peoduto veio com defeito,1
recebi o produto de acordo obrigado,4
no anúncio diz capsulas mas só recebi caracterizando assim crime de propaganda enganosa de acordo com o artigo do código de defesa do consumidor,2
me atendeu perfeitamente,3
muito bom recomendável está loja,5
a mochila é bem grande e de boa qualidade gostei muito e a entrega foi dentro do prazo,5
inicialmente pedi o cancelamento do pedido devido a falta de atualização com o produto hoje sei que é erro do aplicativo e não do vendedor,4
produto veio todo arranhado,2
pois comprei um conjunto de toalhas de banho que cada uma era de cores diferentes mais na verdade vieram das cores verdes das cores laranja e brancas,1
produto chegou no prazo porem veio quebrado,2
nao funcionou parece queimado,3
ola recebi meu produto parcial recebi a manta mais a bolinha nao,2
o produto apresenta riscos aparência de usado apesar de estar funcionando o produto foi entregue em embalagem porém envolto em papel bolha não acondicionado em caixa,3
o produto e um abridor que simplesmente nao abre pasmem eu coloquei na parede e depois fomos tentar abrir uma garrafa e a tampa da garrafa simplesmente nao cabia no vão do produto absurdo,1
produto de excelente qualidade mas a voltagem veio diferente informei a lannister com antes do embarque enesio assim me enviaram ao inves de v,2
muito bom,3
quanto a entrega foi muito antes do prazo agora falta saber a qualidade do produto,5
no pedido foi feito encomendando unidades porém recebi apenas unidade e na nota fiscal constam as unidades,2
nao gostei do produto mas ele foi entregue,2
não sei como a lannister resolve usar o próprio nome pra vender produtos de um loja tão descompromissada com o cliente não respondem o meu email reclamando do atraso e da falta de atenção,1
no fim o prazo acabou sendo de dias bem mais do que o anunciado,3
loja muito segura cumpriu todas as normas adotadas ta de parabéns,5
produto de boa qualidade chegou antes da data prevista na compra do mesmo,4
produto amassado,2
pensei que as toalhas fosse mas grossa ela são bem finas,2
solicitei o cancelamento da compra dentro do prazo de dias conforme rege o código de defesa do consumidor e o cancelamento não foi efetuado produto não entregue e o pagamento não foi estornado,2
bom,4
recebi o produto antes até do prazo combinado o tamanho foi corretoporém não veio o modelo á gás,4
paguei o frete porém não foi feita a entrega em minha residência o produto está no correio sendo que já comprei e foi entregue em minha casa o problema maior é que os produtos tem volume para retira,4
por ora recomendo a empresa targaryen pois foi entregue a mercadoriaprazo dia sempre teve alguém em casa esperando pela entrega,1
exelente loja,3
entrega bastante demorada,2
as luminárias vieram mal embaladas portanto amassaram os copinhos que escondem o fio na base não vieram,2
a compra efetuada foram dois ursos que rezam um rosa e um azul recebi somente um dos produtos que adquiri o rosa estou aguardando retorno do vendedor sobre o que ocorreu e se vou receber o outro,3
tive problema com estoque porem foi solucionado o prazo de entrega é muito longo,4
o produto é o que esperava,3
pedi o cancelamento do produto no mesmo dia da compra e não fui atendido então ou a targaryen age de má fé ou tem funcionários incompetentes,1
ótima,3
a capa protetora não é exatamente o que eu esperava deixa a desejar no tipo material e na qualidade,2
esperava mais agilidade,3
difícil de resolver um problema na entrega comprei itens e foi entregue somente e não tenho com quem falar só posso passar email e aguardar resposta,1
ao abrir a embalagem somente constava os cestos e os pés da fruteira não vindo toda a estrutura de madeira gostaria que verificasse o ocorrido,1
tudo certo nao a nada que o desabone boa passeria,5
produto bom pelo preço ofertado,5
legal,4
esperava muito mas qualidade do produto como vi na foto ficou muito a desejar,4
muita demora na entrega,2
comprei quite e so recebi estou aguardando o outro,1
boa noite infelizmente o produto é bem menor em tamanho do que imaginava gostaria de efetuar a troca grata,1
numeração muito pequena o g parece um p quanto a loja tudo de bom,3
recebi apenas um de dois que comprei um lixo já abri chamado no stark para cancelar a entrega do outro e estornar o dinheiro pois não vou pagar reais num boneco falso da pior qualidade,1
o produto chegou depois do prazo mais recomendaria esse site,4
excelente,5
o produto chegou com a pintura lateral descascada e o lacre não estava violado então ela já veio com defeito do fornecedor mas como fica mais caro pedir pra trocar vou ter que ficar com ela,2
veio a cor errada e não estou conseguindo encaixar corretamente as pulseiras,1
recomendo pois é a primeira vez que acontece mas pedi a devolução pq o produto veio sem acessórios diferente da propaganda esperando lannister dar retorno,2
excelente,1
recomendo valeu beijo,5
recebi o produto dentro do prazo,4
ótimo,4
produto ok mas prazo de entrega muito extenso foi dentro do prazo informado mas que era muito grande sei que culpa é dos correios mas poderia ter uma alternativa,4
tudo certo,5
só achei o carteiro de muita má vontade moro no quarto andar estou grávida e só estávamos eu e minha avó já idosa em casa no momento da entrega e ele se recusou a subir absurdo,2
ate agora aguardando a entreganâo cumprio o prazo,1
material bom entregue dentro do prazo,3
muito bom,3
comprei o produto e está com dias de atraso na entrega e ninguém entra em contato para explicar eu não consigo contato com a loja,1
entrega rápida produto corresponde conforme a foto,5
gostei muito chegou tudo certinho e antes do prazo tudo bem embalado super recomendo produto de qualidade os sabores são ótimos tudo em perfeito estado estou usando e estou gostando muito eu aprovo e,5
exemplo de competência,5
maravilhosa acima das minhas expectativas adorei,5
o produto não chegou em casa tive que pegar no s correios mais longe do meu bairro,4
a empresa é falha,2
linda cortina adorei o tecido,5
gosto muito de comprar nas américas compromisso e seriedade com seus clientes parabéns,5
adorei a cortina,5
dentro das espectativas,4
gostei do produto e a entrega foi muito rápida,4
depois de mais de dias constatei pelo site que a entrega do produto estava cancelado sem nenhuma explicação do motivo até porque o produto já estava pago e tive dificuldade para saber o acontecido,2
comprei o relógio com a borda azul conforme o anúncio aqui no site e chegou com a borda amarela e botões,2
entregue bem antes da data,5
não entregaram o produto todo,2
produto bomde qualidadechegou no prazo em perfeita ordem indico a todos,5
produto diferente do oferecido e cheio de defeitos,1
só achei que demorou muito pra entregar,4
tudo dentro da normalidade de venda compra e entrega,5
rapidez na entregaótimo,5
recomendo a um amigo,3
porém não é muito grande pra passeio são ótimas agora pra levar a maior pra maternidade não cabe muitas coisas,4
a mesa que recebi não é nem ao menos parecida coma que comprei não dá nem praconsiderar o mesmo tipo de produto,1
termometro veio quebrado preciso de outro,2
produtos vieram muito bem embalados e são exatemente como nas imagens perfeitos,3
produto de qualidade nem parece que meu zenfone zoom está com película já que ela cobre a tela inteira realmente protege,5
nunca tive problema,5
produto entregue antes do prazo e muito bombonito e de qualidade boa,4
produto muito bom com acabamento perfeito e muito confortável vendedor muito bom com entrega feita no prazo e com o produto conforme pedido,5
bom,2
o kit veio incompleto está faltando o lençol de baixo e o lençol de cima gostaria que enviassem,3
comprei tapetes e so recebi um já reclamei e não tive resposta,1
boa noite quando liguei a peça na tomada estragou aos minutos aguardo solução att,2
o produto não é aquilo que pensei parece imitação bem barata,2
produto entregue no prazo e de ótima qualidade,5
demora muito pra entregar,5
esse produto é maravilhoso,5
comprei um produto e foi entregue outro,2
a loja está de parabéns junto ao correio produto muito bom,5
antes os produtos vinham do stark depois começaram a vender de outras lojas agora terceirizou a terceirizaçao pagamos frete para cada produto agora com a targaryen não sabemos nem de onde vem,3
recebi porem com defeito,3
a qualidade do produto não ficou a contento,3
tudo ok,3
o produto é bom mas a entrega é muito demorada pensarei mais vezes antes de comprar existe o mercado livre e com mesmo valor de frete o produto chega em menos de dias,3
prazo mto longo,3
estou aguardando,2
poderia avaliar melhor quando meu produto for entregue pois até a presente data não foi silvania,1
o produto foi entregue obrigada,4
esperaria um produto que não fosse made in china,2
otima,5
gostei muitoproduto entregue antes do prazo,5
comprei unidades chegou em um dia e a outra no outro,3
não parece um tapete parece um jogo americano de tão pequeno e fino,1
a entrega foi muito rápida e o produto atendeu as expectativas,4
gostei venho tudo certinho,3
foi feito uma compra com três itens mas chegou dois falta um com a loja targaryen estou aguardando o ultimo um cachecol são paulo fc estações mod este ainda não chegou,2
mto demorado,2
produto ótimo custo beneficio e agradável p presente,3
o produto veio estragado,1
nao recebi,3
lamentável quero meu dinheiro de volta produto de péssima qualidade e nao funciona,1
eu coprei seis como veio na nf porem so chegaram,3
cor do produto no anúncio é completamente diferente da cor do produto que recebi no anúncio é um marrom forte e o produto que recebi um marrom fraco muito diferente,2
recomendo para todos muito boa,5
a empresa entregou fracionado o produto comprei duas embalagens a entrega de uma ocorreu em um dia e a outra depois de dias,3
tudo deu certo chegou na data certa e conforme o anúncio,5
chegou certo a antes do prazo previsto obrigada,3
satisfeito com o produto até o presente momento,5
sempre que precisei da loja fui atendido prontamente,5
a pelicula que informam como sendo de gel no anúncio na verdade é uma película comum de plástico,2
estou satisfeita,4
a imagem da pintura é perfeita igualzinha do anúncio porém achei o material pouco resistente e não tem acabamento nas bordas das peças mas é lindo,3
na discrição o relógio e masculino mais agora na mão parece feminino muito pequeno não gostei quase não enxergo os números,2
nao posso opinar aind nao recebi,1
bom,5
o produto comprado demorou demais fiquei irritado,4
esta loja targaryen não cumpre o prazoeste pedido eu recebi porém o anterior a este ainda não chegou,2
produto entregue com antecedência e preço muito bom,5
não recebi o relógio digital até a presente data,1
demorou para chega porém no último dia do prazo gostei da gualidade do produto,4
tudo foi entregue corretamente,5
o prazo já passou e nada do produto chegar,1
obg a todos,3
foi entregue antes no prazo mas comprei produtos da mesma distribuidora cobraram fretes e entregaram em dias diferentes,3
foram comprados dois produtos e apenas um foi entregue,3
não veio em uma caixa apenas em uma embalagem,3
veio numa sacolinha mó feia fora da caixa,3
achei o frete muito caro pois fiz duas compras conjuntas,3
produto excelente de boa qualidade na foto parece mais claro do que é mas gostei mesmo assim,5
pois por baratheon é mais rápido por exemplo na compra no baratheon agente compra hoje exemplo na sextafeira chega o produto que agente comprou de essa loja chegou faiz na data que foi co,2
os grelhados ficam especiais,4
ótimo produtoentrega no prazo,4
apesar de chegar no último dia do prazo estabelecido o produto demorou quase um mês para vir uma entrega tão simplesisso que dá terceirizar tudo e não ser a responsável direta pela comercialização,2
estão faltando duas garrafas de vinho a compra foram e só veio tomem providências atenciosamemte,1
eu não recebi porém acredito que seja reflexo da greve,2
veio certinho e não demorou só a latinha que veio um pouco amassadinha mas gostei da pigmentação da tinta,4
recomendo,4
valor do frete muito alto,1
entrega rápida e a qualidade do produto é um pouco abaixo do esperado porém pelo valor está satisfatório,4
caro e de péssima qualidade,2
o produto entregue não correspondeu ao comprado,2
poderiam ter a opção de frete por sedex ou transportadora para agilizar a entrega,3
sei que isso é culpa do correios q é uma porcaria estatal do brasil mas é a unica reclamação quanto ao produto tudo ok,3
só acho que tem que ser mais fácil de acompanhar o produto durante o transporte,3
já venceu a data limite para a entrega do produto mas ainda não foi entregue para mim a minha compra ainda estou aguardando espero que chegue na segundafeira,2
não recebi o produto e tento entrar em contato e não consigo sair do atendimento automático,2
sem estress,5
gostei muito de comprar excelente loja parabens,5
recebi o produto e ele fuciona normalmente porem o mesmo é diferente das imagens ilustrad a no site já avia comprado em outro site e veio uma replica identica ao original por isso não recomendo,2
o produto não foi entregue,1
apesar da entrega rápida o produto é de má qualidade tratase de um relógio em relógio bússola e termômetro mas a bússola não funciona,1
chegou super correto antes do prazo,5
produto não chegou no prazo,2
gostei foi entregue na data estipulada,5
excelente serviço de compras on line,5
o produto na venda era uma imagem clara e bonita quando chegou e totalmente preto e quase não da para ver a imagem,2
demora muito pra chegar,2
comprei um adaptadorno ato da compra apareceu que era dias úteisesperei mês e nem a nota fiscal me mandarammeu pedido era para chegar dia,1
mês e ate hj minha encomenda não chegou e o vendedor nem se quer deu satisfação explicando algo mandei reclamação e nada dele responder,1
esse foi terceiro produto que comprei porém a qualidade desse comparado aos dois últimos é muito inferior,2
as vezes acesso o site de uma determinada loja seleciono o produto e vejo que não é vendido por aquela loja desistindo da compra mas é por parceiros como este que não mais farei isso recomendo,5
foi entregue antes do prazo chegou tudo certinho recomendo,4
paguei por baleiros e veio apenas,2
infelizmente nenhum dos pinos serviu para o meu note,4
falta de consideração com o cliente pois ocorreu problema na entrega é em momento nenhum o problema foi tratadoduas compras uma com prazo de entrega e as atrasou liguei dia reclaman,2
está demorando a chegar o meu produto,2
a caixa do produto veio quebrada,1
otimo produto entrega perfeira,4
não recebi o produto no prazo prometido,3
aguardando retorno e esclarecimentos sobre o ocorrido,1
recebi um produto totalmente diferente do que comprei abri pedido de devolução no site dia e ainda estou no aguardo de uma resposta,1
a entrega foi antecipada pela loja bom preços com agilidade vale comprar,5
chegou antes do prazo previsto,4
minha impressora não tá reconhecendo o cartucho colorido que comprei comprei um original para não ter nenhum tipo de problema mas fiquei na mão o que a lannister vai fazer com relação a isto,1
chegou antes do prazo previstoatualização do rastreamento real,5
quero saber cade o meu produto,1
recomendo a loja produto entregue dentro do prazo e de ótima qualidade exatamente como esperava,5
tava faltando,4
antes do prazo,5
produtos entregue dentro das normas e entregue conforme o que foi pedido,4
já comprei vários produtos pelo site lannistercom e sempre recebi bem antes do previsto este é o segundo tapete que compro e assim como o outro chegou atrasado no site não obtém o rastreamento,1
não recebi até hoje,2
adorei a carteiraestou esperando o outro produto capa carteira para celular obrigada,5
algo aconteceu errado pois não recebi estes itens contudo já recebi outros itens que comprei na mesma ocasião aguardo um retorno,1
a entrega foi bem antes do esperado o produto é de qualidade venho em uma embalagem perfeita,5
adorei o produto e as cores parabéns a loja,5
por enquanto só foi entregue o decantar a tábua ainda não chegou sendo que os dois produtos aparecem como da mesma loja chegou um email para eu ir retirar nos correios porém so chegou um deles,2
produto não foi fabricado com toda atenção que deveria terparte do couro esta menor que a placa causando perda de qualidade do produtodeve ter mais atenção do fabricante para não ocorer mais erros,1
recebi o produto com a cor errada no anúncio dizia que a cortina era lilás com palha e veio lilás com branco,2
os correios atrasaram a entrega e a encomenda esta parada la no centro de distribuicao,1
ótimo,5
o produto foi entregue corretamente e dentro do prazo,4
fiquei esperando o produto chegar e nada mostrava que tava transportando mas nunca saía do mesmo lugar tive que cancelar a entrega to esperando pra vê se eu vou ser ressarcido do valor,1
ainda não estalei o teclado para afirmar que está em perfeitas condições todavia quanto a compra foi um processo tranquilo e recomendo,4
comprei nove cadeiras e chegou só cade o restante,2
entrega dentro do prazo produto conforme anunciado,4
recomendo,5
frustração,2
demora muito pentregar,2
não recebi o produto comprado e nenhuma informação do mesmo estou totalmente insatisfeita com essa loja,1
comprei na cor preta e chegou estampada,2
o produto foi entregue conforme pedido no entanto a película veio rachada como faço para proceder quanto a isso,4
o microfone não está funcionando tá com um som muito baixo e estranho o que fazer para utilizar a garantia,2
muito eficiente,4
produto não entregue e site não disponibiliza para ligar pedindo estorno,1
recebi apenas o copo térmico personalizado mas a placa decorativa não,1
gostei,4
o produto não foi entregue nem se quer chegou em casa,1
boa tarde achei que demorou bastante a chegar em minha residência mas apesar da demora estou satisfeita com meu varal,2
relógio falso difícil de acreditar que as lojas lannister compartilha dessa picaretagem,1
não foi o que eu esperava o produto e baixa qualidade,2
comprei duas cadeiras mas chegou apenas uma a loja prometeu reenviar a segunda cadeira estou aguardando,3
tem que ter responsabilidade,3
gostei do produto,4
achei muito bom site recomendo sim a outras pessoa,5
o produto foi entregue dentro do prazo e chegou em perfeito estadoestou satisfeita,5
comprei o produto como presente o correio fez a primeira tentativa de entrega e não havia ninguém na residência e o produto teve que ser retirado na central dos correios e apenas eu poderia retirar,2
estou aguardando minha mercadoria não recebi nenhum contato sobre o atraso na entrega minha mercadoria,2
foi entregue no praso o produto o ótimo,5
entregou no prazo recomendo,4
apesar de receber o produto no prazo recebi email apontando problema na entrega do produto,4
a pelicula chegou quebrada sem condições de uso,2
ótimo vendedor,5
o relógio é lindo e chegou no prazo apesar de o prazo ter sido bastante extenso foi o melhor preço q encontrei no produto mas veio com um risco no botão reverse nada q impeça seu bom funcionamento,4
ótimo produto,5
mercadoria bem protegida e embaladaentregue no prazosem avariasestou muito satisfeita,5
produto recebido,3
o produto aimda não chegou,1
produto chegou bem antes do prazo estimado a lancheira é linda estou muito satisfeita com a compra,4
produto chegou como combinado dentro do prazo e bem protegido recomendo,4
tamanho super diferente da imagem do anúncio super chateada com a diferença,2
tudo ok,4
nada a reclamar recebi o produto bem embalado e em perfeito estado,4
comprei uma caixasuporte de madeira para máquina de costura portátil chegou antes do prazo e em boas condições recomendo esta loja,5
recomendo amei comprarar no baratheon já fiz varias compras e a satisfação só alimenta cada vez mais super indico,5
o produto chegou conforme o combinado,4
mal embalado e por ser de vidro veio quebrado e estou aguardando posição do vendedor,1
excelente,5
produto inferio ao da foto ponteiras que vieram não são compativeis com o produto,1
ainda não recebi meu produto,2
ainda não usei o produto mas gostei do que vi muito bom,4
recebi o produto dentro do prazo exatos dias apos a compra,4
primeira vez que tenho problemas com a lannister acredito que não seja comum dado meu histórico de compras espero que não se repita,2
na propaganda está escrito mixer elétrico e veio um portátil que eu tenho três que quebrou por isso eu queria um elétrico vocês devem especificar melhor os produtos,3
comprei o produto faz mais de dias e não recebi,1
primeira tentativa de entrega não havia ninguém em casa dia e de abril conforme dizia no rastreamento a previsão de entrega eu estava aguardando e não foi entregue,2
a demora não foi da empresa foi do correio mercadoria de excelente qualidade recomendo,3
meu produto vei quebrado a tampa na parte de trais,3
ótima rede para levar ao parque pena que não aguenta um casal mas dá para tirar um lazer,4
tudo certo,5
entrega no prazo combinado porém pedi duas unidades mais entregaram só uma,4
realizei a compra com quase um mês de antecedência e o vencedor foi postar o produto com menos de uma semana para o prazo de entrega além de realizar perguntar se estava tudo ok e não ser respondido,2
nao recebi gostaria de estar recebendo o dinheiro de volta,1
muito bom entrega super rápida,5
muito boa essa loja não atrasa o pedido os produtos vem certinho,3
produto entregue antes da data previsa maravilha obrigado,4
recebi dias antes do prazo e muito bem empacotado,5
no site estava como havia que já havia recebido tudo e um dos produtos não tinha vindo,3
recomendo produto entregue no prazo de boa qualidade sem avarias,4
uma cadeira realmente bonita fácil de montar achei um pouco fraca as rodinhas mas pro meu uso o custo benefício foi positivo,4
entrega muito rápida,5
na entrega veio faltando os dois assento futon que eu comprei fora do kit ou seja só entregaram os kits continuo aguardando o contato de vocês,2
foi entregue antes do prazo,5
correio não entregou na minha residência tive q ir busca lá correios,2
atendimento ta otimo,5
chegou antes do prazo produto correto adorei,3
colei o espelho na parede a cola e pessima nao foi passado orientacao para comprar uma fita adesiva melhor ele descolou com tempo caiu e quebrou a ponta,2
no prazo,4
achei por ser uma loja conceituada seria mais rapido a entrega achei nque tem muita burocracia e demora demais,1
recebiemdo o produto no prazo produtos de qualidade eu recom,4
comprei duas unidades e recebi apenas uma,1
chegou tudo certo troninho está fazendo um grande sucesso com minha filha,4
chegou quebrada pois a embalagem era péssima,2
só não dou avaliação maior porque passei pelo desconforto de achar que tinha caído numa fraude pois recebi a nota fiscal sozinha num dia e só no outro dia recebi o produto,3
gostaria de saber o motivo do não recebimento do produto que paguei,2
mais agilidade na entrega,2
o produto chegou antes do prazo esperado,5
os produtos foram adquiridos em e prometidos para até portanto não cumpriram o longo prazo,1
ótimo,4
o produto é ótimo e veio bem acondicionado mas houve contratempo na remessa as lannister mo informaram mas a loja parceira contatada por email duas vezes não me respondeu o caderno veio enfim,4
olá assim foi me vendido um frasco com cápsulas e é foi entregue um frasco com cápsulas,1
io,4
bom custo x benefício pra proteger o crânio da criançada,4
produto atendeu as expectativa,4
só a estampa que não é tao viva as cores como a da imagem mas o produto é bom,3
otima,4
vários atrasos e o produto com absurdo de atraso aguardando providências da lannistercom,1
gostei do design do relógio porém veio sem a caixa e jogado na caixa do correio na minha opinião cada detalhe é importante principalmente com a fidelização do cliente,2
produto um tanto pequenopotes sem boa vedação na tampa,3
eu estou com medido de devolução do produto esperando as hrs que a lannister me pediunão vou utilizar o produto com meus alunos baixa qualidade tecido ruimliso costura desfazendo,1
boa tarde acabei recebendo um produto cuja a compra já havia sido cancelada agora solicito instruções para devolvelo já enviei três emails para o atendimento ao cliente e até agora sem retorno,1
ja esta em atraso de dias,1
ótimo atendimento,5
comprei cobertores de microfibra no qual recebi apenas ficaram faltando gostaria de saber se vão fazer o estorno do valor ou vão reenviar o produto,1
entregue antes do prazo dias recomendo demais e o produto veio exatamente o que comprei,3
eu só recebi uma mercadoria o outro pneu não veio recebi um pneu,2
difícil diálogo com vendedor,2
a encomenda chegou atrasada no site não mostrou detalhes do objeto não foi o que eu buscava foi uma perca de tempo e dinheiro,1
excelente,5
produto chegou antes do prazo,3
coloquei como não pois so veio um produto e ficou faltando o outro na avaliação consta os produtos sendo que so recebi um entrei em contato com a lannister e não me responderam ainda,3
os produtos chegaram dentro do prazo recomendado já usei e adorei,5
comprei tres produtos paguei pelo frete de cada um deles e recebi apenas um em casa os demais fui obrigada a buscar nos correios qual a lógica mesmo vendedor e entregador fretes individuais e um,3
atendeu bastante as minhas expectativas fácil manuseio em relação ao ajuste de horas dentre outras funções,3
em se tratando de avaliar a entrega não tenho o que reclamar porém recebi o produto danificado gostaria de saber como posso solicitar a troca do mesmo ou o crédito fico no aguardo de um retorno,3
chegou no prazo e o produto de boa qualidade,4
meu produto veio errado e nao consigo fazer o cancrlamento no site qrooo cancela a comprar alguem pf me ajudeeeeee afff,1
recebi uma mensagem da lannister para que eu fosse retirar meu pedido no correio fui e deu tudo ok inclusive já tenho um outro pedido com o mesmo produto,5
ainda não recebi o produto apesar de constar no acompanhamento que foi entregue solicito informações mais precisas da entrega,1
lannister essa loja e muito boa recomendo,4
muito bom o processo de compra sem imprevistos com destaque para entrega que ocorreu antes do prazo e o brinde que incluíram,5
comprei duas luminárias e só veio uma,1
produto muito bonito muito bem acabado pintura linda conforme o que descreve no anuncio entrega dentro do prazo e muito bem embaladas com nf,5
minha filha que comprou e gostou,4
recomendo,4
nao quero ficar com o produto quero devolver nao abrir achei que era panelas grande mais e pequena parecem de brinquedo pelo tamanho da caixa preciso enviar pelo correio mim passa os passo,2
entrega muito rápida antes do prazo estipulado,5
muito bonita,5
muito bom o produto bonito e com boa qualidade de acabamento e som,4
pedi a saia branca me mandaram creme,3
o produto chegou conforme anunciado gostei,4
comprei pra da de presente e até hoje dia não foi entregue muito triste com essa compra q fiz aguardado,2
produto bem acabado de boa qualidade,4
a loja eu recomendo porque já fiz várias compras e nunca tive nenhum problema nem antes nem durante e nem depois da compra já o produto ainda não sei tenho que usar antes para saber se vale,3
eu comprei dois produtos de ml cada recebi dois de ml ainda com o produto vazado quero meu dinheirooo,1
não sei ao certo se o problema esta no fornecedor ou no transportador,1
pela primeira vez q comprei estou muito agradecida entrega foi rápida parabens,5
produto diferente do anunciado,3
comprei e recebi somente,1
pensei que a cinta seria mais larga é muito estreita para cargas pesadas,3
produto chegou muito rápido e sem nenhum problema,5
espero que seja sempre assim rápido e produto perfeito,4
o produto é feito de um material de boa qualidade mas é muito difícil colocar a lâmina de uma forma precisa no navalhete podendo até se ferir na hora de colocar ou retirar a lâmina,2
então vocês não pediram avaliação do produto eu estava pronta para avaliar joguei dinheiro fora o mop não presta propaganda enganosa o cabo só mede metro tenho estatura baixa e mesmo assim,1
dentro do combinado,5
foi bem atendido,5
ainda aguardo a entrega deste produto não foram entregues nenhuma das unidades compradas,1
entrega rápida e produto muito bom,5
xxxdf,3
loja muito responsavelentrega muito rapido antes da data marcada,5
o produto chegou no prazo acordo com o que está na foto porém o mapa não é completo algumas partes não aparecem não gostei,2
ainda não posso posso opinar pois começei a tomar esta semanae fiquei triste porque os frascos chegaram amassadosobrigada,4
comprei uma garrafa que era pra ser térmica e de térmica não tem nada,1
o prazo de entrega determinado pela lj é mto grande,5
veio como eu esperava,1
bom,3
entrega boa,4
caso precise levar algo mais pesado como latas ou vasilhas mais cheias é ruim o cooler tem a alça costurada na aba do velcro se o alimentobebida foi mais pesado g a alça puxa a aba e abre,3
não recomendo pois recebi algo que não foi o que comprei,3
poderia ser mais rápida a entrega,3
produto não chegou não tive nenhuma resposta do vendedor ate hj a nota foi faturada no dia com previsao de chegada para dia ate agora nem produto e nem posiçao do venddedor,1
tudo perfeito mas com relação a pelicula não esta conforme o anuncio pois a pelicula não serviucaso haja condiçoes de enviarem a pelicula certa ou seja lg q plus desde ja agradeço,4
estou satisfeita com a compra,3
demorou um pouquinho porque ficase ansioso pra que chegue logo mas foi dentro do prazo tudo ok,4
meu produtp ainda nao chegou,3
o skate não veio com a estampa da foto na venda,4
comprei duas unidades mas na embalagem veio apenas uma quero saber o que houve pois paguei dois e recebi apenas um,2
pedido com dois produtos entregue apenas,1
entrega feita antes do prazo produto de qualidade ótima prestação de serviço ao cliente,5
produto entregue dentro do prazo e a qualidade do produto parece muito boa,4
ainda não usei mais recomendo,3
o produto chegou em uma semana mais ou menos bem embalando e lacrado muito bonito estou feliz com o serviço,5
excelente,5
obrigado,5
esperei dias após o prazo determinado pra entregue do produto e até agora nadase o produto tivesse sido entregue recomendaria essa loja,1
não vem com nenhuma identificação por escrito,3
insatisfação,2
o produto chegou incompleto não consigo contato nem com a lojas lannister nem com o telefone que veio na nota gostaria de resolver isso o mais rápido possível,1
rever o prazo de entrega,4
recebi no prazo mas comprei o hoverboard com bolsa e ela não veio gostaria de saber por que,2
o produto apresentado na foto não condiz com o produto entregue o arco não é tão grande e o babado só fica virado para cima não tem caimento e não tem acabamento em renda,3
ultrabook muito bom rápido e bonito e lannister como sempre entregando antes do prazo,5
comprei dois produtos iguais e acabei recebendo só um o que devo fazer,3
muito bom,4
não recebi meu produto ainda,1
fiz vários pedidos lannistercombr esse pedido veio faltando cd e o lucro não estava embalado no plástico os outros pedidos vieram os livros embalados no plástico e cd dentro da embalagem,2
encomenda recebida com ressalvas com relação a data da entrega,2
a entrega ocorreu no prazo estipulado,3
gostei da luva preço acessível e entrega rápida,4
ainda estou avaliando a qualidade do produto pois nao conhecia o mesmo,4
a entrega foi muito rápida chegou antes do prazo esperado,4
excelente produto,5
faltou jogo de toalha,3
comprei celular e so madarm e nato fiscal comprando os dois,1
a cortina é bonita porem muito fina nao bloqueia a luz do sol,3
o produto é caro e pouco atrativo,2
produto chegou porém veio incompleto sem o bebê conforto aguardo resolução,1
o problema eh que pagamos fretes pro mesmo fornecedor de cartuchos aichega um com dias e outro com mais uma semana este eh o problema das lannister falta gestão junto fornecedor,3
atendeu minha expectativa,4
compriu seu prazo de entrega,1
feliz com a compra,4
me deram dois prazos de entrega e não foi cumprido nenhum dos dois,2
rapidez na entrega lucro rápido,3
tudo transcorreu sem maiores problemas,5
está faltando item gostaria de saber quando vai ser entregue,3
na foto apareceu um modelo e veio outro da mesma personagem,4
comprei o pendrive com usb gb porém veio uma versão tentei realizar a troca do mesmo através do site lannistercom mas não tive êxito até agorapode ser problema da targaryen ou lannister,1
meu produto veio errado pedi um estojo de pincéis com e veio um estojo de tesoura no nome de gabriel leão,1
produto de bom custo beneficio,5
o produto não é o mesmo da foto fiquei com o produto porque gostei da cor mais me senti enganada pois pedi um produto e chegou outro,2
bom,4
infelizmente o produto não era do tamanho que eu esperava mas foi entregue em perfeitas condições e dentro do prazo,4
bom dia o produto não foi entregue e no rastreamento ainda colocaram que não tinha ninguém em casa o que é uma mentira porque ficou gente em casa o dia todo espero que seja entregue,4
muito boa e correta no prazo,5
mais uma ves parabens a lojas americana ea targaryen pelo compromiso com o crienteobrigado ate a proxima,3
tudo ocorreu de forma eficiente,5
não posso avaliar sem ter recebido o material até agora minha avaliação é extremamente negativa,1
muito bom,5
muito bom entregaram antes do prazo,4
minha entrega foi dentro do prazo eu recomendo obg,4
falaram que iam me ligar e até agora nada não recebi meu produto,1
adoro essa loa super recomendo,5
recebemos quase mês antes da previsão produto muito em conta recomendo,4
eu pedi a devolução do dinheiro após inúmeras tentativas de contato sobre a entrega e nem sobre isso obtive resposta,1
site confiável,4
meu produto não foi entregue e não há informação sequer se foi emitida a nota fiscal não recomendo a loja não dá assistência ao cliente,1
poderia entregar mais rapido,1
recebi apenas uma garrafa do produto limoncello italiano premium coppo ml,1
não recebi o produto ainda já passou do prazo estipulado pela loja só me informaram que o produto não chegou em porto alegre que houve um imprevisto,2
só que o controle não funciona todas as funções da minha televisão acho que não é o original mas enfim funciona as funções básicas,3
chegou bem antes do prazo estipulado,5
nao recebi,2
o kit comprado era composto por peças mas apenas foram entregues,3
estou satisfeita com a compra,3
gostei da rapidez da entrega e do email de avaliação,1
bom produto,4
gostei do produto chegou antes do prazo mas fiquei triste pq eu tinha feito um pedido antes e foi cancelado recebo um email que tinha sido cancelado por divergências cadastrais super triste,2
foi muito bom comprar nas lojas lannister só falta receber mais um produto,5
adoreiii,5
o produto chegou amassado e com um pouco de perda do líquido do frasco,2
gostei muito do relogio um pouco menor do que esperava e leve mais ainda sim otima compra,3
foi ótima o atendimento sem comparação muito bem atendido nota pra empresa muito obrigado pelo atendimento no geral bom natal e feliz ano novo,5
aguardando posição sobre o produto,2
muito bom,4
loja confiável entrega no prazo e preço acessível e produto de qualidade,4
bom,3
produto bonito muito bom,4
ainda não recebi o produto e ja consta como entreque,2
produto de excelente qualidade eu recomendo,4
recebido a pouco ainda n tomei,3
péssima loja,1
o material é bom o problema é que a bolsa não fecha não possui zíper é como uma sacola isso me deixou insatisfeita pois na foto não dá pra perceber e não há informação ou foto interna sobre isso,4
bom,4
a entrega foi rapida muito bom,4
já se passaram quase um mês e nada preciso da ajuda de vcs,1
só achei ruim ter pago o frete e ter que buscar no correio se continuar deste jeito quero meu frete de volta,4
chegou dentro do prazo modelo é universal tem que cortar,3
,5
entrega rápida a qualidade da granola não é tao boa,4
sou cliente e essa é a primeira vez que houve problemas até o momento não recebi a mercadoria aguardo retorno urgente,3
fiz a compra de cartuchos de impressora que estou precisando muito e até agora não recebi,1
é de se chatear você compra a mercadoria paga o frete e tem que se aventurar para retirar sua mercadoria você vai porque precisa do produto porque a vontade é de desistir da compra,3
não recebi cartucho e não tive retorno do vendedor e nem do baratheon vou ter que cancelar a compra se não receber contato mas a falta de respeito em não receber retorno me preocupa,1
só veio o puxador do lado esquerdomotorista,2
td corrreto,3
bom atendimento e previsão de entrega cumprido,4
somente foi entregue uma unidade ao invés de duas,1
não recebi,3
estou preocupada pq recebi este email perguntando se já recebi meu produto porém o mesmo ainda não foi entregue entrei na minha conta e o produto está sendo dado como entregue desde de junho,1
até então nao recebi o produto aindamais estou aguardandodeve chegar em breve,3
o produto veio com defeito na costura,3
muito satisfeita produto entregue antes do prazo obrigada,5
confiante na boa reputação do site aguardando a entrega da cadeira,3
tamanho entregue não corresponde ao do site,3
não recebi o produto até hoje espero que seja resolvido o meu problema,1
produto de péssima qualidade,1
comprei remedios e me entregaram apenas o preciso dos remedios,1
não tinha o produto em estoque e deixam disponível no site agora tem que passar pelo transtorno de aguardar reembolso do valor,1
muito bom,5
envio e entrega super atrasados,1
comprei o produto na cor vermelha do anúncio e veio na cor preta não solicitarei troca pelo trabalho que vai dar e porque independentemente da cor a função na cor preta é a mesma,4
até hoje não recebi dois produtos o pedido foi feito em novembro e estou no aguardo,2
a loja eu recomendo o que nao recomendo e compras no lannistercom pessimo atendimento para devoluções e trocas naõ tem atendimento online pelo telefone so te enrolam e nao atendem por email nao,1
compro e sempre comprarei com vcs d lannistercom,3
todos deviam comprar aqui no baratheonameiparabéns,5
o produto ainda não foi instalado,2
só tem um problema ela está marcando errado,1
entrega super rápida produto ótimo amei e recomendo,5
bom,2
podiam entregar com mais agilidade,3
bomchegou dentro do prazoestou satisfeito,4
produtos vieram incompletosestou aguardando entrarem em contato comigo,2
gosto de comprar na lannister mais esta entrega deixou a desejar um produto tao simples tao pequeno e fui obrigada buscar nos correios e paguei por uma entrega em casa foi mencionado que nao prime,2
após transtornos com a primeira compra recebi um vale da loja para que outra compra fosse realizada com o valor porém no segundo pedido com o valor do vale houve um problema no pagamento,1
me mandaram produtos em embalagens separadas s papel bolha acarretando na quebra de um como o transtorno p reclamar é grande e o valor do termômetro é pequeno preferi não passar pelo transtorno,2
produto importado o meu veio com defeito,2
estrelas sempre foi,5
sempre em dia com seu compromisso de venda e entrega,5
não recebi o produto relógio feminino de pulso hello kitty infantil adulto rosa bebê que veio faturado na nova junto com o mp também da hello kitty,1
gostei muito do produto entregue bem embalado antes da data prevista,5
útil e prática para a limpeza,3
entregada rápida mas não gostei do produto tecido ruim,3
produto bonito e funcional entrega bem antes do prometido,4
péssima qualidade estarei devolvendo o produto,1
produto foi entregue antes do prazo e em perfeita condições estou satisfeita,5
somente algumas panelas um pouco amassadas mas tirando isso super recomendo as panelas são ótimas,3
a tampa é bonita tudo como contratado,4
recebi bem antes do prazo produto de ótima qualidade,5
bem não posso dizer se recomendaria ou não a lojapq tenho certeza que eles postaramo problema deve ser os correiosaté agora estou aguardando e nadaaguardo uma posição,3
um dos produtos teve um atraso mas geral veio certo entao recomendo,4
tudo entregue bem antes do prazo sem problemas,5
comprei cartucho colorido e recebi preto o site não funciona para solicitar troca apenas para cancelamento então cancelei,2
o produto chegou dentro do prazo e com a caixa lacrada mas ainda não testei,4
esse produto foi comprado dia até hoje não chegou posso saber porque ja faz um mês e dias que comprei jogos t toalha banhão entrega estava prevista para o dia até hoje não chegou posso,4
entrega dentro do prazo e produto de qualidade,4
o zíper veio com defeito,1
esperando solução,1
entregue antes do prazo mto bem embalado adorei,5
recebi uma unidade sendo que comprei,1
importante no envio do produto dentro do prazo,5
até o momento tudo certo,4
a maleta é bonita porém veio cheia de riscos e algumas falhas na parte de metal,3
superou minhas expectativas o produto chegou dia depois que comprei sendo que o prazo era de dias,5
até agora estou satisfeito parece bom recomendo,4
tudo certo,3
comprei bolsas com garrafas do fluminensevno mesmo pedido iguais recebi bolsa e garrafa na nota constam e só recebi um código de rastreamento sem nenhuma informação de postagens separadas,1
excelente,5
nao,3
mercadoria entregue conforme prazos e regras acordados recomendo,4
fiquei desapontado com o produto foi solicitado conforme mostra o modelo e recebemos outro manchado riscado parecia que ja estava em uso muito triste ligamos e fomos passado de para outros e,1
o pacote estava aberto e o regador da mangueira danificado com a alavanca saindo do lugar,2
comprei um controle remoto para tv sony mas o mesmo não funcionou,2
gostaria de receber ainda meu pedido fazia parte de um presente mesmo q fora da data ainda preciso entregálo,2
parabéns pela agilidade da entrega,5
gostei,4
fiz a compra de cadeiras e so recebi e o stark não se responsabiliza pela mercadoria comprada no site dele um absurdo,1
levaria cinco estrelas se o produto não tivesse com defeito,3
paguei o fretee tive que retirar nos correiosliguei antes pra confirmarse estava realmente lá e quem me atendeu no telefonena agência dos correios não foi nada agradável,3
não chega o produto,1
não testei ainda o equipamento,5
pessima,1
entrega dentro do prazo produto sem nenhum problema,4
produto muito legal e bom acabamento,4
ainda aguardando o produto,3
produto excelente recomendo,5
comprei três jogos de cama e só foram entregues dois tentei entrar em contato porém o atendimento eletrônico não permitepediu p aguardar uma resposta no email e o mesmo nunca foi respondido,2
ainda aguardando o produto chegar,2
produto entregue em dois dias muito bom,5
o produto foi entregue super rápido bem antes da data prevista,5
essa mensagem chegou e o produto não,1
recebi o produto com defeito e estou aguardando a resposta do fornecedor do que devo fazer,1
é a primeira vez que fiz a compra e ainda não chegou só quero indicar a partir do momento que tiver o produto em mãos,2
não enviaram a nota fiscal,3
comprei dois controles universais para ar condicionado e infelizmente recebi controles para tv d samsung,1
boa qualidade do material e da impressão demora na entrega,5
comprei dois kits de almofadas e só foi entregue apenas um kit de almofada está faltando o outro kit e niguem me respondeu até agora se vão me entregar o outro kit,1
ótima poção de compras e atendimento rápido,5
o relógio veio solto dentro da caixa não tinha nenhuma caixinha dentro da caixa principal para proteger achei estranho pq vi na net que estes relógios sempre vem com caixinha para depois guardar,4
compro a varios anos não tenho do que reclamar,4
ainda no aguardo da entrega do produto,1
os pneus foram entregues no prazo mas gostaria de relatar um problema apesar de ter sido entregue dois pneus de modelo e marca iguais um deles parece ser seminovo e não km conforme o anúncio,3
só recebi um produto está faltando o outro,3
ótimo custo beneficio,5
desde que comprei vinha tentando cancelar mas agora que ja recebi vou ficar com o produto stark e targaryen pessimo atendimento nao possuem sac,1
o celular chegou rapido bem embalado até agora estou gostando dele,5
mas esta demorando muito desta vez,2
parabéns recebi o produto certo e dentro do prazo continue assim pretendo adquirir outros produtos com vocês,4
comprei o produto pela cor ilustrada pelo site da loja americana no site mostra ser preto httpprntscrcomjkxhr quando o produto chegou aqui veio todos com a mesma cor tabaco httpprntscrcom,2
olá a loja me entregou o fone em um tempo muito rápido dentro de dias ótimo fone lindo acabamento super satisfeito com a compra e com a loja,5
depois de algum tempo da hora acertada e relógio atrasa,3
sem opiniao ainda nao recebi,1
o produto que comprei não foi o mesmo que entregaram comprei uma pomada de assaduras pra bebê e me entregaram pomada de adulto já enviei o email comentando sobre o fato e aguardo uma posição,2
recebi conforme o esperado,4
tive que cancelar a compra o vendedor não conseguiu entregar o produto no prazoacredito que a targaryen é intermediario do vendedor que pena,1
faltou uma unidade comprei duas unidade e recebi uma empresa não é confiável espero um esclarecimento,2
tudo ocorreu bem e chegou antes do prazo,5
produto foi entregue com umas das alças com problemas está faltando pino de fixação,1
a caixa do produto veio violada e não descrição da compra não informa que o cabo usb não vem junto,1
excelente,5
acabamento perfeito resistente,5
bom,4
encontrei mais barato em outras lojas depois de ter efetuado a compra mas o produto em si é de qualidade,4
eu comprei o produto e tiver que ir nas lojas dos correios para fazer á retirar mas paguei entregando na minha casa então acho que eu fui lesada pela loja recomendo o produto preço,1
o produto foi entregue porém com defeito vou devolvêlo hoje,2
entrega feita dentro do prazo parabéns a lannister mas o produto é péssimo joga muita água pra fora é de um material bem fraco e não veio a receita que informam embalagem original toda rasgada,2
o produto veio antes do dia esperado só não gostei porque veio duas peças iguais,3
a caçarola veio mas as bolinhas não,2
faltou o cordão ao ligar para a empresa disseram me que resolveriam mas estou no aguardo mas é um bom item farei trilha com ele,3
bom,3
recomendo,4
não recomendo produto não funcionou e veio numa embalagem sem proteção,2
a minha opinião é tenham mais organização eu ainda não recebi e essa é a primeira vez que um site de compra me pé pede pra avaliar algo que eu ainda não prevenir estou muito insatisfeita,1
ainda não recebi meu produto,2
recebi produto errado e não consigo retorno da loja continuo sem meu produto,1
recomendo chegou antes do prazo combinad,5
quero meu produto ou estorno,1
o produto recebido está de acordo com as instruções mas ele não serve na minha panela acredito que o fabricante não tenha feito as especificações corretas,3
meu produto ainda não foi entregue data prevista,2
produto bom e a entrega como sempre dentro do prazo,5
quando da indisponibilidade de qualquer produto o mesmo deve ser imediatamente retirado do site evitando constrangimento para o consumidor,1
o produto está quase completo porém ao invés de vir um controle original veio um alternativo,3
produto consta como entregue aos correios do rj desde o dia e ainda não saiu para entrega,2
,2
gostei de comprar nessa loja o preço é justo,4
não recebi o conjunto de mantimentos foram preparados para envio,3
o produto veio com defeito ele não liga não funciona quero trocar,2
ótimo custo benefício comprei pra dar de presente e a pessoa adorou fragrância moderna e nada enjoativa,4
a entrega é muito demorada,3
empresa e produto de alta qualidade super recomendo,4
pela foto imaginava outra qualidade mas é bom,4
entrega foi rapida sobre o perfume é bom mas ja tive melhores mas pelo valor vale a pena,4
conforme o esperado,5
eu não recebi o produto,1
não é apenas o fato de não acompanhar a curvatura da tela mas falta pelo menos cm para cobrir toda frente do celular fica feio demais no aparelho não recomendo,2
produto veio muito avariado com tintas falhadas no rosto do boneco escudo do capitão américa arranhado e não fica preso no suporte e o braço molenga,2
excelente produto funcionou direitinho,5
até o momento não recebi o produto,2
adorei o produto como na imagem,4
de tres produtos somente um foi entregue quero saber por que falto dois e esta dando e status entregue,1
só não vou pedir pra trocar porque eu vo ter o trabalho de ir no correio o produto veio com uma estampa de caveira mexicana que não constava na foto eu queria sem essa estampa mais infelizmente,4
bom recomendo,5
comprei livros e apenas foi entregue,3
tudo ótimo produto ótimo entrega antes do prazo,4
bom produto porém o cd para instalação no pc veio quebrado,4
não sei se recomendo o produto foi marcado no site para um tipo de celular mas quando chegou ele não serviu no celular,2
soh chegou capa,3
prezados não recebi os dois cartuchos que comprei só recebi um solicito a regularização da entrega conforme comprado,2
fiz comprar lannister d carteira paguei por carteira e p minha surpresa qd abrir caixa só tinha carteira obs nota fiscal veio constando q tinha sendo q só veio e agora como fi,2
recebemos mas ainda não testamos o produto amanhã sábado o faremos,4
otimo vendedor,4
entregaram o pedido em duas etapas ou seja deu a impressão que veio incompleto no primeiro momento falando do produto é de excelente qualidade fiquei satisfeito,4
atraso na entrega,4
o produto veio repleto de avarias e as peças não se encaixam devidamente o que foi constatado por montador profissional a qualidade também não é a indicada lastimável,1
relogio chegou sem o plastico que protege vidro do relogiomais no geral recomendo,3
o jogo de cama king de cetim é tal qual a propaganda e chegou até antes do prazopoderia ser apesar do tecido ser bom um pouco mais bem feito,4
do produto ainda é cedo para avaliação mais a entrega foi ótima,4
não recebi o produto no site do stark nao atualiza e ja passou do prazo de entrega,1
recebi a caixa lacrada mas a caixa do relógio estava vazia procurei um site de confiança para comprar meu relógio e acabei recebendo uma caixa vazia isso é um absurdo,1
bom,5
so recebi um falta dois jogos ainda,1
estou muito frustrado e preocupado com a parceira targaryen q ainda não entregou meu pedido e até o momento não recebi men se quer uma explicação,1
boa tarde coloquei o cartão de memória no celular porém ele não está funcionando preciso devolver e quero outro no lugar,1
o email avisando que a minha encomenda manda está disponível na agência chegou tarde de mais pois está disponível no rio de janeiro ou seja agência proximo ao remetente,2
produto ótimoentrega super rápidasuper indico,5
tudo ok com a entrega e com o produto entrega antes do prazo,5
recomendo a todos o produto cheio muitoooo antes do previsto veio muito bem embalado,5
apesar do atraso na entrega mais recomendo,3
o produto levou quase um mês para chegar comprei a cortina para receber amigos em casa com três semanas de antecedência e não deu tempo de estar com o produto instalado deveria ter comprado na loja,2
não recebi o produto nem satisfação da empresa quanto ao ocorrido,1
o produto chegou corretamente e antes do prazo,5
o prazo de entrega é excelente agora o produto é péssimo veio rasgado o meu pedido fiquei completamente insatisfeita,1
não gostei da embalagem,1
muito bom,5
razoável,2
mandaram o carregador sem a parte do cabo que coloca na tomada mas o carregador funciona,3
produto entregue em perfeitas condições acho que o pacote deveria vir com o logo da empresa mas de resto esta bom,4
produto como o da foto mas é exageradamente grande,3
então conprei gostei mas nao e tudo isso nao achei q seria melhor,2
solicitarei reembolso do dinheito,1
a caixa danificada colada com fita a apresentação do produto não ficou boa,3
o produto é ótimoveio tudo certinho e bem antes do prazosuper recomendo d,5
boa,4
prazo de entrega muito longo e ainda não recebi o produto,1
um dos produtos entrega comprados neste pedido nao recebi ainda e outro entrega recebi email que esta com dificuldades na entrega e não tive mais noticias,3
chegou bem antes do prazo estou satisfeita com meu produto condiz com o anunciado chegou bem embalado com papel de presente compraria novamente,5
não veio o kit de instalação do filtro como faço para receber,3
sempre comprei no baratheon é pontual na s entregas cumpre com responsabilidades parabéns,5
a entrega foi realizada antes do esperado produto de excelente qualidade,5
tudo certo com o produto mas a loja exagerou na embalagem muito plástico e papelão cade a preocupação com a sustentabilidade,4
apesar de ter recebido o produto em tempo hábil irei devolvêlo por conta de um cancelamento que solicitei e não fui atendida,3
produto bom qualidade recomendo,4
excelente produto peruca sintetica semelhante a cabelos fio fino e opaco nao possui brilho artificial,5
eficientissimo,5
o produto de excelente qualidade o único problema que não consegui relatar no site um probleminha que foi uma trava que veio faltando a trava c que é do encosto gostaria que me enviassem,5
muito bonita adorei,4
recebi o diario do bebê c um pequeno rasgo na contra capa e varias paginas amassadas gostaria de trocalo obrigada andreia,3
boa tarde recebi apenas o livro coaching ministerial fico no aguardo de um retorno sobre o outro livro desde ja agradeço a atenção lincoln santos lopes,3
recebi o produto corretamente obrigada,5
muito bom chegou tudo direitinho obrigada,5
na primeira entrega a película de vidro veio trincada após contato telefônico com o fornecedor encaminhei um email com a imagem do produto e a nota fiscal o produto foi entregue sem defeitos após,4
quero receber,1
ok,3
o tecido é ótimo o cumprimento na altura também a porem na largura não veio exatamente quatro metros veio bem menos então deveria ter comprado duas aí sim fica como na foto chega bem antes do prazo,3
péssimo,1
o produto foi entregue dentro do prazo porém um dos produtos veio danificado,2
o produto não atendeu minhas respectivas mais o prazo ocorreu antes da data prevista,3
comprei um item limpador de ar condicionado automotivo de lima limão enviaram de lavanda de qualquer forma chegou o produto,3
produto chegou no prazo e deu tudo certo,4
apesar do produto ter vindo em perfeitas condições o produto foi entregue com muito atraso e sem nenhuma comunicação do motivo por parte da empresa responsável,2
entregue conforme prometido,4
eu comprei luminarias so que vocês só me mandaram luminária mandei um email pra vocês falando do meu problema so que até agora ninguém me enviou nenhum email me dando explicação,2
o pacote veio super bem embalado e chegou antes do prazo qto a tinta ainda não usei pra saber se dará o efeito desejado então farei novo comentário no futuro,5
não recebi a quantidade certa comprei produtos porém só veio,2
satisfeita,5
entregue antes do prazo produto como descrito no anuncio,5
entrega no prazo tudo ok,5
produto chegou no prazo ótima qualidade,5
produto entregue corretamente na minha opinião o que pode ser melhor é o rastreamento,4
preço agilidade e qualidade do produto fizeram valer a pena recomendo,5
ainda não utilizei o produto mas a entrega foi dentro do prazo então na verdade essa avaliação não é do produto,4
ainda não entregou todo o pedido além de ter mandado a nota fiscal com o total dos itens mandou no fisico embalagens separadas para un chegaram num dia em outro e está faltando un,1
gostei,4
cartucho colorido não foi entregue devido segundo eles erro de estoque,4
produto muito bonito e resistente recomendo,4
recebi o produto dentro do prazorecomendo,4
entregue no prazo certo e produtos de boa qualidade,4
esperava uma qualidade melhor porém é um bom produto,3
a entrega foi feita no prazo a qualidade do produto é regular mas se for comparada ao preço está bom e fica bonito quanto a loja tudo ok,3
eu encomendo relógio bom bonito,3
entregaram o produto antes do prazo excelente,5
ameichegou no prazo combinadoperfeitooooo parabensfiquei mto satisfeita,5
pensei que o travesseiro fosse mais alto,3
muito bom,5
eu não tenho como avaliar o produto porque não chegou na minha residência ainda eu espero uma posição da loja sobre os correios quero cancelar a compra estorno do cartão,3
amei a valvula e a entrega foi super rápida veio com uma pequena marca na borda mais mesmo assim vale muito apena ficou linda,4
recebi produto errado uma semana aceitei mas o valor do produto entregue é menor pedi reembolso mas até agora nada faz dias já,1
fui no correio buscar meu produto só derem um produto é outro disseram que não estava lá fui buscar hoje é disseram que mandaram de volta fui no prazo quero frete de volta pois vou na justica,1
as medidas que constam no site estão diferentes do produto entregue,1
produto não original,1
gostei do móvel mas é a primeira vez que eu vejo um móvel ser entregue sem manual de montagem apesar de pequeno nininguém é obrigado a saber montar eu consegui mas muita gente pode não conseguir,4
loja cumpriu o prazo porem o produto é muito pequeno,2
o produto demorou muito para ser entregue o site stark fez uma grande confusão na minha compra e demorou muito para chegada deste produto na minha casa,2
estou aguardando a entrega do cartucho nunca tive problemas com as lojas lannister,2
produto não foi entregue,1
mesmo que o prazo tenha sido indicado na hora da compra acho muuuuuuuito demorado quase um mês pra entregar apenas dois cartuchos de impressora,2
eu queria lençol branco mas não existia então comprei azul depois de realizada a compra disseram que nem o azul existia mais então me sobrou o bege,2
so não gostei pois comprei outros produtos juntos e o frete ficou gratis so que depois veio cobrando no cartão de credito o frete,4
a qualidade é inferior ao que eu esperava,3
entrga rapida,5
preço rapidez na entrega,5
gostei só achei pequena,3
não goste da qualidade do produto por ser embalado de forma inadequada a tinta soltou,1
como pode um relógio vim com os números errados exijo a devolução do meu dinheiro,1
fiz o pedido de unidades deste produto mochila de camping l da marca denlex mas só recebi,3
veio na cor errada enviaram o lustre laranja em vez de amarelo,2
produto com pequenos pontos de ferrugem não estava em perfeito estado,3
as peças vinheram desmontadas e algumas delas vinheram maiores dificultando a montagem das peças,3
só achei grande este modelo de carteira,3
comprei na stark achando que seria entregue via transportadora é me enviaram por correio e não tem correio onde moro tive que atravessar a cidade pra buscar no correio e voltar de ônibus,1
o couro eh sintético e de péssima qualidade o pingente tem aspecto de lojinhas de a medida sugerida não serviu no braço joguei no lixo logo que chegou,1
recebi parcial faltou a capinha mas o fornecedor mandou uma carta dizendo que será enviado em breve agora estou no aguardo isso não é uma reclamação apenas um comentário que ainda nao recebi tudo,4
recomendo tanto a loja como o produtogostei,4
produto com embalagem inadequada parte central do espremedor chegou amassado,1
foi a primeira compra e achei ótimo estou satisfeito,4
bem delicado,5
a entrega foi direitinha mas o produto é péssimo,1
deveriam não ser tão demorado na entrega do produto e deveriam colocar numa caixinha mais bonitinha por ser folhado a ouro valorizava mais o produto de vcs mas não indicaria não,2
não recebi,1
o produto ficou parado nos correios por mais de dias e até agora não foi entregue bem como a empresa não entrou em contato comigo após a reclamação por isso desisti da compra,1
meu produto nem até a minha casa chegou e não me mandaram nenhuma informação sobre qual correio o mesmo se encontra,1
recomendo ótimo,5
produto não funciona,2
excelente,5
produto lindissimo adorei,5
desejo a troça do meu produto o mesmo veio em tamanhos diferentes,1
pingente venho num saquinho pelo menos uma caixinha ficou devendo,3
recebi certinho e antes do prazo,5
muito bom eu gostei,1
recebimento antes do prazo,4
estou satisfeita com produto,5
ponto positivo foi a entrega muitíssimo rápido ponto negativo da negociação para mim seria o principal comprei o tapete bege mesclado ele veio um bege próximo de um amarelo,3
entrega em perfeitas condições antes da data prevista,4
meu produto está em atraso era pra ter sido entregue no dia,1
fiz uma compra só o produto foi faturado junto saiu na mesma nota quando chegou veio só um com a nota com os acabei reclamando e depois de dia chegou o outro relógio produto igual ao anúncio,3
produto de qualidade,5
pedi unidades recebi unidade e na nf estava escrito unidades precisei reclamar para tentar receber o produto que segundo a loja está na transportadora,1
penso que o envio poderia ser mais barato se fosse em contato junto ex comprei unidades que poderiam vir numa mesma embalagem,4
bom produto vale pelo valor,4
muito orgulhoso,5
ainda não recebi,1
rápida entrega,3
comprei o kit e a película que veio é para o iphone x e não para o xperia x conforme descrito no produto,1
entãoo produto veio corretamente mas a nota fiscal veio com um valor muito diferente do que foi pago paguei no total reais a nota veio com valor de,2
o produto é bom mas recebi cor diferente da cor que eu queria e ainda não consegui trocar,3
entrega rápida produto de boa qualidade,5
preciso de um retorno de onde está meu produto que informam ter entregue mas não foi e se afirmaram entrega quero ver o protocolo assinado aguardo,1
a entrega foi um pouco demorada nada a reclamar das lannister o produto no entanto é fraco metal muito leve não dando firmeza como portatoalha,2
meu produto que cancelei antes de gerar nfe ainda não chegou para eu recusar,1
produtos muito bem embalados e entregues dentro do prazo,5
recebi o produto porém o que mais parece é que tratase de uma réplica muito vagabunda veio em uma caixa de papelão sem manual e a fragilidade do produto demonstra não ser o verdadeiro,2
não consigo contato com a empresa absurdo,1
adorei o produto recebi antes do prazo combinado ficou muito bonito,4
uma empresa tão bem conceituada como o baratheon deveria se preocupar mais com a qualidade dos produtos oferecidos pelo seus parceiros,1
produto ruim de má qualidade laterais da cortina desfiando desmanchando para um produto de não condiz insatisfeito,1
produto de otima qualidade entregue antes do prazo,5
veio no prazo certo porém o produto estava trincado,4
bom produto,4
a nf foi entregue mas até agora nada dos produtos aguardando a entrega para recomendar a loja,2
mandou produto de cor errada a embalagem chegou aberta e a poltrona cheia de cocô de rato,2
o controle não funciona algumas teclas tem que apertar várias vezes para funcionar outras nem funcionan,1
otima loja entregua rapida,5
boa tarde o produto demorou a chegar se vocês enviassem via transportadora particular cumpririam o prazo uma vez que os correios está uma bagunça,2
está até hoje vendendo tanto nas lannister como na stark informando que ainda tem unidades mas não entregam,1
produto de qualidade excelente chegou dentro antes do prazo adorei,4
veio com a película quebrada,4
não recebi a nota fiscal favor providenciar,3
comprei dois e só chegou um mandei mensagem e nada de resposta sobre o outro transformador,1
muito bom recebi na data prevista,4
chegou antes do prazo e o produto veio bem embalado protegido é sem defeitos,4
eu recomendo está loja pela eficiência na entrega,5
qualidade excelente e foi entregue antes do prazo,4
produto top pra quem que apaixonado por fazer drinks recomendo o produto e a loja tbm que entregou no até antes do prazo,4
estou muito chateada por não ter recebido meu produto recebi um e mail dizendo que houve um problema na entrega mas ninguem me responde qual foi o problema e se o produto ainda vai chegar,1
ola minha reclamacao por enquanto o tamanho do relogio achei muito pequeno,2
produto correto bem embalado em perfeito estado e no prazo certo e rápido,5
eu não tenho notícias do pedido anos do se e o correio da minha cidade,1
ótimo produto e entregue dentro do prazo,4
muito boa a torneira gostei,4
produto veio com vencimento para dezembro comprei outros com vencimento de anos,5
bom,3
so fiquei na dúvida em relação a outros itenspw comprei chegou cd produto tem um número é issoainda faltam como fiz a compra junto pensei q chegariam juntosmas estou satisfeita,5
ótimo recomendo,5
diferente de pedidos anteriores o presente foi entregue no prazo previsto não obstante o relógio adquirido bulova marine star ser bem menor do que apresentado na internet porém estou satisfeit,4
indico,4
conforme já solicitei preciso fazer a devolução ele não foi entregue no prazo que eu precisa já solicitei por aqui e já entrei em contato com o vendedor estou no aguardo para fazer a devolução,4
ainda não recebi o produto,3
continuo aguardando a segunda unidadefeita em outra postagemfiz inúmeras compras nesse site sem ter tido problemasacredito que no referido pedido também tenha sucesso,5
infelizmente demorou um pouco para chegar,2
recebi um pacote com apenas um item do que comprei estou com o recibo o outro item não foi enviado e não consigo uma resposta do vendedor,1
meu pedido não chegou,1
o produto não veio em embalagem do fabricante tudo leva a crer que é falsificado irei retornar,1
entrega rapida mesmo para interior produto correto e de qualidade recomendo,5
entrega super rápida produtos como queria,5
tudo ótimo foi entregue antes do prazo grata,5
ainda nem recebi o produto que esta com entrega atrasada,2
entrega antes do prazo indicado,5
o produto veio com várias partes quebradas dentro da caixa,2
o produto veio com avaria que demostram não ter sido ocorridas pelo manuseio do meio de entrega mais sim pelo manuseio da loja pois veio com pequenas lascas e aranhões só não trocoporcontadafalttempo,2
entrega dentro do prazo tudo correto,4
produto bom e bonito mas na descrição do produto na compra era algodão e veio algodão e poliéster única coisa a reclamar me senti um pouco enganado,3
amei muito lindos e de boa qualidade obrigado lannister,5
bom produto,3
no aguardo,4
o produto veio faltando algumas peças a empresa se prontificou a envia las estou aguardando,3
comprei dois arranhadores foi entregue um porém o outro foi entregue uns três dias depois quando me preparava para reclamar,4
peço um produto por um código e vem outro totalmente diferente,1
produto muito bom atendeu bem as minhas necessidades,5
adorei o pendente ainda não instalei mas vai ficar maravilhoso na minha sala,5
não recebi meu pedido como devo proceder para uma nova postagem grata,3
entrega rápida produto ótimo recomendo,4
quando a entrega se da através dos correios é satisfatória ja com a direct não foi positiva sua entrega,4
sempre compro nunca tive problema as camisas compradas recebidas e devolvidas foram três maquinetada estou no momento escolhendo outras para usar o vale,1
guarda chuva veio com pequenos furos,3
o produto e bom porem a foto es diferente o zíper do produto é branco real e branco e ficou horrível bolsa rose com zíper branco,2
comprei e só recebi já entrei em contato e estou aguardando espero não ser prejudicada,1
produto com baixa qualidade,3
o pedido era pra ter chegado dia e até agora nada,1
entrega do produto diferente do solicitado aguardo orientação para a troca,1
tudo correu como combinado nada a reclamar,4
pacote da mercadoria bem fechado sem avaria e bem antes do prazo,5
não tem botão para ajustar o volume,3
comprei o cesto para roupa e o mesmo está em desnível,3
entrega rapida,3
veio muito mal embalado sem nenhuma proteção contra impacto o relógio veio solto dentro de uma caixa que cabia pelo menos relógios produto chega todo balançado não gostei,2
produto de boa qualidade e chegou dentro do prazo mas tivemos que abrir todos os furinhos da forma pois vieram com uma camada bem fina de plástico acredito que seja defeito de fabrica,4
amei o produto e chegou antes do prazo,4
boa,4
comprei unidades do produto mas recebi até o momento apenas,2
foi a primeira vez que comprei no baratheon e gostei eu tava até pensando em comprar uma bicicleta mais quando eu olhei a taxa de entrega achei muito cara,3
sobre a qualidade e eficiência do produto no momento não posso comentar visto sem previsão para uso simplesmente comprei casa seja necessário,3
tudo de acordo com o combinado,1
produto incompleto,3
produto conforme anunciado porém entrega muito demorada comprei para o dia das mães e chegou depois,2
olá boa noite recibi meu produto com cor errada por esse motivo não recomendo loja,1
ate o momento nao recebi meu produto,1
comprei um produto e recebi outro quero devolver,1
super recomendo veio antes do prazo,2
entregue no prazo produto conforme anúncio,4
tapete muito fino e leve ainda não usei não sei se é bom,3
produto devolvido aguardando o estorno do cartão,1
tenho uma observação fazer a seladora veio com um dos parafusos quebrado,3
o jogo chegou em perfeito estado e muito antes do previsto,5
entregaram antes do prazo previsto,5
me informaram que eu receberia em casa o material e não pelo correio quando eu fiz a compra alem disso a agencia fica proxima a minha residencia entao não custava entregar em minha residencia,3
foi entregue antes da data e o produto em perfeito estado e bem embalado,3
nossa nunca comprei algo nas lannister que demorasse tanto pensei em desistir mas de qualquer forma o relógio é bom,3
o produto é bom quebra bem o galho mas o frete saiu caro,4
bom,5
esperei o produto e nada,1
produto não chegou no prazo que era há quase uma semana enviei mensagem empresa e não tive resposta estou sem resposta e sem ação pela primeira vez em todos os anos em que compro no stark,1
os adesivos vieram cortados de forma errada,2
gostei do atendimento recomendo,4
a caixa do produto amassada parece que algo pesado estava em cima o olho esquerdo está frouxo dificultando e muito a visão solicito informação para devolução e troca do produto,2
o produto só é memor do que eu imaginava,5
eu comprei dois golfinhos massageador porém fizeram duas postagens sendo que poderia ser feito em somente uma tive que buscar o pacote na agência dos correios em duas vezes,1
entregou bem antes do prazo,5
compra realizada dia e hoje pruduto nao entregue,1
razoável,3
cc,5
eu recebi o produto parcialmenteestá faltando o jogo de lençóis,2
ótimo prazo de entrega até porque foi antecipado porém como escolhi outros produtos além dos dois que chegaram não posso que como cliente fiquei satisfeita,2
faltou o kit do teflon que foi cobrado a mais,3
produto chegou conforme o anuncio apesar de dias de atraso compraria novamente,4
bom produto,3
entrega chegou antes do prazo gostei,4
recebi o produto diferente da foto e faltando uma tesourae ninguém até agora resolveu para mim não recomendo não comprem,1
comprei dois intes e só chegou um,1
,5
muito satisfeita com o produto e a pontualidade da transportadora,5
recebi meu produto num tempo rápido porém por se tratar de um líquido deveria ser melhor embalado pois meu produto derramou acho que deveriam colocar isopor na embalagem,4
boas almofadas pelo valor porém falta um pouco mais de enchimento,3
pessimo muita demora na entrega,1
fiz a compra de conjuntos de cama somente o vendido pela shop time chegou,3
ainda não recebi a encomenda,1
top,5
comprei caixa de passagem marca durin e recebi outra caixa de marca diferente,1
o controle veio errado eu pedi controle de home theater da philco n e veio le como faço para trocar,1
meu problema foi com os correios o carteiro esqueceu ou não conseguiu entregar no dia e lançou como entregue porém entregou efetivamente só no dia seguinte lannister e loja parceira tudo top,4
comprei produtos e recebi apenas,3
entrega no prazo,4
boa tarde meu produto veio faltando peças e do tempo que compro pela lojas lannister sempre veio certinho e dessa vez não,2
ja passou o prazo de entrega e o produto ainda nao chegou o que aconteceu,1
produtos e bom porém ainda não consegui acessar ele via pc,3
entrega antes do prazo produto correto ótima qualidade,5
chegou bem antes do prazo final,5
produto chegou correto ainda não foi usado,2
optei pela marca babyliss pois já tenho uma e gosto muito porém esta que eu comprei e paguei caro é bem diferente parece muito com uma imitação não tem se quer o selo do inmetro cheira queimado,1
comprei dia com previsão de chegada dia até data presente não recebi o produto,2
produtos entregues antes do prazo,4
o produto chegou rápido e perfeito super indico,5
muito bom,4
muito difcil entrar com a assistncia de garantia do produto,3
muito bom,4
só recebi os ventiladores não recebi pendente meia lua,2
até agora não tenho nada a reclamar,3
excelente produto para colecionador recomendo,5
mudo minha opinião assim que receber o produto consta no site que o produto foi entregue mas não recebi,1
maior controle de estoque colocar l produto como indisponível antes do cliente comprar para q não tenhamos todo esse transtorno no cancelamento,1
a cadeira eu esperava é muito pequena não e giratória tem a peça pra deixar alta,2
o produto chegou porém atrasadíssimo pq era presente,3
melhor que eu esperava veio com garrafa e recipiente para biscoito lindos e ainda com adesivo adorei,5
embalagem diferente da vista fragancia duvidosa,1
pedido feito a mais de trinta dias e ate agora não chegou se continua dessa forma a entrega não compro mais nessa loja,2
ainda não recebi meu pedidonão sei se é culpa do parceiro ou transporte,2
chegou rápido igual a foto mas a chave não serve para o modelo gm agile como disse na descrição o comando do controle remoto da chave original não cabe dentro da caixa do canivete pedi a devolução,3
otima loja,5
me estressei um poucopois o vendedor não me deu retorno em relação a compranão recebi notificação do andamento do processoporém o produto chegoué original é o material é bom,3
comprei toners magenta amarelo ciano e preto um dos fornecedores tonerbras fez a nota do amarelo e magenta porém entregou magentas não consigo fazer a troca,2
um excelente site super recomendo,2
o produto veio bem embalado e foi entregue bem antes do prazo,5
entrega muita rápida,3
ótima entrega antes do prazo um bom produto,4
obrigada fui bem atendida,5
falta receber o protetor de porta e os jogos de cama de solteiro,1
ela tem alguns problemas como a chave q não tranca a meleta ou se a parte de dentro ficar torta ela não fecha também achei a mesma maleta por do preço pago e sem frete mas é boa e resistente,4
para mim sempre que eu compro na lojas lannister chegar no prazo certo,3
tapete infantil formato margarida dupla para quarto conteúdo da embalagem margarida dupla m x m no site constava o tamanho acima o recebido é de x cm super pequeno não gostei,2
agradeço muito pois recebi o produto correto conforme encontrado no site a entrega foi super rápida fiquei muito satisfeito e com certeza vou recomentar para os amigo,5
razoável achei a manta muito fina,2
relogio lindo porem ele é pequeno estou acostumada com relogios tipo faustao rs mas esse bem leve só que veio caixa de papel bem inferior por ser casio,4
não veio na caixa o moedor de pimenta,2
recebi somente o toner da cor ciano toner hp a cea cyan original serie a o amarelo não recebi,1
ainda não recebi o produto por isso dei não em recomendaria,3
e ainda gastei no correio com embalagem,2
demora pra entregar,2
gostei do produto,3
o produto oferecido não é igual ao produto entregue eliani,2
chegou no prazo produto bom,5
veio faltando um rolo de papel de parede como vou ter neném na semana que vem vou querer meu dinheiro de volta pois não vai dar tempo de chegar outro rolo caso vcs mandem eu vou devolver esse,1
não recebi pois estava em viagem o produto ficou poucos dias no correio entrei em contato com as lannister mas até agora não reenviaram,3
ótimo produto,4
tudo perfeito,3
muito bom gostei do produto,4
não veio com tudo que disse que vinha nas informações do produto no vendedor informa que vem com gelo térmico mas veio sem,4
havíamos encomendado unidades deste produto apenas chegou uma mas após dias chegou a outro e tudo certo e o produto é maravilhoso recomendo,4
muito bom,5
faltou luminária estou aguardando o envio,3
entrega rápida e produto ótimo já está na minha moto recomendo a todos,4
recomendo a loja,5
produto chego certo só meu outro produto ainda não chego,3
muito bom,5
tive que buscar nos correios e paguei um frete caro,2
faltou indicar que seria ideal comprar o kit com a bomba para inflar o produto,3
a loja é boa mas meu produto veio com defeito um cabo hdmi gostaria de saber como faço para trocar,2
apesar de achar o produto meio ruim chegou tudo certo,3
atendeu as minhas expectativas,3
recebi o produto porem não gostei do produto bem diferente da foto estou solicitando a devolução,3
ótima loja o pedido chegou em perfeitas condições e dentro do prazo combinado,5
fiquei aguardando o produto e ainda não chegou comprei antes do natal e informaram que entregariam até atrasei até a minha viagem por causa dessa entrega volto de viagem att,2
foi entregue bem antes do prazo previsto,5
excelente produto,3
tudo funcionando bem embalado,5
o produto que recebi é um sacolão de plástico sem forro algum pelo preço era o esperado porém se não tem forro não deveria constar na descrição do produto,3
produto parece ser bom não usei ainda mas pecou na entrega,3
quando meu produto estiver entregue posso avaliar,2
comprei objetos com o parceiroporém só recebi objeto,2
site super confiável,4
quanda a criança recebeu ficouy muito felis e no segundo dia o símbolo da bandana descolou da faixa produto de péssima qualidade,3
o produto chegou bem antes do esperado e atendeu todas as expectativas,5
apesar de ter demorado mais do que o esperado recomendo a loja pois o produto chegou como esperado creio eu que a demora se deu por motivos do correios,4
recebi somente um item do pedido o kit bolsas o kit berço não recebi,4
foi entregue rápido meu pedido já comprei outras vezes pela lannister e nunca tive problemas recomendo,4
o produto não foi entregue e quero o estorno da minha compra sem falar que não tenho nenhum número de contato com a targaryen,1
excelente,4
a até agora não recebi,1
ótimo recebi no prazo,4
só gostaria de saber do meu poturto si vai ser entregue,1
gostei da compra,3
chegou bem antes e em perfeitas condições,5
produto chegou no prazo prometido e bem embalado recomendo,4
como está especificado no pedido solicitei o cadeira branca com lilás e recebo uma nota fiscal com a cadeira branca com roxa é o produto branco com roxo então a minha escolha não valeu de nada,2
produto conforme solicitado,5
quando comprei o produto a entrega era de dias uteis ja tem quase trinta ainda naõ recebi,2
as entregas não deveria ser pelos correios o correio na deixa na casa da pessoa eles deixam na associação então pra mim fica muito ruim,2
recomendo a loja,4
estou tentando contato há mto tempo e sendo altamente ignorarada pois assim que o produto chegou e percebi que não era o que eu queria solicitei imediatamente a troca por outro produto ou a devolução,1
o unico problema é queéo aplicativo nao avisa o andamento do produto,3
o lustre veio totalmente quebrado o vidro chegou todo estraçalhando,1
a entrega foi muito rápida,5
perfeito,5
tive que receber o produto pois não acataram o meu cancelamento feito antes da emissão da nota então vou pensar duas vezes agora antes de comprar pelo site,1
comprei o produto e um dia depois fui olha na minha conta e estava como produto indisponível,2
,5
produto bom,5
a peça entregue é exatamente igual a das fotos a impressão imediata foi muito boamas ainda estou avaliando o produto,4
comprei o produto cortina decorativa suellen para quarto ou sala cinza m e recebi cortina suellen para sala quarto metros avelã palha caso não resolverem acionarei o proconsp,1
ótima loja entrega rápida estou satisfeita,5
o produto veio com defeito espero que não demore muito a troca pois foi comprada para presentear,2
o produto ainda não foi entregue conforme prazo informado pela empresa e até o presente momento não recebi nenhuma explicação é a primeira vez que acontece estou no aguardo do retorno loj americana,1
bom dia ao abrir a caixa verifiquei que o pedido brinco de gancho pendurado chapeado de prata cristal orelha prata estava faltando e estava sendo especificado na nota fiscal,1
demorou muito para chegar,3
muito bom o produto chegou no prazo e serviu direitinho,5
produto de ótima qualidade e entregue dentro do prazo,5
entregar dentro do prazo combinado,3
ainda não recebi meu produto,1
entrega rápida e correta,3
sempre comprei nas lannister otima loja otimos preços parabéns,4
o mouse que eu queria veio errado pois as especificações não são claras eu pensei que o mouse era sem fio porém o mesmo é com fio mas dentro do que foi pedido veio certo,2
ótimo atendimento e produto,3
péssimo serviço nunca mais o site do shopptime segunda compra que realizo e a segunda que da erro,1
qualidade do produto razoavel,3
tudo ok,3
a entrega teve dias de atraso conforme a previsão não recomendaria porque o pedido foi feito dia e só recebi dia ou seja dias acho que a espera foi muito longa,2
as imagens mostrava foto diferente do produto que recebi,3
não gruda muito,2
a loja é otima,3
amei,5
fiquei surpresa quando chegou somente um produto do que eu havia pedido depois percebi que seriam entregues por duas transportadoras ate o momento ainda não recebi a outra mercadoria preocupada,2
o produto veio muito mal embalado era um relógio que apenas foi colocado dentro da caixa de entrega sem nenhum cuidado ou proteção o que poderia ter causado algum dano ao produto,3
ótima compra,5
chegou antes mesmo do previsto amei a cabeceira melhor do que esperado,5
ótimo produto,5
cancelei toda minha compra e até o presente momento ninguém entrou em contato que atendimento péssimo ao cliente cancelei min depois e os canais de atendimento são horríveis ninguém resolve,1
a entrega foi feita dentro do prazo não testei o produto mas veio certo,3
,4
bom,4
veio somente a frente da carcaça da chave quando no momento da compra a imagem do produto era a parte da frente e a parte de trás junto,3
na capa do produto tem um labrador sentado não cabe nem a pata do labrador imagem engana bem,2
tapete muito bonito peludo grande pena que não foto está marrom claro e veio um marrom bem escuro quase preto e ospelos tem bastante brilho,5
a terceirizacão das entregas esta comprometendo o nome da loja pela demora na efetivacão da entrega,3
estava marcado um dia para a entrega e não foi cumprido,2
bom dia ainda não entendi porque meu produto ainda não chegou a vassoura feiticeira chegou mas a saia para cama box ainda não,2
produto com vários problemas de acabamento mal feito,3
entrega antes do prazo,5
entrega muito rápida satisfeito,5
comprei e nao recebi o produto vou colocar na justiça,1
muito bom atendimento como sempre,5
uma loja que só pensa em pegar o dinheiro do cliente mas não entrega mercadoria,2
o pedido foi entregue parcialmente veio a castanha da índia mas faltou a moringa,3
bom custo benefício,4
ótimo produto entrega rápida parabéns,5
a entrega foi feita antes do prazo tudo em perfeito estado,4
de acordo com as especificações e entrega antes do prazo parabéns americana,5
o produto é igual a oferta porém é xing ling na veja não chega aos prometidos mah tenho um j e com os de carga deu recargas completas e meia de outra mas como somos br vai na fé,2
eu so recebi kit cobre leito queen vitoriafloral tabacopalha peçasos correios so me entregou estefalta a entrega da colcha cobre leito requinte super king percal fios begeestou no aguardo,2
pela foto o produto parecia maior,3
gostaria de receber o meu produto pois já estar passando do período de entrega,3
o produto pelo valor ok apesar de já no primeiro dia de uso a correia soltou,4
o produto não foi entregue e quero cancelar pelo fato que comprei em outro lugar,1
demora absurda para entrega dentro do prazo especificado por eles mas ainda sim muito demorado,2
sempre gostei de comprar nas lannister mas essa entrega deixou a desejar,2
não compro mais nada do baratheon,1
a cor recebida foi diferente da escolhida mas combinou com a composição do quarto,5
só não curti muito o produto ja q comprar pela internet mtas vezes o produto parece ser uma coisa e é bem diferente kkkkk,4
tudo dentro do esperado,5
feito de madeira q absorve umidade não recomendo muito caro para o material utilizado,2
tinha realizado meu pedido um vinho safra me mandaram safra,2
o produto chegou como esperado excelente,4
bom produto só não coube o notebook de vou ter que devolver,2
usei o secador uma vez só na segunda o fio da tomada pegou fogo,1
estou tentando ver se os parceiros da stark continuem com seus compromissos aos seus clientes e pontualidade,3
comprei dois e recebi apenas segundo o atendente a segunda estar para chegar até agora não recebi nenhum rastreamento da segunda grelha,1
demorou muito a entrega,2
era para ser entregue produtos tres e depois mais um so foi entregue dois produtos,2
comprei dois produtos e só recebi um já enviei dois emails ao vendedor mas ainda não obtive resposta,2
produto entregue dentro do prazo entretanto veio com um amassado na ponta do long,3
não recebi meu tapete mas está marcando como entregue,3
show de bola rapido e bom o produto,5
produto nao é original,3
o tempo previsto para a entrega do produto dava para colocálo num lombo de burro e chegaria no prazo mesmo assim não cumpriram o prometido ridículo sem desculpas péssimo serviço melhorem,1
não recebi o produto o site lannister informa que o produto foi entregue jé encaminhei um email e não recebi resposta meu pedido constitui em dois funko pops e só recebi um,1
o que me impede de comprar mais é o valor do frete muito alto,4
bom,3
é a primeira vez que não me entregam um produto fora isso nunca tive problemas com o site agora só espero meu dinheiro de volta,1
relógio falso me admiro com uma loja grande como as lannister permitir terceiros a vender produtos falsos,1
não recebi o produto ainda peço ajuda,2
chegou até antes do prazo e bem embalado,5
tudo ok,3
a entrega ocorreu dentro do prazo porém paguei frete mas tive que ir no correio buscar neste caso o frete deveria ser mais barato,3
veio como eu esperava muito bonitas,4
produto demorou a chegar e veio diferente do que foi pedido pedi x veio y nada haver,1
comprei um cesto de roupas e tapetes porém nenhum tapete foi entregue só chegou o cesto de roupas,1
são de boa qualidade o acabamento e otimo são lindas o tamanho e perfeito tou muito satisfeita com o produto,5
estão de parabéns,4
mesmo vindo na voltagem diferente da que eu pedi eu aida recomendo o site,4
até o momento não foi entregue o produto completo fico no aguardo carla goés,2
enchimento de almofadas de baixa qualidade não recomendo cada uma de um tamanho e grossura diferentes tecido veio rasgado horrível,3
comprei em pg via cartão em nf foi emitida dia previsão entrega em hoje é não recebi não está em transporte estou muito preocupado,1
como o produto veio fora da caixinha soltos no envelope enviei as informações do lote e as fotos para a amazon onde fui informado que o lote não existia e que o produto provavelmente é falso,1
muito bom e bonito,4
produto muito barulhento e a velocidade dele ocila muito e trava tb nao recomendo ou o meu veio com defeito,3
o produto esteticamente é bonito a entrega foi antes do previsto mas a trava do cinto da cadeira é muito fraco a própria criança consegue abrir com a mão,3
atendeu minhas expectativas e chegou no prazo,5
não é um espelho,2
comprei um toner cf x hp x preto original de alto rendimento porém me entregaram um toner cfa hp a preto de baixo rendimento e ainda fui testar o toner e esta com defeito,1
produto entregue antes do prazo previsto,5
tudo certo com a compraproduto perfeito e entrega sempre antes do prazonota,5
o jogo só é bonitinho pois é extremamente fino e frágil a entrega foi antes do prazo,2
muito mau empacotada fita direto na caixa da boneca como é para presente vai ficar muito feio a garantia estendida que comprei por mais um ano também não recebi estou no aguardo dela grato,3
não foi entregue a primeira vez que acontece isso,1
produto bom recomendo pelo preço vale a pena,4
o relógio chegou com manchinhas perto da bateria,1
excelente,5
muito bom e bem antes do prazo,4
gostei do produto a entrega muito rápida,3
quando vão entregar,2
comprei duas esteiras de apoio para copo paguei pelas duas unidades e me entregaram apenas uma até o momento estou no aguardo de um posicionamento grato hélder,2
entrega dentro do prazo,4
muito bom,3
o produto chegou no prazo porem não parece original não veio nem na caixa original do perfume se o produto não é original acho que deveria ser avisado,2
produto chegou antes que o imprevisto e em excelente estado,5
gostei era realmente oq esperava chegou bem antes do prazo,5
muito bom produto recomendo,4
por enquanto chegou só um produto e de cor errada pedi verde e veio rosa mas como eu vou mudar precisei usar dessa cor mesmo enquanto o outro está escrito que foi entregue e não chegou,1
não chegou na minha casa e veio faltando peca estou esperando vcs entrarem em contado comigo se não vou no procon,1
incompatível cartuchos black e azul,3
antes do prazo dado inicialmente na compra online tipo era para chegar no dia de novembro e chegou no dia de novembro as da manhã show de bola,5
comprei uma pasta para notebbok cinza com bolinhas brancas e recebi uma preta mas não vou efetuar a devolução porque demorou quase um mês para receber se eu devolver o produto não recebo esse ano,2
interesse em agradar o cliente e ótima mercadoria,5
não realiza o que promete depois de instalado fica vazando pelo cartucho mesmo seguindo as instruções não vale a pena dinheiro jogado fora,1
só quero que o relógio chegue,2
bolsa linda e material muito bom fiquei muito satisfeita super recomendo,5
tá demorando mt,1
só recebi um jogo de toalhas vermelhas,4
muita demora,2
ainda não posso avaliar nem o estado do produto nem a lojaquando chegar farei uma avaliação justa,2
produto entregue no prazo,4
produto bom mas veio com a base manchada e arranhada o controle de qualidade deve ser mais rigoroso,2
bom produto e entrega,4
achei que o quadro seria maior mas mesmo assim ficou mto bom,4
minha primeira compra online na lojacomprarei mais com certeza,4
não recomendo a loja estão anunciando tinta original epson e não é uma falsificação quase perfeita revoltado devido a tentativa de ludibriar o consumidor,1
difícil contato com baratheon mas a loja fabricante me ajudou,3
ótima,5
estou esperando há quase um mês uma falta de respeito ao consumidor,1
o cartucho está estourado vazando já contatei a empresa foime informado que haverá a troca,5
apesar de ter demorado mais do que o necessário o produto chegou antes do prazo mas poderia ser mais rápido já que o frete é pago do resto estava tudo ok,4
a cortina não é a estampa da foto que divulgam no site emo tecido do barrado também é mais comum do que mostra na foto do site esperava que fosse de melhor qualidade,3
no primeiro frasco que abrir venho com unidades e não como descrito no anuncio e na embalagem sendo assim desconfio muito da originalidade,1
comprei dois itens e a loja enviou apenas estou no aguardo do produto ou a devolução do dinheiro,2
recebi no prazo ainda nao pode instalar para conferir o funcionamento,5
relógio muuuuuuito pequeno ainda bem que sou magra ficou legal,2
comprei itens atraves deste pedido mas apenas o suporte foi entregue o tapete não chegou até o momento e consta aqui que os dois itens foram entregues favor peço me enviarem o tapete urgente,1
fiz um pedido e veio outro modelo deixa a desejar um pouco a interesse do consumidor precisei entrar em contado com o site não consigo,2
chegou amassado,3
não recebi o produto corretamente,1
chegou dentro do prazo ficou um pouco menor nada tão significativo estou satisfeito com a compra,4
só não gostei porque o produto não veio em nenhuma caixa apenas com um saquinho e como comprei para revender sem uma embalagem especifica fica um pouco desvalorizado,3
ótima loja eu recomendo,5
o produto veio certo mas a embalagem muito danificada comprei para presentear e fiquei até com vergonha do estado da embalagem fiquei em duvida se o produto é realmente original,2
recebi um produto similar ao que pedi e não veio nota fiscal na caixa,1
encaminhou antes do prazo,5
comprei duas unidades e recebi apenas uma com o valor de duas até hj espero a resolução do problema e as respostas dos inúmeros email que mandei nota zero,1
adorei,4
bom pra criança porém veio com o vidro solto e o ponteiro um pouco mole mas consegui ajustar certinho e está ok,3
entrega rápida e produto conforme anúncio,3
entrega rápida produto bonito mas uma das mesas veio com um pé menor do que o outro estou aguardando a empresa resolver este problema,3
correu tudo bem com a compra o único problema foi que durante o pagamento não dá pra saber que a entrega é pelos correios e a embalagem veio bem amassada preferiria transportadora particular,4
as cores da estampa não são vibrantes como na foto do site é meio desbotado e fica meio desfocaso,2
obrigado,5
a propaganda desse produto é falsa a chapinha não é a original é uma réplica estou aguardando a resposta para obter meu dinheiro de volta,1
bom,4
poderia ser um prazo menor de entrega,2
produto chegou no prazo e bem embalado,4
descumprimento de prazo prometido que venceu há uma semana produto não entregue,1
tudo de acordo com a descrição ainda vou usar,4
a capinha é excelente material muito bom emborrachado internamente muito bom mesmo bonita e resistente só o preço é salgado mas é compatível com o valor do s edge,5
chegou no prazo e é bom o protuto,4
ainda não recebi esta atrasado nunca aconteceu isso sempre como chega antes ou no prazo,3
recebi com a caixa já rasgada mas estava tudo certo obrigado,4
perfeito até antes do esperado obrigada,5
atraso na entrega,2
meu produto veio errado comprei um tapete de x paguei mais caro por esta medida e veio um tapete maior gostaria de devolver e receber o produto correto,3
adorei o brinde,5
cadê o produto,1
show de relógio modelo muito bonito com preço excelente entrega antes do prazo recomendo,5
adorei a mercadoria com certeza vou comprar mais,5
comprei dois produtos e só foi entregue um esperei até o final do prazo de entrega e o mesmo n chegou,3
ele já veio com grau é muito forte,1
produto muito bom não solta fios cheiroso bem acabado boa costura recomendo muito excelente presente,5
compraria novamente,5
meu otoscópio veio em uma caixa de péssima qualidade da wellch além de vir aberta produto tão malfeito que parece até falsificado não veio estojo tampouco pilhas péssimo,3
o produto foi entregue em dias diferentes com uma diferença de dias sendo que foi comprados juntos e foi produtos iguais,3
preciso trocar os copos pois vieram errados o produto que eu pedi foram copos do liquidificador philips walesa código ri na cor preta e vieram outros,2
frete muito lento,2
recebi o produto mas veio errado pedi um tapete coroa cm x cm e recebi um tapete formato margarida petalarosa guga tapetes nota fiscal que veio no produto foi faturada em nome de outra pessoa,3
a compra feita foi de estantes uma azul e outra verde recebi apenas a estante azul está faltando a entrega da segunda estante,3
boa noite ainda não recebi minha encomenda,3
muito bonita a cortina e de boa qualidade só é um pouco transparente,3
chegou antes do prazo o material não é de tão boa qualidade na questão de acabamentos mas no mais é ótimo,3
não veio poa como eu pedi veio todo vermelho,2
bom chegou antes do prazo,3
recebi o produto do prazo mas não testei ainda,4
quero cancelar essa compra,2
adorei a capinha mas a película de vidro veio errada bem menor que a tela do aparelho,2
não sei que haverá acontecido os demais chegaram,3
tive um problema com a mercadoria eu pedi as cortinas na cor caqui e me entregaram na cor cinza a cor cinza nao me atende preciso que por favor façam a troca pela cor que pedi que é a caqui,4
ótimo atendimento,4
produto recebido antes do prazo,5
entregue com sucesso,3
recebei apenas um dos dois produtos o rolo de liberação miofascial não foi entregue,3
produto de ma qualidade,2
estoque do parceiro zerado,2
até o momento recebi apenas um dos produtos falta entregar o outro,1
os lustres vieram numa cor totalmente diferente do anunciado pedi troca através do site recebi o email de confirmação dizendo que entrariam em contato comigo em até horas porém até agora nada,1
realizei a compra do produto no dia e o pagamento foi confirmado no dia o prazo para entrega foi até o dia porem até agora não recebi nada,1
cortina boa de longe parece um tecido mais ela é de plastico só não pode ficar perto do fogão ou de algo que esquente muitorecomendo,3
muito legal em,2
produto com defeito,2
entrega super rápida o produto superou minhas expectativas,5
foi entregue antes do prazo mesmo com a paralização dos caminhoneiros,4
não recomendaria por causa do atraso na entrega,3
recebi o produto dentro do prazo porém a tensão comumente chama de voltagem da lampada não está de acordo com a informada no plug do suporte o suporte e para v e a lampada v,2
não consigo falar com ninguém nas lojas lannister comprei uma placa original e mandaram uma placa compatívelparalela e não consigo falar com ninguémapenas um email sem resposta até agora,1
boa qualidade,3
otimo serviço,4
muito boa entrega,4
não recebi o produto ainda,1
o produto ainda não chegou,2
obrigado pela entrega antes da data prevista,5
só a nota fiscal do aparelho celular que nao veio,4
comprei o produto dia em inicio de março e não recebi no prazo abrindo até um protocolo para resolverem minha situação,2
eu vejo como positivo esse vendedor bom produto e entrga no tempo combinado por este motivo simplesmente recomendo,4
não veio a nota fiscal,4
é uma pena não ter chegado antes do natal espero que chegue até o ano novo,2
gostaria de saber se vai entregar ainda,1
a capa não tem acabamentoparece que não terminada a costura o produto nãotem qualidade lannister,2
chegou antes do esperado muito bom,5
dos dois produtos listados como entregue o único que veio foi a necessarie o colar não chegou até o presente momento,2
mau atendimento ate agora nao resolveram meu problema,1
eu não gostei do atraso porque era presente do natal,1
demora para avisar que deu problema na entrega não recebi o produto avisaram quase no dia de receberfoi descontado primeira parcela referente a compra,2
aguardando o recebimento do produto foi entregue parcialmente restando alguns itens,2
correu tudo bem contudo o produto veio danificado vamos ver como a loja se saí agora,4
comprei dois cobertores e recebi apenas um,1
prezados o produto estragou na hora de conectar com o aparelho de volts na rede de como faço para voces enviarem outro,2
bom produto funciona legal,5
bom atendimento,4
produto lindo de excelente qualidade,5
entregue corretamente,2
entrega dentro do prazoporém o produto veio diferente da fotoum tecido muito leve e fino,3
faz mas de dias uteis que fiz a compra,2
loja produto razoável,4
a tempos sou cliente desta loja sempre satisfeita cm minhas compras,1
excelente,5
adorei esse cubo mágico fácil manuseio e tamanho ideal acho que irei comprar agora o x,5
chegou antes do prazounico ponto negativo é que a imagem da foto é dourada e veio em inox fora isso recomendo,5
achei as toalhas muito feias na foto pareciam brancas mas são gelo e qualidade bastante inferior,3
compra efetuada em e a nota fiscal ainda não foi emitida,1
o pedido foi cancelado dias antes da entrega por indisponibilidade no estoque estou aguardando meu reembolso,1
comprei um produto e vocês me entregaram outro,1
produto entregue no prazo e conforme descrição,4
o relógio é bonito e chegou dentro dk prazo,5
entrei em contato com empresa que entregou o produto que veio faltando toner pois tentei contactar no dia que chegou a encomenda para lojas lannister porém não tem canal para fazer reclamação,2
o produto chegou mas demorou muito,3
produto chegou antes do prazo previsto bem embalado relógio muito bonito,5
produto simples e funcional,3
o produto não veio conforme o esperado,1
o produto que recebi é diferente e inferior ao anunciado quero devolver,2
nononono,1
gostei muito de comprar na loja pois o produto chegou bem antes do prazo e eu amei um produto de ótima qualidade,3
tudo ok produto original lacrado com nota fiscal,5
rapidez na entrega,4
capa muito simples material de pouca qualidade,4
produto com as especificações diferentes do anunciado algodão ao invés de como dizia no anuncio,1
poxa so queria meu produto,1
foi comprado duas unidades do produto e foi entregue apenas uma desejaria saber se o vendedor enviará a segunda compra um abraço,2
minha mesa veio com o tampo todo danificado parecendo usada estou tentando a troca na por enquanto está difícil,1
gostei muito da agilidade da entrega o produto bem embalado e em perfeito estado dessa maneira recomendo e voltarei a comprar sileide,4
comprei um produto e recebi outro totalmente insatisfeita,1
como sugestão deveria constar mais especificação do produto deveria conter juntamente co o produto o manual de instalação,3
foi entregue no prazo,4
sem comentários,2
ainda não utilizei o produto mas está em perfeito estado e chegou no prazo,4
produto muito fraco não recomendaria a ninguem,1
eu fiz o pedido de duas bíblias na cor azul mas recebi na cor preto quero trocar ao menos uma pela cor certa azul att,3
comprei na comodidade de internet porém não entregaram na minha casative que buscar no correioodiei issonão recomendo pq não tive a comodidade de receber em casaapesar de pagar frete,2
legal,2
qualidade e confiança no atendimento do stark,5
gostei muito do produto e chegou antes do prazo,4
ainda não emitiu nota fiscal do produto produto pago em hoje,1
comprei outros dois produtos e chegaram agora o mobile até hj nada,2
o sistema mudou automaticamente o produto que eu comprei por outro veio errado,2
p correio ainda não me entregou o produto,3
o produto não está entre os melhores pois o preço ainda vai mais comprei dois produtos iguais pelo msm é tive que pagar dois fretes sendo que chegaram juntos absurdo,3
pedi uma navalha dourada e veio outra a nota fiscal é do produto certo,1
produto entregue antes do prazo muito bom,4
preciso devolver produto veio errado,3
não recebi ainda o produto,2
única coisa que não gostei é que o perfume não veio com a caixa lacrada fiquei em dúvida,3
bom dia já é a quarta vez que solicito a devolução do produto e até o momento não tive retorno pois a medidas da bolsa não são as mesmas declaradas no ato da compra gt keyla,1
fiquei super satisfeita com a aquisição de colares da amizade são muito bonitos e bem acabados minha netinha de anos e as melhores amigas ficaram super felizes obrigada pela entrega rápida,5
recomendo,3
das cinco cadeiras que comprei chegaram somente duas com acabamento em tecido o pedido foi feito com acabamento em corino,1
produto recebido após mês de efetuado o pedido,3
chegou direitinho,4
só achei elas bem fraquinhas mesmo com o preço baixo achei que se tratava de uma promoção e não de toalhas pequenas e frágeis,2
muito boa a entrega chegou no prazo e a mercadoria estava correta,4
comprei unidades conforme o pedido chegou uma unidade a preço de unidades conforme a nota fiscal ou seja comprei lonas de esteira e recebi só uma no site tava cada unidade comprei duas,2
recebi apenas kit de quadros estou aguardando pelo outro kit,2
achei a entrega um pouco demorada,4
primeira experiência boa,4
nós compramos pufs mas só foram entregues,2
a impressora acusa como cartuchos falsificados mas a impressão está normalnão sei se realmente são originais,3
excelente,5
só fiquei triste porque pedi o cancelamento da compra pra pegar outro modelo e não fui respeitada no pedido realizado irei pensar muito antes de realizar um novo pedido,3
não recebi o produto até o momento e não tive explicação da loja absurdo,1
produto bom recomendo a compra entrega um pouco demorada mas enfim chegou e está correto,4
otimo,4
até o momento só tenho problema com marca eletrolux,3
minha entrega está em atraso mas acho que é por conta dos correios ainda não recebi o produto,2
acredito que tenha sido atraso dos correios ainda não recebi o produto,2
entrega foi rápido mas tem um porem gostei do produtos em partes muito bonito o kit mas a parte do desenho e em papel sem alguma proteção poderia ser impermeabilizado ou pintado,2
amei minha compra lindaa a capa que peguei e resistente recomendo,5
regular,2
nesse tipo de compra como a gente não conhece a loja que tinha o produto e o entregou a gente confia no stark,4
péssima qualidade do produto o cobre leito esta parecendo um lençol com babado já comprei cobre leito no baratheon e parecia quase um edredom vcs deveriam escolher melhor os logistas participantes,1
comprei para adaptar um aspirador de pó veicular v em uma tomada elétrica v mas o aspirador não funciona,2
fiz a compra no início de setembro e até hoje de outubro não recebi o produto aguardando uma solução da empresa,1
não veio a cor que solicitei marquei azul e veio vermelho estou insatisfeito com o vendedor gostaria de saber qual será a solução que vcs vão me dar,1
seria maravilhoso se diminuíssem o custo do frete que ainda é muito caro,5
aguardando ansiosamente o produto porém chegou o prazo de entrega e ainda não recebi o produto e não recebi nenhuma informação sobre o atraso ou se teve algum problema com o envio da mercadoria,1
comprei lustres que estão ilustrados na foto preto e douradonão foi o que recebi recebi preto e bege lamentável isso e enganar o consumidor,1
cartucho aparenta ser bom vamos ver com o uso,4
muito bonita torneira dourada,5
foi bem legal obrigado,4
recebi o produto errado como devo proceder,1
não existe rastreamento da mercadoria pois não há atualização da mesma quando houve foi dias depois da última atualização dizendo que a mercadoria ainda não havia chegado na unidade ssa,1
não recebi o produto até o momento já extrapolaramse todos os prazos e estimativas aguardo uma posição urgente,1
cabo de aço com pouca durabilidade,3
gostei muito do produto mas entregaram na cor errada comprei lilas e recebi rosa vou ficar com ele mesmo assim,3
o produto não tem nada a ver com as fotos do site não recomendo de forma alguma,2
recebi sem problemas produto original,5
recebi sem problemas,4
bom,3
entrega parcial mercadoria entregame entregarao cortina falta conteole remoto,2
parabéns pela competência,5
produto chegou rápido mas me parece que estava mal guardado por está com manchas e sujo me parece que estava no estoque faz tempo,2
o produto é falso ridiculo,1
gostei da compra mas a descrição do produto quanto ao seu material não é verdadeira pela burocracia na troca prefiri ficar,3
apesar de bonita a colcha é bem fininha,3
boa,3
gostei muito recomendoproduto de qualidade e entrega rápida,5
ótimo produto e entrega super rápida,5
não foi entregue em casa tive que buscar no correio,3
comprei produtos de três parceiros diferentes os outros dois recebi tudo certinho desta loja veio apenas uma desculpa esfarrapada,1
tudo ok,4
o atendimento da lannister foi o produto perfeito parabéns,5
comprei kits de saquinhos para sapatos cada kit contendo unidadess e no dia só chegou apenas kit liguei para o correio eles disseram que não era com elese vcs nao resolveram tb,2
entrega super rápida e tudo certinho,4
já pedi minha devolução e ate agora n recebi retorno isso tem mais de dias e me deram prazo de hs quero meu reembolso,2
paguei o produto a vista não recebi no prazo estipulado e não me enviaram nenhuma informação apos vencimento do prazo de entrega,1
demorou muito para ser entregue quase dias a logistica melhorar,2
gosto muito de comprar nessa loja,3
so recebi a cola nf o iten estufa ainda nao chegou por favor me deum retorno o quanto antes,2
compra de dois produtos com previsão de chegada para ambos em porém apenas um produto foi entregue até o momento então o relógio digital mormaii acquarela fzuc chegou e outro não,2
chegou tudo certo,5
evitar comprar no final do ano demorou a chegar,4
demora muito a entregar,3
comprei e paguei um produto em no dia recebi mensagem da lannistercom dizendo que houve problema na entrega nos correios desde então tenho reclamado sem obter nenhuma resposta,1
dá pra uma pessoa só bem quentinho e macio amei,4
pensei que o defletor era uma grande placa porém são pequenas peças que se encaixam uma na outra sinceramente não gostei pois no mercado há opção de peça única mais bonita e com melhor design,2
produto corretamente embalado chegou no prazo e atendeu totalmente as expectativas,5
são lindas as almofadas adorei,5
o tempo de entrega poderia ser mais curto,3
os bicos de luz do lustre vieram tortos com o bico mal posicionado,3
só gostei porque paguei o frete e mesmo assim tive que buscar no correio,4
muito bom produto chegou no prazo,5
recomendo,4
falta atualizar o status do produto com mais precisao pois o status do produto estava com uma data tão distante e sem novidades na entrega que eu já estava com vontade de cancelar o pedido,4
eu recomendaria,4
recebi o produto dentro do prazo de entrega e é de excelente qualidade recomendo com certeza,5
a capinha é boa tem uns detalhes bem legais nas laterais da capa porém a película é pequena e não pega toda a parte do smartphone fica faltando um pouco mais de um milímetro,3
excelente,4
bom,3
realmente é uma cortina blackout desde a data do pagamento ate o recebimento deu menos de dias uteis,3
muito bom,4
tudo perfeitinho,4
ótimo,5
paguei frete mas tive que retirar o produto nos correios quero o valor só frete de volta,3
o produto só não chegou bem antes porque correio estava em greve mais gostei da compra,5
continuo no aguardo da encomenda,1
não recebi o produto a causa do incêndio nos correios de indauatuba são paulo,3
entregou no prazo certo fiquei feliz com a compra que fiz,5
não recebi o produto que eu comprei,2
alguns cabides chegaram quebrados,3
mto bom,5
faltou uma peça pra colocar no pé da cadeira,3
faltaram jumps que até o momento não foram entregues,3
muito bom o produto,4
bom dia eu comprei duas capinhas mas so recebi uma ate o momento peço por favor para vocês da uma olhada qual foi o problema muito obrigado,4
o prazo de entrega é até,4
o produto veio no prazo veio super rápido adorei recomendo,5
chegou bem antes do que imaginava parabéns,4
bom,4
o produto foi entregue em excelente estado e com bastante rapidez excelente,5
gostei achei um pouco frágil,3
produtos entregues em tempo hábil e conforme o anunciado obrigada,5
excelente,5
muito antes do previsto nota,5
demora com a entrega,2
o problema não seria a loja mas sim a entrega do produto tá pra completar um mês e meu relógio não chegou estou bem chateada,3
fui buscar o pedido nos correios mas só constavam itens faltou um a ser entregue,1
chegou sem uma peça,1
gostei,3
gostei muito do produto é exatamente como imaginei a entrega dentro do prazo a unica reclamação é q s tiver problemas c a compra e precisar entrar em contato rápido c a empresa esquece q n consegue,3
ate agora não recebi o produto apesar de já ter pago,1
recebido no prazo e conforme especificações recomendo,4
a lannister está de parabéns o produto chegou muito antes do prazo estipulado e o produto em perfeitas condições obrigada,5
achei apenas que a entrega foi bastante demorada,3
funcionamento incompleto fiz cancelamento pois o produto deveria funcionar e não funciona regularmente mesmo sendo novo,1
ruim,1
obrigado compra perfeita e correta,5
ainda não recebi o produto,1
recomendo sempre devido ao atendimento pós compra,4
as lojas lannister é uma excelente loja e sempre cumpre com o que divulga estou muito satisfeito com o meu produto e parabenizo a loja e o profissionalismo dessa empresa obrigado,5
recebi a encomenda muito bem embalada e em perfeitas condições,4
produto como o da foto e chegou super rápido,5
colocaram nos status como entregue meu produto quando na verdade recebi apenas um cadeado e uma carta de justificação de atraso na entrega mas mesmo assim recomendo esta loja,2
,4
gostei e parabenizo pela pontualidade da entrega obrigada,4
demorou muito a entrega,2
dessa vez eu recebi o produto antes do prazo sem ter que retirar nos correios muito obrigado,3
chegou rapido,5
site super seguro e eficiente adorei,4
estou aguardando uma resposta das lojas lannister sobre a compra que fiz e não recebi,1
comprei o produto e o mesmo chegou muito antes do prazo dado e chegou exatamente como no anúncio ótimo produto,5
quero devolver oprodutopo no mesmo dia que comprei cancelei a compra antes de emitir a nota fiscalcomo manda o site então gostaria de estar devolvendo,3
depois de um longo e árduo tempo o produto foi entregue acho que ele veio de carroça,2
muito bom o produto foi entregue antes do prazo,3
recebi o produto bem antes da data prevista o produto veio corretamente muito satisfeita com o produto,5
loja confiavel mas ainda não recebi o produto,4
pedi o produto na cor preta e veio na cor branca estou esperando uma resposta da empresalojariopreto para troca do produto na cor certa ou devolução do dinheiro,2
ainda não recebi,3
recomendo a loja porém devem tomar cuidado ao fazer a postagem de líquidos pois meu produto veio solto na caixa e vazou um pouco,2
um relogio bonito más s pode ser usado o mínimo possível pois lavei as mãos e ele encheu de água,2
o frete deveria ser cobrado pela quantidade total adquirida e não por cada produto comprado no meu caso comprei refis de filtro e paguei fretes sendo que poderia ter pago um só proporcional,3
comprei o produto é solicitei a troca a targaryen e até o momento não obtive retorno o produto veio embalado mas com sinal de uso já solicitei a troca e devolucao do dinheiro e não retornaram,1
nâo recebi a compra corretamente porem ate agora recebi os produtos incompletos,1
prazo produto e entrega todo ok,5
fiz uma compra e já paguei a parcela e até agora não chegou o meu produto já mandei email já liguei mas nada espero um retorno urgente pois desde de março que fiz a compra estou aaguardando respost,2
faltou os acessórios,4
ótimo entrega dentro do prazo,4
tanto o produto em perfeito estado muito bom entrega dentro do prazo,5
até o momento não recebi meu produto,2
produto maravilhoso entrega antes do prometido recomendo,5
o produto foi entregue dentro do prazo estabelecido utiliza uma bateria lr mas já contém na embalagem comprei por r captação excelente e cabo muito longo,3
ainda nao recebi meu produto quando chega mundo minha avaliaçao,1
muito bom não tive nem um problemão até hoje nem a minha esposa,5
gostei muito obrigada,4
a entrega estava prevista para o dia de julho chegou bem antes acabou de chegar no dia do mesmo muito feliz com a targaryen,5
recebi corretamente,2
mas a entrega no foi feita por completa faltou outro trio nichos gostaria de saber se a entrega vai ser feita em x,3
não entregaram o meu produto,1
acredito que o problema esteja nos correios mas o fornecedor não entra em contato para resolver a questão,1
o produto é bom mas solta muito pelo já lavei duas vezes e os pelos não param de soltar suja o quarto e a casa toda enche de pelos do cobertor,4
não entendo o que está acontecendo me parecia uma compra e um produto bem simples,2
houve um impedimento relatado em outro email justificando o atraso da entrega do produto nesse momento ainda não recebi a compra aguardo informações patrícia,1
o produto chegou quebrado,1
recomendo,5
muito bom chegou no prazo,5
tá faltando a capa anti poeira do xbox one só entregou a capa de silicone para controle,3
mt bom chegou ate antes do perildo,4
recebi apenas unidade solicitada deveriam ser inclusive foi cobrado e consta na nota fiscal estou tentando contato com a loja a dias informam que vão me mandar por email o contato do fornece,1
o rastreio do correio disse que o produto saiu do pr mas não chegou ao es já reclamei por email mas não tive resposta já se passaram dias do prazo de entrega e ainda nenhum retorno,1
bom dia estou aguardando a minha encomenda não chegou eu já paguei no cartão foi parcelado em vezes agora guando chegar eu mudo a minha opinião era pra dar de presente,2
cumpriu com o prometido,4
recebi dentro do prazo mas achei o prazo muito longo,4
eu desejava um produto para pratos e recebi um de pratos como realizo a troca do produto,3
o produto chegou no prazo mas veio com o lacre rompido em uma embalagem não original dando a impressão de ser um produto usado testei e está funcionando não inspirou confiança,2
o produto estava de acordo com o anúncio,4
bom,5
produto muito bom para fixa aplica duas vezes,3
produto demorou muito pra chegar,3
tudo certo recomendo,4
não recebi pedi reembolso e o crédito não entrou na conta,1
excelente,4
adorei o produto chegou antes do prazo recomendo,5
o produto veio embalado apenas por um frágil envelope o que ocasionou o fato da caixa do cartucho ficar totalmente destruída,1
seria uma sugestão as imagens não são parecidas com o produto original se possivel tirar fotos do produto de uma forma que a visualização seja mais clara pois o produto que comprei achei diferente,4
o problema são os correios que não cumpre o prometido na entrega,4
muito bomsó achei um pouco pequeno mais nada de mais,4
acho muito fraca está loja,1
não cumpriu o prazo de entrega,2
ótima comprafoi rápida e no dia da entrega correta parabéns,5
boa tarde não tinha informação do tamanho da cama na explicação está dizendo que é pra cachorro porte grande eu tenho um golden de messes e não cabe ele me senti enganado,2
chegou bem antes do prazo parabéns,5
ótimo foi ara dar de presente a minha cunhada amou super feliz,5
boa,3
a entrega ocorreu muito rápida entretanto o produto parece falso durou h no máximo fui na loja riachuelo e peguei o mesmo produto utilizei e durou umas horas amais,2
não cumpre o prazo para entrega e não entra em contato com o comprador que tem que ficar ligando esperando o tempo já era muito elastico se em uma semana nao receber vou acionar o proco,1
o modelo funciona perfeitamente porém o modelo pedido era outro,3
a capa veio ok mas a película de vidro veio errada menor,2
comprei o produto na black friday e até hoje não recebi,1
excelente,5
bonita pratica porém a tampa da churrasqueira é mais pesada que o corpo e como a trava que para a tampa não funciona com o peso ela tompa as alças da grelha vieram amassadas e tambem são fracas,2
bom,4
chegou rapidomas porem chegou amassado o produtodeve ter caido em algum lugar no trajeto da viagem,3
só a furacão não deu certo tive que refazer,3
a loja me ligou informando que a transportadora está com dificuldades para finalizar a entrega,2
não recebi o produto não sei se o problema é da loja ou dos correios se for dos correios entendo que a loja deveria arrumar outra forma de envio já que não podemos mais confiar nos correios,1
ainda não usei mas recomendo,4
comprei unidades de delfetores do arcondicionado só fui recebido unidades não fui recebido até agora liguei ao vendedor vezes e disse que vai mandar já faz mais de semana nada,3
foi muito bom,5
a tinta da borda preta fica soltando na nossa mão bom que não saltar,2
avaria na embalagem restante,4
muito enrolado já liguei para o stark ficaram de me retornar em dois dias e até agora nada,1
tudo normal,4
comprei dois produtos no dia previstos para o dia um chegou no dia e outro fiquei muito contente com o prazo de entrega e com os produtos q vieram de acordo com o solicitado,5
boa loja,5
as peças vieram conforme solicitado porem as medidas não vieram conforme o pedido,3
acredito que não tenha recebido por conta da greve dos correios então não posso avaliar o produto,3
comprei um toner mas não funciona exijo que seja feita a troca,1
recebi produto errado necessito urgente que seja feita a troca estou sem lentes de contato veio a de quero devolver só essa e preciso que chegue a correta urgente,2
muito obrigado por cumprir a data,4
a embalagem do perfume não estava lacrada ou seja a caixa não estava revestida com o plástico que deveria envolvêla além disso o nível do perfume no frasco estava visivelmente abaixo do normal,2
produto excelente entregue dentro do prazo e muito bem embalado,5
o produto já passou da data de entrega e não consigo saber o que aconteceu até agora nada,1
produtos de qualidade prazo de entrega excelente recomendo,4
chegou antes do prazo boa qualidade,5
os produtos foram faturados em lojas diferentes em resumo não chegou e o outro que chegou veio na cor errada meu conselho e peçam para enviar as mercadorias corretamente,2
o produto chegou na data correta porém chegou avariado já pedi a troca com um pouco de dificuldade pois foi feita através de um site de reclamações e o prazo para troca é um prazo alto,4
como sempre nunca tive problemas em comprar no stark,5
recomendadíssimo,4
ainda estou a espera do meu produto,1
esperei até s hs do dia para receber o produto e não o recebi sendo que a entrega estava prevista até o dia,2
foi entregue no prazo correto site seguro porem veio quebrado espero que a loja troque ou devolva o dinheiro estou esperando uma devolutiva,2
muito bom,5
só uma crítica o site saiu do ar a parte dos pedidos e não pude rastrealo site muito ruim nessa parte e na central não tem como reclamar sem o número do pedido ou seja sem comunicação só espera,4
não tenho do que me queixar sempre compro e recebo direitinho e antes do prazo acho otimo,5
só achei a película um pouco pequena em relação ao tamanho da tela na largura se tivesse mm a mais acho que ficaria melhor,4
fonte veio diferente do anunciado,3
boa,3
não sei se eu não prestei a atenção devida quanto ao tipo do papel na hora da compra eu esperava receber um papel de g e veio um de g mais a entrega foi em tempo abil obrigado e bom dia,3
cortina igual a pra foto bonita e entrega bem rápida recomendo o produto e a loja,4
otimo,5
até o momento não foi entregue o produto,2
entrega rápida produto certo só não dou mais estrelas pra stark pois uma vez comprei um produto que depois arrependi e eles nao trocaram p mim ate hj o produto esta parado fechado lacrado,3
excelente entrega antes do prazo ameiiii,5
produto bom leve e prático,4
bom produto ótima loja tudo certo,5
sempre compro nas lojas lannister dessa vez demoroi a chegar por causa da greve dos correios fora isso e bem rápida entrega,4
parabéns entrega antes da data prevista um produto bom e barato som do produto muito bom corrir com ele não me incomodo não ficou caindo ou folgando no meu ouvido olha que corrir km recomendo,3
bom dia gostei muito da entrega pois a mesma foi feita bem rápida,5
a única ressalva é a válvula ou torneirinha que achei ser de baixa qualidade no mais a siqueira é bem interessante,4
infelizmente essa compra não foi bem sucedida,1
recebi o produto errado nome de outra pessoa nem sei o que fazer,1
o produto veio certo mas o produto veio com a pintura desgastada em vários lugares,3
algo aconteceu errado pois não recebi estes itens contudo já recebi outros itens que comprei na mesma ocasião aguardo um retorno,1
achei pequeno o relógio é melhor postar foto no pulso para melhor ideia do produto,3
a previsão para entrega seria para até e até o momento não foi entregue,1
olá faltou uma peça identificada no manual de montagem como b hanging rail veio apenas uma vocês pode providenciar aguardo,3
o produto que recebi veio incorreto,2
a loja está optando por um meio de transporte sabidamente com problemas estruturais sem compromisso com os clientes,1
entrega rápida produto bem embalado,5
sim,5
chegou antes do prazo,4
chegou antes do prazo o produto está em perfeitas condições de uso,5
veio com um vidro estragado,2
não veio oprotetor de escapamento,2
enviar um produto similar e que nem funciona,1
chegou antes muito bom,4
muito eficiente entrega feita dias antes da data prevista,5
recebido,4
ótimo produto entregue no prazo,3
o produto foi entregue em dias úteis,5
bom dia o produto veio danificado como faço para troca,2
o canivete dá umas travadas para abrir e fechar com o tempo pode melhorar não é o original mas parece ser de boa qualidade use o youtube para ajudar a montar para não dar problema,4
preciso que vcs resolvam o meu problema de trocar o produto,3
entrega no tempo previsto gostei muitosão bem feito,2
as pulseiras vieram corretas iguais a da foto material bacana e resistente,4
só achei o material não muito bom,4
não estou satisfeita com a qualidade do produto,1
produto de qualidade inferior não deveria nem aparecer em propaganda do baratheon pq sempre comprei produtos de qualidade nessa empresa,1
parabens pela eficiencia,5
chegou teclado mouse o cpu mas o computador nao,1
o produto é bom a entrega é rapidamas frete muito caro,3
muito bom,2
muito boa a loja,4
gostei,4
produto muito bom eu compraria de nova e também recomendaria outra pessoas muito obrigado,4
foi entregue até antes da data prevista só achei ele muito pequeno e ficou largo no meu pulso,3
tudo ok,3
excelente produto entrega imediata e preço mt bom,5
o pedido chegou muito antes do prazo estabelecido as panelas são maravilhosas,4
veio número errado veio cor errada nao recomendo gostaria de compra mais nao confio no vendedor,1
navalha muito bonita,5
veio tudo ok,5
o produto chegou certo só que não consegui acertar a hora desse produto acho eu que fiz uma compra indevida o bom seria um manual portugues,4
ótimo custo benefício,5
infelizmente não tenho como avaliar pois não sei se o atraso na entrega foi culpa do vendedor ou dos correios acho que as lojas tem que procurar outra alternativa além dos correios,3
prateleiras com cantos vivo colunas nao encaixam faltam arroelas para nao danificar a pintura prateleiras chegaram todas amassadas,1
produto de boa qualidade,4
só precisa entregar em menos tempo e no prazo pois minha mercadoria ainda não recebi,3
so não dei cinco estrelas porque eu queria comprar uma tigela com tampa e o frete é mais caro que o produtopor isso não recomendo,2
entrei em contato com o vendedor rpgrupo que prometeu a substituição como o prazo para avaliação pelas lannister termina amanhã estou registrando o problema ocorrido e a pendência de solução,2
a compra foi realizada a mês e o produto ainda não foi entregue não tenho acesso ao rastreamento,2
nao recebi,1
desde o momento da compra até a entrega perfeito obrigado,4
sempre muito bem atendida,4
produto muito bom tiver que na agência dos correios buscar o produto,3
apesar de falarem muito qto problema de entrega com a loja lannisterno já experiência sempre foi boa,5
comprei o boneco no mario bros tradicional e me mandaram o boneco mario bros fire branco se eu quisesse esse teria comprado em outro lugar não recomendo a loja,2
não recebi ainda o produto comprado,3
muito bom,4
eu recomendo esta loja porque eu conheçomas estou aguardando mercadoria,3
os parceiros da lannister são ótimos mas ainda estou esperando o produto que comprei,2
boa qualidade chegou no tempo previsto tudo certinho,4
comprar um produto correto na capa mas interno ser outro,3
otimo negocio,4
a parte da cortina em pvc veio descorda mas produto é bom compraria novamente,3
produdo muito fragil e superficial parece um relogio de brinquedo,2
a carteira tem um bom material mas é muito grande bem maior que a foto,4
comprei dois produtos e recebi apenas deles tentei entrar em contato com a loja e não obtive sucesso tentei entrar em contato com a lannister por telefone e email e também não consegui,1
ótimo produto,5
me surpreendeu a agilidade da entrega super satisfeito e produto de boa qualidade recomendo,4
achei o prazo razoável de entrega entretanto o período entre o pagamento e a emissão da nota fiscal demorou muito isso poderia melhorar,3
quanto ao comedouro a empresa está de parabéns muito bom e satisfatório quanto ao benedouro em poucas palavras para mim nao delongar muito um lixo de equipamento,2
chegou porém não é só isso que conta apesar de estar dentro do prazo a entrega demorou o rastreio vc só consegue se ligar para a lannister para saber motivo esse que não dei menos estrelas,3
comprei cortinas na cortina que comprei veio bem menor que as outraso pior que ficaram todas juntasbem desigual,1
produto bom veio faltando uma peça mas sei que a loja resolvera o problema afinal compro aqui há anos e nunca tive problema recomendo,3
demora muito pr entregar,4
em fiz a compra solicitando lustres pendentes do tipo bola mexicana mas recebi só o tempo de entrega até surpreendeu mas do que adianta se veio metade do pedido aguardo esclarecimentos,2
vezquero devolver o proturo por se tratar de um leitor bluray e gravador dvd cd uj case para montagem de dvd branca case brancacoao conectar o produto no notebok nao funcina,2
excelentetudo,5
produto pequeno demais,1
em um dos frascos estava faltando capsulas acho um absurdo a gente comprar um produto tão caro e as pessoas ter a coragem de fazer este tipo de sacanagem,1
serviço péssimo,1
gostei veio como esperando nota recomendo muito bom legal,2
eu esperva que o produto fosse um pouco melhor,3
ótima logistica entregue antes do prazo limite parabens,4
o sac é uma porcaria,2
demorou mas chegou,4
a compra foi equivocada por não haver descrição informando qtd de pipetas presentes na caixae na imagem que se apresenta tratase de uma caixa que contém e foi comprado esperando porém só tem,2
produto entregue antes do prazo e veio o que anunciaram,4
o produto é realmente queen serviu bem o tecido é bom mais é liso quem não gosta de escorregar um pouco não compre porém ele não sai do colchão,3
a foto não parece com o produto é um tecido fino e com alguns erros nas costuras,3
faltou tubos de bolinas,3
custa muito,2
recebi somente um cartucho de que pedi agora necessito saber sobre o frete,2
ótima loja para parceria rápidíssima produtos bem embalados e de qualidade só o custo do frete que foi meio azedo,4
ainda nao recebi o produto mas o rastreamento dos correios consta que o mesmo já está aqui e bh continuo aguardando,3
bom,3
chegoumas quase mês para a entrega,4
td certoproduto e prazo de entrega,5
produto de material de boa qualidade porém as partes de metal achei de baixa qualidade principalmente as parte do prendedor de metal da alça maior mas nada que comprometa a qualidade da bolsa,4
seu processo em minha opinião esta errado por não haver quem atenda a chamada para tirar dúvidas essa compra foi altamente estressante pois só depois de um tempo consegui resolver meu problema,2
a embalagem difere daquela do site portanto não acredito que seja o mesmo,2
baratheon meu produto não chegou veja aí que eu vou adicionar o copom,1
ainda avaliando a utilidade,4
a previsão de entrega do produto era dia estamos no dia e ainda não recebemos nem o produto nem nf,2
comprei dois produtos sling recebi e almofada de amamentação não entregue dentro da pequena caixa do sling veio a nf referente aos dois produtos porém só recebi,1
ótimo produto adorei chegou antes da data prevista para entrega porém tive que ir buscar nos correios e só me comunicaram isso dia antes do produtor retornar para o fabricante,4
achei ótimo recomendo,5
até a presente data não recebi e ja paguei a primeira parcela do produto,1
quanto a compra faltou a opção da fragrância pois eu tinha interesse era no almíscar no mais o que veio perde a fixação,2
ótimo,5
produto foi parcialmente entregue até o momento não tive nenhuma satisfação do fornecedor,1
foi para o correio,1
obs só este produto foi entregue lençol avulso com elástico solteiro malha penteada verde,3
recebi dentro do prazo estipulado,4
fui bem atendido a negociação foi normal,4
o produto foi entregue no prazo certo só que vou fazer a devolução pois não é o que eu esperava,4
o pano não é mto bom,4
nao posso avalia um produto que ainda nao recebi se fosse para avalia eu daria,1
eu gostei,3
da forma descrita chegou bem antes do prazo,4
muito tempo pra fazer a entrega de um simples adaptador,1
talvez chegue em outro despacho,3
recomendo,5
a qualidade do cubo pelo preço me impressionou recomendo muito,5
pedido chega rapido,3
nunca vi demorarem tanto para entregar um cartucho está vindo da china,4
eu queria dvd player e não gravadorfoi um engano,3
estou tentando trocar meu produto pedi um waterpik volts e me entregaram na voltagem para vender é fácil mas para trocar vc não consegue falar com ninguém,1
não recebi ainda mas na verdade como posso avaliar o tempo p entrega se o limite é até hoje dia portanto dentro do prazo,3
otimo recomendo,4
comprei produtos e recebi apenas e até agora ainda não recebi o outro e consta como entregue pois só veio um código de rastreio,2
não recebi meu produto ainda,2
fiz minha compra dia agora e dia e ainda nao recebi o produto,2
excelente loja,4
o mocho não tem nem meses de uso e a parte da estrutura já está rachando produto de péssima qualidade,1
estou satisfeita com a compra,4
só achei a tampa do produto meio frágil de resto parece ser muito boa,4
tive que retirar no correio não achei certopois paguei o frete gostaria de saber se vou receber o dinheiro do frete de volta,2
pessimo atendimento estou tentando cancelar a compra desde minutos depois de ter efetuado devido a propaganda induzir ao erro fazendo alusão a um produto original e nao estou conseguindo,1
recebi o produto e ainda um brinde maravilhoso isso é surpreender ao cliente,5
não recebi o produto correto estou esperando um retorno até agora,1
otimo,5
produto de excelente qualidade totalmente recomendado para auqles que prezam por sofisticação e qualidade,5
bom dia comprei duas unidades do balde mop e até o momento só recebi uma,1
muito boarecomendo,4
já comprei várias vezes no site lannistermas desta última vezfiz uma compra de um toner no e só prometeram p e ainda não recebi o produto,2
o produto anunciado é diferente do entregue no rotulo no site diz zero lactose o produto possui lactose,1
produto como na foto descrito no anúncio de boa qualidade e entrega super rápidarecomendo,5
pedi um colchonete que tivesse a espuma com cm de altura e densidade veio um colchonete que deve ter cm de espessura e mole não recomendo,2
o ideal era dizer o tamanho do produto para é ajustes para não correr riscos de ficar pequeno mas no geral foi uma boa compra,4
produto entregue antes do prazo,4
produto de ótima qualidade chegou como descrito mais a entrega foi mais do que o esperado deixou a desejar no tempo de entrega muito demora,3
gente ainda não recebi minha encomenda como fasso pra vocês enviarem de novo,1
muito boa compra,4
a entrega foi rápida mas a cor veio errada em vez de preto entregaram um porta retrato branco não solicitei a troca porque era para um presente e não daria tempo,2
comprei torres chegaram e nao chegaram juntas chegou em um dia e no outro e ainda falta uma,1
muito satisfeita com o produto e com a loja,5
boa,4
eu apenas pensei que o relógio era maior mais gostei bastante mesmo assim,4
entrega muito antes do prazo determinado,5
entregaram antes do prazo recomendo pela agilidade mas produto não celular samsung a não aceitou o fone voz abafada e baixa,3
recomendo o site entrega rápida,4
eu havia pedido o cancelamentono entanto o pedido foi entregue assim mesmo,3
a base que veio foi diferente da foto,3
não mandaram o produto e nem deram satisfação,1
o produto não foi entregue na minha casa tive q ir buscar na agência paguei reais de frete é ainda assim não recebi em casa,1
produto entregue antes do prazo super recomendo,5
tudo perfeito,4
não gostei dessa loja o primeiro produto com caps ofereceu mais vantagem que caps,3
produto demorou muito para chegar,2
muito bom,5
gostei do produto porém a entrega atrasou muito tratavase de um presente de casamento e a entrega ocorreu além da data prevista o que gerou desconforto pela situação lamentável,3
o produto foi entregue porém com o prazo de validade para vencimento em dois dias após a entrega logo não conseguiria utilizar totalmente o que comprei estou aguardando o estorno combinado,3
produto condizente com foto e descrição bem embalado e entrega dentro do prazo uma observação importante é que o rastreamento do pedido estava desatualizado quando recebemos o produto,4
bom,4
bom dia já sou cliente da baratheon a alguns anosnão tive reclamação mas esta cortina que comprei não gostei péssimo em acabamento fica tudo engovinhado gostaria de trocar produto,3
achei que a corda do pescoço fosse mais grossa pelas imagens mas ela é bem fina também a ponta da flecha tem um formato côncavo atrás dela é tipo um buraco nas imagens não mostravam isso,3
o produto chegou antes do prazo mas veio com o pé direito traseiro levemente menor o que faz com que fique discretamente cambaleando contudo recomendo a loja por me manter sempre informada,4
parece frágil ainda não usei,3
produto bom e vendedor confiável só pecou no atraso da entrega e necessidade de emails para acompanhamento compraria de novo mas podem melhorar,4
nao recebei o produto até agora,1
bom atendimento,3
demorou muito pra chegar mas acredito ser por conta dos correios,3
veio todos os produtos no prazo certo mais veio uma peça errada,3
produto chegou correto recomendo,5
não recebi os produtos completo ainda veio faltando o um rolo de fio,3
recebo kits de ômega e comprei no mesmo pedido tinha kit de magnésio dimalato que não foi entregue,1
muito bom,4
produto entregue antes do prazo estabelecido deixou apenas a desejar em relação as características do produto espera uma cortina mais espessa não voltaria a comprar este item,3
produto bom e chegou antes do prazo previstoestou muito satisfeita,5
muito boa qualidademas teve um pincel que veio solto mais eu encaixei,3
comprei na cor amarelo entregaram na cor rosa,2
tudo certo,4
o produto me chegou divergindo em relação ao informado no site sobre o funcionamento do mesmo falta o botão redutor de velocidade,1
ótima compra obrigado,5
percebi q havia pedido a voltagem equivocada assim q enviei o pedido tentei ligar fazer contato pelo site enfim todas as possibilidades e não consegui fazer contato estou pedindo a devolução,3
tudo ok so atrasou a entrega,5
o produto veio com os frascos dos elementos químicos vazios não sei se vazou no armazenamento ou no transporte,3
tudo ok na entrega,4
excelente,5
produto bom frete caro e demorado,3
achei que fosse cartucho original e não era,2
qualidade mboa,5
o produto chegou bem antes da data prevista fiquei mt satisfeita,4
chegou super rápido e bem embalado recomendo,4
bom o meu produto que no caso era uma fonte para computador não foi entregue porem eles tem um otimo atendimento,3
lannister sempre sendo excelente na logística de entrega parabéns,5
eficiente transferência e muita informação perfeita gostei muito e vou voltar a comprar em breve muito obrigado,4
produto chegou perfeitoentregue muito antes do prazo,5
estou tentando ligar mas não consigo meu produto chegou antes do prazo informado porém veio com rachadura quero trocar,2
pessima estou esperando minha postagem pra devoluçao do meu pedido e ate agora nada ja esta co dias e nada,1
produto veio conforme anuncio entrega dentro do prazo,5
apesar do produto ter qualidade meu pedido veio errado pedi um cobre leito super king e recebi o tamanho king estou deveras insatifeita o produto não atende as minhas necessidades,1
o produto veio mais rápido do que esperava porém o frasco veio faltando produto pois vazou na caixa maior cuidado ao embalar verificar lacração do produto,2
entregue antes do prazo e em perfeto estado,4
nao recomendo toner não é original,1
a previsão para entrega era dia hoje são e ainda não recebi e não consigo rastrear o produto a empresa,1
essa tesoura deve estar sendo fabricada até agora pq a previsão de entrega era já era um prazo longo comparado co de outro produto adquirido no mesmo dia hj nada,1
aguardando a outra unidade q adquiri e paguei,3
o produdo não foi enviado ainda,1
estou a espera do meu pedido,1
mto bom parabéns,4
o relógio veio com defeitocomo faço pra trocar,2
estou esperando resposta pelo celular email e ate o momento nada,2
o produto enviado não chega nem perto das bordas mesmo sendo edge e sabendo que não era abaulado não recomendo ninguém a comprar voi tentar trocar se não vai ser dinheiro jogado fora,1
recebi o produto porém está faltando o nano uma peça fundamental para que o mouse funcione,3
a empresa não entregou a nota fiscal o que é essencial nessa transição para a compradora,2
esperei até o último dia do prazo para entrega e não chegou o meu produto conforme o combinado,2
demorou um pouco pra chegar mas dentro do prazo o produto é lindo e pelo preco ainda melhor,4
é a primeira vez que faço compra pela internet pois até então não me sentia seguropois alguns amigos que fizeram tiveram problemas para receber seus produtos mas resolvi arriscar e deu certo,4
recebi a encomenda em prazo record porém comprei duas unidades e recebi somente um já encaminhei um email para a loja visto q não encontrei num de telefone para ligar acredito q será resolvido,2
não posso dizer que não recomendo a loja pois acredito que o problema na entrega foi com a transportadora correios não deixaria de comprar com a loja por conta deste problema na entrega,1
a lannister me pergunta insistentemente se recebi não não recebi nada ainda devo aguardar preciso de um posicionamento da lannister,1
ok,5
pela demora não deveria cobrar o frete,3
recebi o produto no prazo porém esta quebrado já mandei um email e é a segunda avaliação que eu preencho informando o ocorrido estou aguardando uma resposta,1
recebo entregas em minha casa e no meu serviço porem não consegui receber deste targaryen,1
as toalhas não são boas muito inferiores,3
normal,4
o produto recebido não é o mesmo que foi comprado manifesto desejo de fazer devolução,3
cade o produto que comprei,1
a câmera pelo preço supera expectativas e já precisei dela para provar situação de trânsito foi crucial,4
produto muito bom porém não coube o meu notebook apesar de seguir as medidas informadas na venda demora na atualização das informações até a entrega,2
kit quadros vieram com medidas erradas comprei com medidas x vieram com mefidas x,2
o produto ainda não foi entregue e extrapolou todas datas previstas de atendimento,1
a princípio fiquei com receio por não ter nenhuma avaliação aqui mas pesquisei mais informações sobre a empresa e comprei e super recomendo o aparelho chegou com dias e veio sem nenhum defeito,5
pedi unidades e so recebi,3
tudo entregue certo só o tapete que era bem mais claro do que o da foto por isso dos pontos,3
recomendo a loja entregou o pedido no tempo determinado e sem avarias,4
olá recebi meu pedido apenas de maneira parcial comprei unidades mas só chegou uma,3
só gostaria que meu produto chegasse logo,1
entrega demorada e pouca informação se o produto for vendido por outro site darei a preferencia,3
bom dia gostei de ter comprado nesta loja recebi o produto no prazo e lacrado,4
ainda não recebi o produto,1
entrega de produto errado comprei tapete para carro ettios rech modelo veio modelo corolla,2
bom produto,4
deveriam embalar melhor o produto a caixa veio toda amassada e vou dar de presente,4
recebi um prduto um urso mas encomendei um sapo,1
produto otimo,5
comprei dermacol na foto do produto aparece mini bisnaga o q dá a entender q é uma amostra do produto recebi uma base srótulo ou especificaçãodentro de um recipiente redondo e não é dermacol,1
estou muito desgostoso pois comprei vai fazer um mês e ainda não chegou,1
recebi o produto errado fiz o estorno e depois de um mês ainda não recei meu dinheiro de volta,1
tem dias que comprei cadeiras rosa e azul no dia foi me entregue apenas um volume constando somente a cedeira rosa e a nota fiscal pregada no volume constando as cadeiras,1
excelente logística a única situação negativa é que eu fiz a compra de dois produtos e cada produto é enviado em dois fretes diferentes cada produto é um frete,5
recomendo o produto entrega no prazo sem problemas com instalação do driver,5
,3
recebi o produto antes do prazo porém em cima fica dobrando um pouco,4
recebi o produto no prazo certo e estou super satisfeita era realmente o que eu esperava,4
não recebi meu produto,1
não recebido,1
efetuei a compra de um relógio cássio de acordo com a descrição do produto e a foto porem o relógio que chegou é completamente diferente do que eu efetuei a compra achei falta de respeito comigo,3
tudo certo,4
o produto foi roubado nos correios mas ate o momento a loja não deu nenhuma posição sobre o caso,2
o produto é bom pelo custo benefício só tive que pedir a troca por conta do tamanho que está descrito errado o correto seria xxcm axlxp contando com as rodas só a mala de cm de profund,4
o produto veio danificado já entrei em contato solicitando a troca não consigo avaliar pois ainda não me retornaram a solicitação,3
o produto não veio como esperávamos não deu certo pro carro,1
na descrição informa que são unidades do produto porém são itensum guardanapo de mesa guardanapo de boca anel o guardanapo de mesa é super pequeno nao cabe nem um prato em cima,1
recomendo,4
obrigado,4
achei a cor fraca,2
fiz o pedido em novembro já foi descontado no cartão de crédito e não recebi não recebi um email justificando a demora falta de compromisso com os clientes odiei a experiência,1
demos o relógio de presente para a nossa neta ela gostou muito,5
cofre com bom espaço interno e prateleira para facilitar a organização bom produto,5
muito bom,3
produto recebido dentro prazo estipulado,4
produto conforme anunciado acho que o prazo de entrega poderia ser menor mas foi cumprido,4
além de ser de qualidade chegou muito antes do prazo final,5
achei o tapete super lindosó pensei que fosse mais pesado ele é bem leve e o pêlofio não é muito grande mas me agradou chegou antes do prazo previsto cor e tamanho de acordo com o anúncio,4
paguei e não recebi o produto e não sei como recuperar o valor,1
ele ligado é perfeito mas se fica somente na tomada e nao liga o ar ele da um cheiro de queimado,3
o produto chegou conforme o pedido e o único senão foi a demora,4
comprei duas pelúcias e só chegou uma unidade está faltando a pelúcia do emoji diabinho,3
recomendo a compra mais um pra coleção,5
produto recebido corretamente porém fora do prazo,4
excelente entrega antes da data prevista conforme produto do catálogo,5
demorou muito e cancelei a entrega,1
gostei,4
parabens pela atençao e eficiencia,5
loja possui o produto mas não deseja enviar,1
tirando a demorao produto chegou e gostei do material ficou muito bonito em ninha sala,3
não veio uma nf com o valor total da compra,2
imaginei que a madeira fosse um pouco mais grossa achei muito fininha mas é lindinha,3
ainda não recebi o produto,1
produto excelente eu recomendo,5
o cartucho parece igualcompatível mas não encaixa perfeito na máquina conferi o pedido e os códigos e estão corretos a falha é de encaixe por sorte encaixou noutra máquina que usa o mesmo tipo de,3
sempre que eu precisar comprarei nesta loja,4
eu não entendi o que houve pedi cadeiras e só veio estou no aguardo da segunda cadeira espero não ter problemas com isso,3
gostei mas a panela veio com um pedacinho do cabo quebrado nao tenho paciencia pra troca mas atencao da proxima vez,4
muito bom,4
o produto chegou no prazo porém o item veio errado entrei em contato com o vendedor e o mesmo disse que me mandaria o produto correto estou aguardando o código de rastreio do produto correto,2
no anuncio diz outra cor,2
otima compra,5
boa mochila mas achei só um pouco pequena mas muito bonita,3
não veio o produto certo quero devolver o mesmo e quero meu dinheiro de volta,1
recomendo comprar nesta loja a entrega foi pontual,4
meu produto não chegou,1
gostei muitosuper recomendorecebi antes mesmo do prazo,5
ainda estou testando o produto mas a princípio funcionou bem ponto negativo mais uma vez a demora em relação aos prazos em outra compra a demora foi absurda,3
estou satisfeito,4
entrega no prazo produto correto mas o relógio não funciona,3
nao recebi a mercadoria,3
só acho que a tarifa do correio está muito cara estou deixando de comprar devido ao frete recebi o que pedi no prazo,5
bomfornecedor,4
preço justo do produto e do frete site descomplicado tudo fácil chegou até antes do esperado,5
ainda está no prazo previsto mas achei mto longo,2
uma loja excelente entrega rapida,4
não recebi nem ao menos nenhuma notificação do destino do produto é uma falta de respeito com o cliente,1
produto certinho entrega antes do tempo,5
demorou demais,3
eu comprei alicates e só chegou alicate,2
não tenho como avaliar se ainda não estou de posse do produto qual a previsão de chegada,2
não funcionou o equipamento não consegue fazer contato com o celular preciso fazer mais teste para ter certeza mas aparentemente não funcionou,2
recebi o produto dia feira porém ao abrir verifiquei que uma das peças estava bem amassada e a outra possuía o acabamento bem ruim na extremidade não sendo possível sua utilização,2
material de pessima qualidade,2
muito boa e rapida e o produto veio em bom estado agora e mesmo fazer os testes,4
tem problema com un cartucho o preto nao funciona,3
chegou dentro do prazo e conforme especificado comprei unidades e infelizmente uma delas veio toda amassada o que com certeza foi problema da transportadora mas não tem mais em estoque para troca,5
só achei ruim que ele não fica em pé como os outros,3
nada a reclamar recebi com antecencia ao marcado,2
,5
achei que a corda do pescoço fosse mais grossa pelas imagens mas ela é bem fina também a ponta da flecha tem um formato côncavo atrás dela é tipo um buraco nas imagens não mostravam isso,3
achei o produto inferior ao que vi no site mas atende bem,3
recebi o produto só que o mesmo não foi um produto novo e sim recondicionado acredito que ele não tenha sido testado quando substituir entrou em curto então tive que comprar um outro,3
muito bom mercadoria entregue antes do prazo e do jeito que pedimos,5
apesar dos produtos da loja serem de bom custo o tempo da entrega e a falta de informações para o cliente sobre o andamento do pedido deixa muito a desejar infelizmente não recomendo a terceiros,2
o produto veio com a lente de outra marca que causa alteração visual já comprei anteriormente um óculos da mesma marca e não tive esse problema parece que só a armação e original,2
a embalagem do produto estava aberta e a caixa plástica da fonte estava rachada visivelmente o produto já havia sido utilizado mas de qualquer forma funcionou perfeitamente,3
ate a presente data o produto não foi entregue outros produtos que foram comprados juntos no mesma data já foram recebidos,2
eu recomendo,5
produto excelente conforme descrição e prazo de entrega perfeito,5
fiz a compra de dois produto e só recebi um produto e foram cobrados dois produtos,2
no anuncio falava que era de couro porem não era de couro,3
mercadoria nao entregue por conta dos correios desde esta no deposito dos correios aguardo contato da empresa para tomar providencias,3
quero a troca,2
produto ótimo entregue no prazo recomendo,4
pura propaganda enganosa comprei um produto e me entregaram outroestou tentando um contato e ate agora nada não recomendo,1
sempre recomendo as lojas lannister,4
pensei que viria por transportadora o que é mas rápidomas veio pelo correio e como o correio está horrível pra estregar demorou um pouco mas tirando isso foi regular,4
produto chegou dentro do prazo informado,3
a peça não serviu,1
uma criança ficou sem receber seu presente de natal,1
não montei ele ainda mais pelo que conferi esta de acordo com o que foi prometido o problema foi o rastreamento dele pois a targaryen demorou muito para locomover ele e depois teve dificuldade na entrega,3
não foi mesmo produto da foto mais pelo que vi e a mesma coisa só muda a embalagem,5
não recebi o produto o prazo já acabou,2
chegou dias antes do prazo perfeito,5
ótimo chegou bem rápido,3
recebi apenas um controle estou no aguardo do próximo torcendo para que chegue entre esses dias já que no rastreio informa que já está no transporte,3
o pedido foi entregue dentro do prazo estipulado,4
comprei um produto de reais e recebi um completamente de reais um absurdo,1
o pedido foi cancelado conforme email de vcs em de maio,2
comprei dois itens e recebi apenas um,2
uma das varas veio faltando o encaixe da linha porém de resto tudo ok,4
pdouto corresponde descrição,3
achei que fosse um pouco mais grosso pois mais parece um lençol do que um cobre leito,3
comprei pulseiras mas chego apenas uma esto aguardando a outro diferença grande entre as entregas pensei que seria entrega as juntas,4
tudo perfeito,5
bem pouquíssimo produto e deixa a pele muito oleosa brilha muito por ser um preço salgado esperava mais do produto ainda bem que comprei pra testar,1
o produto é bom,5
não sabia que eram quadrinhos para emoldurar isso deveria estar nas informações do produto,3
produto totalmente diferente do da foto não gostei pois falava que era corta luz plástico super fino,1
chegou no prazo,3
não sei se o problema foi a transportadora ou a empresa de cadeiras mas das cadeiras presidência são uma foi entregue,1
produto vazando,3
gostei de adquirir produtos desta loja estou satisfeita,4
tudo foi como o pre combinado sem intercorrencias,5
fiquei muito satisfeito com o produto original chegou antes do prazo recomendo a loja,5
não utilizei o produto ainda,4
o cartucho não funciona na minha impressora hp o chip do cartucho não é do mesmo tamanho dos cartuchos que servem para essa impressora não ecompativel com hp não é cartucho h xl,1
um dos produtos marcado como entregue não foi recebido,1
estou tentando entrar em contato com a stark para verificar a troca do mesmo pois veio com defeito de acabamento mas não obtive exito em falar com algum atendente representante do ecommerce,3
apesar de ser presente a minha esposa gostou muito e considerou um produto muito bom de qualidade veio os pinseis dentro do prazo de entrega,4
comprei um produto e já tá com mais de um mês já paguei a primeira prestação e nada do produto espero que vcs resolva meu problema porque já passou do prazo de entrega espero uma resposta,1
comprei um quadro mes passado falaram q iria chegar no comeco do mes mais ate ahora nada,3
amei o produto a entrega nunca vi tão rápido comprei em um dia chegou no outro parabéns para a transportadora targaryen e a lannister pelo excelente trabalho atendimento e compromisso,5
o produto ainda nao chegou enviei um email para a loja e eles nem responderam,1
veio tesouras de outra marca as tesouras que estão ali na foto são da osdrich e veio as tesouras da marca obopekal a qualidade é bem parelha da que pedi e não veio mas a que pedi é mais bonita,2
muito bom,5
produto diferente do pedido e até agora nenhuma resposta sobre a substituição,2
ainda estou aguardando pelo produto,1
produto muito bom dentro das condições que foi anunciado chegou antes do prazo,4
,5
solicitado cancelamento da compra pois foi feita em duplicidade,3
consta no site que o meu pedido já foi entregue porém não recebi favor verificar os dados da pessoa que recebeu e me retornar com urgência pois vou atrás do meu direito como consumidoraguardo retorno,1
veio certinho,5
produto igual ao da foto maravilhoso,5
comprei o produto dia e até hoje não recebi simplesmente não me deram nenhum tipo de aviso sobre a encomenda apenas não entregaram quero meu dinheiro de volta não comprem dessa loja,1
comprei dois potes e só entregaram um até agora não resolveram meu problema,1
poderia ser mais claro nas informações das dimensoes,3
gostei muito da agilidade produto chegou antes do prazo continuem assim,4
na foto do produto tinha um motor com cabo completo porem o que veio não era mesma marca e veio sem o plug de encaixe mas funcionou e veio o modelo certogeladeira gelando muito,3
modelo de tapete incompatível com o carro descrito no anúncio,4
controle é bom levando em conta que não é original teclado mole a única coisa que achei ruim,2
odorei o produto obg,5
recomendo porém o prazo informado é muito longo a entrega foi feita bem antes do prazo mas acho que deveria estipular um prazo menor,4
um dos dois prudutos veio com defeito cancelei o produto,2
o case para hd chegou corretamente mas a capa para notebook não foi entregue só havia encomenda no pacote,2
super satisfeita,4
material do produto bom porém não cabe perfeitamente,2
entregue rapido,4
,5
bom,4
meu pedido foi de unidades de um mesmo produto e até o momento só recebi um como comprei o mesmo produto penso que a entrega seria no mesmo momento vou receber depois a outra unidade,3
recebi somente item do pedido,2
o produto poderia ser melhor os encaixe não afirma poderia ser melhor pintado a entrega veio antes,2
tenho acompanhado a evolução da entrega e verifique que o produto se encontra no rio de janeiro desde o dia e simplesmente não entregam na minha casa o status está encaminhado para cee jacare,1
produto nao é o q eu queria nao tem selo do imetro e nao é original nao gostei mesmo arrependido,1
passou o prazo de entrega e ate o momento não recebi o produto as lannister deveriam ter mais cuidado quando oferece produtos de outras lojas tenho que correr atrás agora comprar paga e não receber,1
não recebi o produto,1
entregou faltando um produto,2
a entrega chegou bem antes do prazo estipulado muito obrigada,5
sei que esse não e o canal ideal estou ha dias tentando realizar esse cancelamento e não estou conseguindo recebi o produto porém minha filha ganhou o mesmo produto do pai preciso cancelar,4
produto correspondeu as discrições,4
,4
razoável,2
obrigado,4
eu comprei unidades do papel de parede mas só chegou rolo como resolver essa situação m,2
muito bom,5
excelente,4
infelizmente não recebi o produto,2
demorou um pouco pq não era do baratheon o lençol mas fiquei bastante feliz com meu produto,5
comprei mini transformadores há vários dias já passou o prazo de entrega e ainda não recebi os produtos que comprei absurdo estou precisando muito dos produtos e ainda não os recebi,1
ótimo,4
conprei um de v e quando chegou era v,3
produto foi como eu esperava adorei recomendo,4
bom,3
não no produto porque veio com defeito mas não vou trocálo as mercadorias não são revisadas na empresa que o vende no caso no lugar da tecla n tem o número ou seja teclas n,2
até agora não recebi a comunicação da reclamação que eu fiz sobre o não funcionamento do aparelho que está com defeito,1
o produto foi entregue porem faltando para as cadeiras a peça flange assim impossibilitando a montagem do mesmo,2
as lâminas vieram fora de embalagem enrolados num saquinho o produto chegou dentro do prazo previsto,2
produto originalbem embalado só não veio com a nota fiscaldanf,4
boa noite quando fiz o pedido era um kit com pedi unidades do kit recebi apenas unidades e não os kits,2
o produto é bom de boa qualidade mas esperava algo um pouco mais sofisticado,4
estou aguardando uma resposta pois minha entrega foi entregue parcialmente esta faltando uma luminária,1
a targaryene está dizendo que entregou as cinco banquetas mas só recebi duas tenho como resolver sem entrar com procon,1
mochila linda e super confortável ameiiiiiiii,5
produto conforme anunciado de boa qualidade,5
recebi o produto na data marcada em perfeita condições,5
apenas um detalhe a película de vidro não é recomendada para o xperia xa pois a sua tela é abaulada e a película não adere nas margens a película recomendada é de gel,1
sempre comprei nas lannister e nuca tive problema,5
o prazo de entrega era dia hoje dia e ainda não recebi o produto,2
comprei um modelo mandaram o antigo quero a troca,1
uma loja boa e bem atenciosa no seu atendimento vale a pena comprar,5
chegou antes do prazo excelente o produto muito bonito,5
sempre me atendendo com maior responsabilidade esse site adorooo,5
entregue no prazo,3
a voltagem aqui e v e veio v mas ja contactei e o fabricante fui prontamente atendido,4
entregue dentro do prazo e com bom período de validade,5
aparelho está com defeito vou precisar trocar,3
o site do stark consta meu pedido como totalmente entregue mas recebi apenas de itens já comprei antes com a targaryen e gostei a entrega foi super rápida mas não concordo com constar meu pedi,2
foi entregue super rápido e não tive nenhum problema com o produto,5
tem quase dias e não recebi a entrega estou precisando do produto,3
teclado chegou e funciona em todos os aparelho menos no macbook pro que era pra o que eu queria mas ok era um risco que eu corria mas o atendimento foi excelente e tudo veio como esperado,5
o pendente é lindo vermelho super brilhante igual na foto mesmo porém o alumínio é muito fino e frágil se tivesse visto o material antes provavelmente não teria optado por ele,3
chegou logo,5
produto corretoporém com avarias na parte interna e nos pés,1
pedido veio incompleto e não me atenderam nem por telefone e nem por email,1
a bolsa que o site descreve não bate com a que recebi a qualidade do produto é péssima é uma bolsa maternidade bem frágil chegou antes do prazo porém não recomendo comprar,1
tenho comprado com você e tem sido bom espero que novas compras possam ser feitas e os resultados sejam os mesmo,4
nao entrega o pedido no prazo certo,3
custo x benefício vale a pena,3
nota para lannister e targaryen,5
melhorar a precisão da data de recebimento a data prevista era bem mais tarde,3
linda almofada,5
entrega dentro do prazo e o produto maravilhoso tudo ok,5
com certeza comprarei outros produtos,4
comprei um modelo e enviaram outra,1
entregaram a nf com as unidades compradasmas entregaram apenas aguardando resposta da empresa a respeito do ocorrido,2
nao recomendaria a compra nessa loja desse produto porque comprei para dar de presente pra minha maede aniversario mais chegou um mes depois,2
produto de ótima qualidade e entrega super rápido,5
boa noite gostaria de saber si este aparelho pega whatsapp pois noa consegue baixa,2
produto entregue faltando peça já entrei em contato foram dois emails através dos emails as lannister estou aguardando uma solução até agora nada,1
entregue antes do previsro,5
fiz dois pedidos uma mangueira pra entrada de água e outra de saída porém vieram as duas de saida preciso resolver,1
embalagem e caixa do produto toda detereriorada,3
meu pedido veio errado ao invés da capa mais película para o modelo xiaomi redmi x vieram esses itens para o modelo note,2
assento plástico veio fora de geometria e furos de alojamento dos parafusos fixação não coincidem com furos da estrutura metálica,3
a loja cumpriu com o prazo bem antes da data estipulada o único problema como sempre é o correios do rj que vacila nas entregas pura preguiça de trabalhar indico a loja sim,5
produto não foi entregue,1
produto de qualidade,4
o produto não está funcionando coloquei a pilha e não ligou como proceder nesse caso,3
o produto que recebi não é o que mostra na imagem recebi um totalmente diferente,3
recebi notificação dos correios que o objeto foi roubado na tentativa de entrega solicitei o cancelamento,1
comprei um produto e me entregaram outro e ainda escreveram na nota que a embalagem era nova,2
fiz a compra de pendentes e recebi somente um fui retirar no correio da minha cidade e lá fui informada que havia somente uma ordem no pedido para ser retiradoestou tentando ligaar e não consigo,1
o produto chegou antes do dia marcado adorei recomendo,4
capa e película atenderam expectativa gostaria que todos os parceiros fossem assim,5
recebi email informando imprevisto durante a entrega do pedido sendo que não tive nenhum contato apenas email automáticos quero saber o que aconteceu com a entrega e quero meu dinheiro de volta,2
grato por comprar nas lojas lannister,5
a descrição do produto referese a um material e acabamento que parece ser muito bom porém recebi o produto em mdf que nada mais é que um adesivo mal colado com discretas bolhas,2
foi conforme o combinado,4
cortina bem simples,4
ao fazer a compra do kit entendi que receberia frascos de cápsulas cada e não frascos com cápsulas no total só não vou devolver porque estou precisando do produto,3
produto entregue conforme o combinado,4
otimochegou antes do prazo de entregaproduto em otimo estado muito bom recomento,4
super recomendo a compra e entrega direto pelo lojas lannister mais pela loja parceira targaryen não entrega super atrasada avaliando o produto não recomendo baixa qualidade triste com a compra,1
oi boa noite eu quero cancelar minha compra devolver o produto e ter meu dinheiro reembolsado você pode me ajudar muito obrigado,1
ainda não recebi a encomenda até agora,1
gostei do produto mas na entrega deixou a desejar e não dão informações ao cliente sobre a entrega mas o produto é ótimo e lindo,4
produto veio sem peça importante para prender o pendente no teto tive que me virar pra conseguir uma peça similar que não é a mesma apresentada na foto do anúncio considero propaganda enganosa,2
recebido conforme esperava,1
essa folha simplesmente e maravilhosa além de linda enchuga super bemrecomendo sim comprem por que compensa e muito,5
recebi produto porém vou devolver por motivo de voltagem na minha região é v,3
bom comprei de presente para meu pai que está acostumado a usar relógio orient automático não gostou pedi a devolução do produto,3
o produto veio embalado apenas por um frágil envelope o que ocasionou o fato da caixa do cartucho ficar totalmente destruída,1
comprei uma cortina de presente para minha mãe mas veio outro tipo de cortina inclusive bem inferior e alguns produtos que eu não precisava só não devolvi pq minha mãe gostou da que veio,1
produto bom,3
eu cancelei a compra e quero meu estorno,3
produto veio antes do prazo estabelecido e ainda é mais bonito do que nas fotos muito satisfeita,5
produto veio com uma peça com defeito e tive que solicitar a peça demorando mais alguns dias para chegar outro problema do produto ele é meio solto tive que eu mesmo apertar os parafusos dele,2
o que achei péssimo foi cobrar dois frete para duas unidades do mesmo produto vierem em caixas separadas o valor do frete foi um pouco a menos que o valor de uma unidade do produto absurdo,3
eu compro sempre nesta loja e gosto,2
não gostei,1
cumpriu o prometido na compra e com o uma entrega em tempo satisfatório,5
otimo produto,5
a mala é de bom tamanho bonita mas o material é razoável,4
ótimo produto e prazo de entrega,4
antes da data,5
não chegou,1
extremamente insatisfeito com a compra caixa chegou violada com uma fita adesiva produto faltando pecas e com marcas de usao experiência desagradavel infelizmente não compro mais nada com vocês,1
recebi antes do prazo material excelente recomendo,5
boa noite ja conhecia o produtoporem menos resistente ao anterior que ja tivemas estou sastifeitaobrigada,3
produto recebido é o correto mas teve significativo atraso na entrega,3
fiz a compra de duas araras de roupas e recebi apenas uma sendo que efetuei o pagamento de duas no recebimento veio a nf com o valor de e apenas mercadoria espero receber em breve a outra,2
bom produto recomendo,4
o produto esta estranho já enviei uma reclamação para loja parceira informando sobre o estado do produto e que na embalagem não consta data de fabricação nem data de validade gr não é k,2
ainda faltam me entrega um produto quando chega eu avilo melhor,3
a cor e compatível com a da foto mas o material e bem diferente bem inferior a da foto não gostei muito mas a entrega foi muito rápida,2
não recebi o produto,1
o produto foi o que pedi e entregue no prazo porém veio com avarias na tampa traseira mas a embalagem estava em perfeito estado,2
confiei no site pra nadapois era presente de uma criança e agorapor enquanto não recomendo devido a falta de compromisso,1
comprei um produto e recebi outro,2
a entrega estava prevista para o dia depois postergada para o dia e até hoje o produto não foi entregue quero uma posição por parte da empresa em relação a entrega ou o estorno da compra,2
otimo produto,5
otimo,5
bom dia gostaria que a entrega fosse mais ágil,3
foi muito rápido a entrega do produto chegou antes do prometido,5
o celular ótimo recomendo para todos adorei,5
eu gostaria de saber quando irei receber o produto a informação que tenho através do site dos correios pelo rastreio é que o produto foi atingido por um incêndio no posto em fortalezace,2
aparentemente o produto são muito bons ainda vou instalar e comprovar se realmente é de boa qualidade,3
muito pratico,4
só foi entregue apenas um produto a nota fiscal veio constando apenas um produto mas a compra foi de dois produtos,3
é uma loja muito boa mais infelizmente demora pra entregar,3
o produto é um plástico duro vamos ver se suporta o aquecimento da lâmpada,3
chegou rápido mas ainda falta um produto que comprei juntohenna de outras loja achei o frete caro,4
a minha encomenda estava prevista para chegar dia e não chegou nada em minhas mãos eu já mandei ate mensagem no messenger para a loja lannister mais ninguém da um retorno eu quero o produto,2
ja respondi esse questionario,2
adorei,5
produto de má qualidade,2
solicito informações sobre a compra e o estorno da compra se o valor for devolvido recomendaria a loja sim,2
eu precisando muito da prancha isso nunca aconteceu comigo sempre comprei em site e sempre chegou antes do vencimento desta vez venceu e chegou ainda veja os vcs podem fazerprecido do vale,2
boa tarde quero a troca do meu produto imediatamente,1
muito bom,5
produto devolvido devido cancelamento compra,2
o tipo de envio pac dos correios demora muito como geralmente a peça de carro e necessária com uma certa urgência deveria ter a opção de sedex prefiro pagar r a mais no frete e receber logo,1
produto bom,2
o produto que veio nao foi o q comprei,2
sem comentários,4
muito boas obrigado,5
produto de qualidade mais teve atraso na entrega,4
o produto não está nas medidas corretas indicadas na oferta terei q ligar para vcs para troca,2
se eu soubesse que iria demorar tanto para chegar o produto chmais tinha comprado nesta loja o produto chegou hoje e veio quebrado é lamentável,1
fiquei muito satisfeita com o produto apesar do frete ser um valor muito caro foi entregue muito antes do prazo,4
parabéns lojas lannister adorei comprar pela internet seguro e prático parabéns a todos feliz páscoa,5
entregaram bem antes do previsto o produto aparenta ser resistente mas so alguns dias de uso para confirmar mas fiquei muito satisfeita,4
entrega super rapida,3
a torneira com filtro é linda e super modernaso deixa desejar por algumas partes nao ser de metal a função chuveiro é maravilhoso,4
tudo ok,5
entrega antes do prazo tudo em perfeito estadoamei,5
fiz a compra e meu pedido não chegou e dar como entregue,2
sem reclamações,4
comprei dois produtos há mais de um mês e não recebi nenhum,1
nesta compra aconteceu que o produto veio errado mas o problema já foi solucionado,3
não gostei porque não tem um folheto explicando a maneira correta de usalo apenas um papel mal traduzido que me deixou confusa e aborrecida,3
produto entregue parcialmente só chegou uma luminária a de cor preta a outra luminária não foi enviada até o presente momento,2
o produto chegou antes de prazoparabens pela pontualidade,5
bom produto,4
na foto mostra o kit com canetas e na descrição o com engana o comprador,2
recebi o produto bem antes da data prevista,5
eu recebi os suportes das lâmpadas faltou o balde,4
o produto chegou estourado vazando creme pelas beiradas,2
ótima loja produto bom entrega correta,5
boa qualidade e confortável,3
todo correto exceto o produto que é de péssima qualidade,1
não recebi a minha entrega até hoje gostaria de saber e se o meu dinheiro vai ser devolvido problemas com o correio aguardo resposta por gentileza,2
satisfito,4
um bom produto,5
não posso afirmar nada do produto pois os correios já atrazaram muito,2
pela demora não recomendo a lojapois já faz um que comprei e não me enviaram ainda e nem uma satisfação me deram,2
ainda está no prazo porém não recebi,3
entrega correta,5
produto entregue normalmente,2
produto muito frágil,3
tive um problema com a entrega mas que foi solucionado quanto ao produto eu adorei qualidade boa e muito bonito estou muito satisfeita,4
não recebi o produto ainda muito atraso nunca passei por isto em nenhuma loja muito insatisfeito com o serviço,1
embora o produto tenha sido entregue no prazo mais demorou quase mês para chegar o prazo foi muito alto,3
gostei mas veio com a mola de apoio das folhas quebrada de resto está perfeita,2
nao consigo dizer precisamente porque o fogao chegou para meu inquilino e nao tenho contaot com ele so atraves do corretor aparentemente ocorreu tudo ok,4
demorou pra vim e ainda veio errado o pedido nice,1
bom dia não veio a nota fiscal com produto quero o porque,2
,5
adorei a qualidade e o acabamento,5
produto da foto não era igual ao que recebi veio com defeito perdi dados ao transferir não consigo acessar micros solicito informações para devolução e crédito em valecompra,1
no site a foto está uma coisa e foi recebido outra coisa,2
ainda não recebi,3
foi muito bom fiquei feliz com o produto valeu,5
produto chegou dentro do prazo e o produto foi fiel a propaganda e expectativa,5
escolhi as taças com caveira mexicana foram entregues as de pôquer,1
bom produto e chegou rapido,4
ótimo,5
relógio com defeito,2
a loja lannister e a entrega foi ótimo já o produto não é tão bom quanto aparenta mas da pra uso,3
a colcha é muito bonita e destaca bem na cama,4
por ser umproduto de uso oral é esperado que seja especificado claramente o material do qual é feito e a firma que se responsabiliza legalmente pela produçao quimico etc produto sem responsavel,3
o produto chegou antes do prazo,5
produto de ótima qualidade conforme o anunciado e entrega dentro do prazo,5
cortinas de boa qualidade e com preço bom gostei,5
compro sempre,3
o lacre interno do pote veio violado,4
depois de dias da compra nenhum sinal da encomenda já reclamei e não obtive resposta,1
nao é do tam do tablet q comprei e quero desistir da compra ja mandei de volta com dias de recebido e conforme a lei posso cancelar ate d mas querem q eu pague o frete nao cumprem a lei,2
produto excelente correspondeu as expectativas,5
comprei duas unidades da cortina e só foi entregue uma unidade em,3
melhorar o atendimento sempre,2
gostei,5
eu rastreei o produto e esta dando que tá com dificuldade na entrega eu queria saber se eu vou ter que buscar o produto em alguma agência de correios ou o produto será entregue na minha residência,2
tapete veio com defeitocom uma mancha branca pois o mesmo é cinza escuro e fica bem visível o defeito realmente fiquei muito triste com produto que tanto sonha em ter em perfeita condições,1
estou satisfeita,5
compramos unidades e foi entregue apenas,2
foram comprados dois produtos e foi entregue um de cada vez,3
o atendimento da loja foi dez somente o produto não foi o que eu esperava,4
não recebi minha encomenda é já mostrou pelo rastreamento q já foi entregue e até hoje nada,1
estou a dias em casa sem sair aguardando o produto e nada da entrega,1
veio um relógio feminino no lugar do relógio masculino que eu pedi fiz o cancelamento e a devolução do que eu recebi e também sobre o estorno e não recebi nenhuma resposta,3
ainda na usei o carregador que é estranhovou ter q procurador adaptador ai voltarei a falar,3
as toalhas são ásperas e fininhas bela propaganda enganosa,1
gistei de comprar nesse site ótimo produto e entregaram antes do prazo,5
o pano é um pouco frágil,3
fora do prazo combinado não compro mais nesta empresa e nem indicarei para terceiros,1
fiz a compra e chegou com a tampa quebrada estou triste até o momento porque mandei um email pra realizar a troca mas até agora não me deram retorno e já faz dias que eu recebi o produto,1
nota,4
muito bom o atendimento chegou muito rápido recomendo,5
muito bom,3
o produto não é tão bom achei meio ralezinho,3
não recomendo essa loja pois me vendeu uma mochila q não tinha no estoque,1
produto bom e entrega rápida preço não agradou comprei por necessidade e falta de tempo para pesquisar outro fornecedor,4
veio placas amassadas,3
a capa não se ajusta ao aparelho,3
produto sem embalagem e etiqueta não entendi a proposta creio que veio de uma tecelagem pois os lençóis vieram sem embalagem do produto e etiqueta,2
atedimento top eu confio já comprei diversas vezes e nunca tive nenhum problema,5
creio que o atraso e dos correios,2
produto bem embalado entrega demorou mais que as concorrentes porém foi dias antes de vencer o prazo,5
demoru um pouco mas chegou,4
atrasou muito,1
amei a loja e recomendo sempre,5
essa máscara simplesmente faz milagres,4
ela é perfeita ficou lindoooooooooo,5
gostei do cheiro não e forte serve para trabalhar o dia todo cheiroso,4
o produto estava com uma má qualidadepensei que viesse melhor,2
exelente produto chegou ate antes do prazo previsto,5
fornecedor correto e produto excelente,3
um demora pra entrega,2
ocorreu tudo certo produto muito bom e entregue no prazo,5
estou super satisfeitasuper recomendo,2
ainda nao usei ativarei o produto somente apos e por essa razão ainda nao posso dar a resposta final,4
produto fora da minha expectativa,2
o produto é ótimo mas infelizmente veio com uma parte do acrílico danificado,3
bom,3
recebi parcial pois veio somente unidade e avariada fui na loja física onde fechei a compra e abri um protocolo para verificar o que ocorreu,2
recebi o produto dentro do prazo porém no anúncio diz que o tapete mede e o meu veio só com,3
recebi o produto correto e no prazo recomendo,4
produto ótimo a entrega deixou a desejar,2
a panela veio com o tamanho maiormas tudo bemfico com elagostaria que arrumassem o meu nome pra envioronaldo é meu cunhado eu sou magda b m santos quero receber mercadorias no meu nomeobrigada,4
tudo certo,4
a pulseira que comprei não eh legal o banho muito fraco teve partes que já veio branca caindo o dourado não gostei,2
não recebi o produto,1
comprei um produto e recebi outro a targaryen não apresenta solução para o problema precisei fazer reclamação no site reclame aqui mas ainda não obtive retorno targaryene sinônimo de aborrecimento,1
como sempre entrega no prazo e mercadoria de ótima qualidade,4
muito bom parabéns,4
sempre comprei com vcs e nunca tinha dado problema na dificuldades da entrega alguns parceiros seus trabalham com transportadoras que nao estão preparadas para entregar e achar enderços para entre,4
nada de mais,3
empresa séria todas as compras feitas até hoje nunca tive problemas,4
muito bom o produto chegou dentro do prazo de entrega bem embalado e com as mesmas características relatadas na descrição na página do produto,5
realizei a compra de relógios só recebi um não me foi informado que seriam entregues separados ao entrar em contato a loja falou que ainda iriam postar o outro preciso do rastreamento c garantia,3
loja com prazo grande para entrega,1
depende para que eu possa avaliar se resolverem meu problema pos a compra era os correios só entregarão um pacote contendo peneus,2
muito bom,4
o produto demorou muito p chegar,2
meu produto não foi entregue ainda espero que seja,1
gostei da entrega chegou bem antes do prazo mas o material do estojo pensei que fosse melhor devido ao preço que saiu com frete por isso dou estrelas,3
tudo nos comformes,5
recebi tudo certinho,4
vocês deveria não cobrar a taxa de entrega pois eu tive que ir retirar o produto no correio no qual eu tive que pagar reais de uber para ir retirar e mais reais para voltar para minha casa,2
nada como o original,3
muito bom,5
creme maravilhoso e entrega super rápida,5
comprei bege e veio preto com desenho diferente,2
eu recebi o produto no prazo porém já veio ligado e sem faltando a chave para desligar o aparelho,2
chegou muito rápidofaltou apenas o certificado de autenticidade que necessário caso precise utilizar a garantia,3
recebi somente um dos produtos falta um poderia mandar o código de rastreamento quando receber o outro produto farei novamente a avaliação,3
valeu a compra,5
unica ressalva é que eu recebi o produto em um envelope dentro do envelope o produto estava dentro de um saco plastico que não estava lacrado ficou difícil de identificar se era novo ou não,2
chegou o produto,2
gostei de ter comprado com vcs,5
estou usando ainda chegou hojeso tem como avaliar a entrega,4
entrega rápida sem complicações,4
como sempre ótimo atendimento,5
comprei dois produtos iguais e tive que pagar dois fretes a empresa poderia ter colocado em uma única embalagem e cobrar apenas um frete produto entregue em perfeitas condições ótimo produto,4
até o presente momento não foi entregue o produto só chegou o livro anatomia do dente agradeço novas providências,1
loja ótima sempre comprei e chegou antes do prazo apenas este produto está atrasado,5
produto de wualidade muito bom,5
,5
comprei um cartucho com especificações originais canon e recebi um cartucho recarregado,1
ao efetuar rastreio consta em trânsito a dias,3
produto maravilhoso é caro porem muito bom di ontem p minha cachorra q estava pura pulga já havia usado de tudo e nada resolvia hj ela sta sem uma pulga no corpo adorei,5
produto bom forte mais tem hora que funciona tem hora que não com poblema na tomada mais fora isso muito boa maquina,3
prazo de entrega muito extenso,3
gostei,4
ótima ferramenta para serviços caseiros,4
até hoje tenho recebido o que a loja prometeu que é importante para continuar no mercado,4
oio produto não veio de acordo com o pedidoveio de outra cor,2
produto incorreto alem de vim trocado veio de valor menor comprei um kit anny casal peças com fronhas em forma de coração na corcáqui e veio uma colcha casal anne peças bordada,2
houve atraso na entrega e o produto veio sem o manual e sem o pino de proteção contra água,2
entregaram dentro do prazo mas meu protetor veio em parte descosturado pena que veio com esse defeito de fabricação,4
até agora tudo que comprei pelo sate da lannister recebi certoestou aguardando a entrega da targaryenque tinha previsão para o dia e até agora não chegou,2
no site a pulseira de cruz estava como cm mas ela mede cm ficou folgada e não tem como ajustar,4
olá boa noite foi entregue apenas travesseiro na minha compra são dois kits no total de quatro travesseiros peço que verifique o erro e possa me dá uma resposta em breve,2
muito bom o produto e chegou antes da data prevista muito bom,3
comprei faz meses esse relógio e até a presente data não recebi e me sinto lesado e prejudicado pois comprei com antecedência para dar de presente e não chegou até agora,1
o tapete não é tao peludo quanto a foto ele é bem fino e os pelos bem baixos,3
produto de boa qualidade,3
bom dia recebi o produto porém ele veio com apoio de braço o que eu não havia pedido mas resolvi nao entrar nessa questão tenham cuidado na próxima vez,3
chegou tudo certinho recomendo,4
fiz um pedido de três relógios e só chegaram dois estou aguardando chegar o outro e até agora nada já faz três dias que recebi os dois relógios,2
luminárias de excelente qualidade e entrega super rápida,4
houve atraso e tive que ir três vezes no correio para poder retirar o produto que comprei não comprei mais quando a entrega for feita pela targaryen,3
veio produto diferente da foto modelo diferente,2
chegou do grito que eu pedi até antes do prazo obrigado,5
a qualidade do produto não foi a esperada,2
gostei do serviço,4
éu achei hotimo,3
eu não compro mais,1
minha opinião tive que perder um dia de trabalho pra ir no correio buscar sendo que paguei o frete pra receber em casa mas tudo bem fui la peguei a encomenda a encomenda chegou antes do praso,3
entrega super rápida,5
recomendo,3
a,1
produto cumpre o prometido,3
recomendo,5
adorei o produto otima qualidade,4
tive um pouco de dificuldade pelo fato do número da residência está incorreto nos deu tudo certo,4
o produto é excelente cumpriu minhas expectativas porém a entrega paguei caro no frete e tive que buscar nos correios uma falta de respeito quero meu valor do frete de volta estou aguardando,3
não fiz uso do produto ainda,5
apesar de dwntro do prazo achei muito demorado os correios estao cada vez pior,2
pedido atendido parcialmente comprei três produtos mas somente um dos itens foi entregue,2
o carteiro nao entregou o produto informando que não havia ninguém na residência para recebê lo o que não é verdade tive que ir retirar o produto pessoalmente e ainda fui mal atendido no correio,2
muito bonita veio igual e chegou muito antes do prazo amei,4
o produto chegou antes da data prevista estou feliz com minha compra é lindo,4
o pedido foi cancelado e não consegui utilizar o crédito preciso de um novo voucher do meu credito referente essa compra,1
bonito e eficiente,5
recebi a película e ela veio toda lacrada porém no momento de colocála estava com problemas riscos na tela e falta de cola em torno ou seja produto de má qualidade,2
chegou no prazo mercadoria muito boa,4
eles até fizeram contato comigo durante a compra pois eu já tinha efetivado o pagamento quando perceberam que não tinha o produto no estoque daí me consultaram e perguntaram se eu t como trocar,2
muita demora na entrega pelos correios,4
meu produto não foi entregue,1
ótimo produto chegou muito antes da data prevista,5
produto chegou super rápido,5
tenho uma sugestão o prato de microondas que comprei não serve exatamente no meu aparelho gostaria que o site nos desse uma lista de aparelhos que fossem compatíveis com o produto vitando surpresa,3
veio com um amassado pequeno na tampa da bateria nao reclamei pois iriam alegar que foi mal manuseado dificilmente iriam me repor nao quis comprar a briga,2
o produto a inda não chegou e não dá satisfação nenhuma,1
um produto veio mas o segundo não veio não estava na caixa,1
eu pedi outro produto junto com este e não foi aprovado acho que quando um produto não é aprovado ou não tem no estoque deveria ser avidado não deveria ser mandado este se o outro não veio,2
já passou do prazo de entrega,3
o produto chegou antes do prazo e vem embalado recomendo,5
chegou mas somente a caminha estou no aguardo da coleira e do bebedor por enquanto nem me avisaram que seria enviado depois nem um contato da parte dos vendedores,2
não recebi meus produtos,1
falta de respeito com o cliente já que o prazo é longo para entrega e mesmo assim não cumprem com o prometido,2
e melhor uma colcha do que esse cobre leito,3
recomendo a loa pois cumpriu o prazo certinho mas o produto é muito ruimpessima qualidade,2
entãomesmo o produto sendo entregue no prazoele ainda teve uma demora de quase dias,3
produto entregue fora do praso devido a falhas do correio entregue em obrigado,2
a película do pacote não é adequada para o aparelho indicado é menor que a tela e não acompanha a curvatura da mesma podendo acumular particulados nas bordas a capa serviu normalmente,2
é uma tranquilidade comprar na lojas lannister pontualidade na entrega produto conforme pedido,5
recebi o produto numa embalagem de papel geralmente esses relógios vem numa embalagem de materiais duro etc fiquei com medo de ser falsificado,2
desta vez meu produto não foi entregue corretamente pedi e paguei por unidades mas na verdade recebi apenas estou no aguardo de um retorno da loja,2
ainda não usei,1
até no momento ninguém entrou em contato sobre o produto não consigo rastrear o mesmo,1
ótimo,5
deve ser mas eu nao abri o pacote porque quero cancelar o produro desde o mês passado mas tá difícil,1
bom,4
o produto entregue não é igual ao exibido na fotografia quando abri para montar achei as prateleiras um pouco estreitas depois resolvi comparar c a foto online e constatei que é outro produto,3
atendeu minhas expectativas,5
tô muito chateada por conta da demora,1
comprei dois produtos distintos da targaryen pelo stark em ambos houve dificuldade na entrega e rastreamento não atualiza há semanas,1
demora muito,2
comprei dois produtos e só recebi um sem nota fiscal,2
excelente perfume recomendo a todos,5
o produto chegou no prazo porém muito demorado para chegar,3
quero o cancelamento,1
goste e recomendo,3
muito eficiente a entrega,5
a loja recomendo mas não o produto que escolhi desejo ser ressarcido lençol de sétimo áspero só de por aí mão nem tirei da embalagem,2
o filtro esta rachado na parte inferior,1
prazo de entrga muito longo e quando chega a data prevista não entrega pessimoparceiro,1
bom,4
infelizmente o relógio não é original achei uma propaganda enganosa,1
excelente produto,5
extrema demora na entrega aliás nunca tive uma compra que houvesse tanta demora peço ajuda do baratheon para resolver esta entrega grato,2
o produto veio com uns pequenos defeitos nada demais porém me incomodou um pouco,3
muito bom o atendimento e o produto é ótimo muito bomamei,5
produto bom e entrega no prazo,4
a entrega surpreende pela rapidez,5
pedido não entregue prazo de entrega não obedecido,1
tô contente gostei do produto,4
a carteira é de ótima qualidade bom acabamento se você só precisa carregar cnh e cartões ela serve cnh sem a capinha porém se precisa carregar identidade identidade funcional não cabe kkkkkkkkk,3
achei tudo péssimo não tem identificação na embalagem do produto não tem validade já que é um produto de aplicar no rosto veio em um deposito que se compra em lojinhas preso com durex detestei,1
pois o material parece não ter muita durabilidade e cor é mais escura do que a imagem de ilustração,1
otima maneira de comprar com preços e condiçoes exelentes,5
eu cancelei o pedido faz uma semana e ainda não fui reembolsado,1
adorei o produto chegou no prazo e super otimo o produto,5
me cobraram taxa de entrega e tive que retirar a mercadoria no correio,2
faltou o item ou seja não recebi as saias quero a outra,1
poderia ter chegado mais rápido,4
comprei dois itens e só foi entregue um nota fiscal consta dois produtos entregue apenas,1
o material do organizador de sapatos muito ruim,3
ainda não recebo e não sei o motivo,2
veio antes do esperado em perfeito estado,5
produto maravilhoso embalagem perfeita prazo entrega perfeita,4
por ser um jogo bordado esperava um material melhor mas no geral gostei,4
recebi bem antes do prazo produto lindo,5
excelente,5
veio tudo ok e dentro de minha espectativa,4
não entrega no prazo,3
minha compra foi de dois produtos tinha apenas um código de rastreio chegou apenas um,1
chegou antes do prazo,4
linda mas achei que fosse maior achei o preço elevado pelo tamanho da maleta,3
comprei duas memoria iguais kvrls porem foram entregues memorias diferentes uma delas foi entregue errado kvrs,2
meu pedido veio no prazo correto mais veio faltando e com defeito tanto que tenho ate fotos comprovando isso contei as peças e veio faltando mais de pçs ja reclamei e nao compro nunca mais,1
não recebi o produto alegaram problemas fiquei sem entender,1
não recebi os produtos corretamente faltou uma boneca pois comprei duas,1
comprei uma garrafa térmica e uma capa de colchão e não recebi a capa já tentei entrar em contato mas não tive retorno,3
recebi um produto velho,1
recomendo e produto muito bom,5
fiz devolução porque tinha dois pedidos iguais,3
não recebi o produto que comprei chegou outro modelo menor e diferente e não consigo entrar em contato com o atendimento das lojas lannistercom para fazer a troca aguardo retorno,1
satisfeita,5
muito bom correu tudo conforme combinado,3
o produto não foi entregue,1
ainda não recebi o produto mas por causa do atraso dos correios ainda aguardando,3
faltou um produto a compra foi dois e entregaram somente um,3
ótimo produto,5
produto não acompanha quaisquer desenho de montagem eou orientações acompanha apenas ganchos e buchascreio que falta peças demora no embarque do produto pessimo,1
travesseiro ok,4
preciso do vale para adquirir outro,2
muito bom,3
preço justo qualidade ótima recomendo,5
o produto chegou antes do prazo processo ok,5
e a primeira vez que compro nas lojas lannister pela internet fiquei satisfeito pois o produto chegou em perfeitas condições e no prazo mais rápido do que o prometido parabéns a todos os colab,4
o produto chegou dias depois do pagamento e voltarei fazer outras compras desta empresa vcs estão de parabéns,5
muito bomrecomendo,5
adorei minha frigideira grande e resistente do jeito que eu queriarecomendo a data prevista era p e chegou muito bom,3
fiz a compra de cortinas e só foi feita a entrega de já fiz a reclamação e estou no aguardo de um retorno da loja a respeito das cortinas que ainda não recebi,1
entrega bem rápida confiael excelente,5
péssima embalagem tive que colar ele todo fique com preguiça pelo preço de mandar de volta mas não indico pra ninguém a loja,1
ótimo custo benefício muito satisfeita,5
apesar de entregar no prazo este prazo é muito longo não recomendo além do mais o frete é um absurdo,1
a cor e diferente de como está na foto,2
entregue antes do prazo amei o produto,5
entrega rápida antes do prazo previsto e produto correto e parece de boa qualidade é o que procuramos hoje com essa falta de tempo para cuidar das coisas da casa e pretendo comprar mais uma colchas,4
produto e prazo de entrega dentro do combinado,4
muito satisfeito com a compra e o atendimento,4
comprei um cartucho hp xl original conforme informado no site e me enviaram um paralelo a imagem inclusive é do cartucho original recomendo olhar a avaliação da loja parceira,2
prezados compramos duas placas de sinalização e apenas uma foi entregue e ainda no site está informando que as duas foram entregues por favor verificar o que ocorreu,2
foi solucionado o cancelamento do produto e o mesmo me foi entregue já tentei entrar em contato para recebimento do código de envio mais não obtive resposta,1
comprei balanças recebi somente unidades,1
achei que o assento seria um pouco menor ma já me acostumei produto em ótimo estado e funcionando perfeitamente,5
a película ficou bem menor que a tela do celular,3
empresa embalagem muito boa,5
prazo de entrega muito longo um produto q poderia ter vindo em uma semana demorou um mês,2
preciso de um posicionamento se a mercadoria será entregue ou se a compra será estornada do cartão aguardo urgente retorno,1
chegou antes do prazo de entrega perfeito ótima qualidade excelente produto recomendo a todos eu amei,4
,4
sempre compro no site da lannister mas essa vez não sei por que tive que retirar a encomenda nos correios isso gerou um certo transtorno fora isso tudo certo,5
xxxc,2
não gostei do tecido do produto mais foi erro meu deveria ter visto isso antes da compra,3
comprei luminarias recebi apenas uma,1
demorou muito,4
n foi entregue o produto que comprei e inclusive ja estou pagando pelo mesmo que n foi entregue,1
fiquei muito satisfeita com minha compra a entrega foi muito rápida,4
o produto é bom mas veio com os parafusos das dobradiças soltando tivemos que mudar as dobradiças de lugar,3
muito ruim não veio um produto e o outro veio errado,1
muito demorado,3
comprei kit de berco a mais de um mes e ainda nao foi entregue,3
bom,3
otimo,4
aproveitei somente a capa a película não é a melhor,3
recebi o produto porém não é originale como é um produto pra ingerir não quero colocar a minha saúde em risco,1
ainda nao recebi o produto,1
recebi o produto com defeito nunca ligou o aparelho e olhe que a nossa voltagem é de v,2
produto chegou em perfeito estado e com antecedencia,3
o problema foram os correios q devolveram a encomenda p salvador levou o dobro do tempo,3
não chega no prazo e ainda não dão informações,1
o produto chegou antes da data prevista,5
recebi tudo normal só que o produto não esta funcionando,3
o produto não tem boa qualidade,2
otimo,4
produto entregue no prazo,3
demorou um pouco mas chegou,3
esse produto nao veio o que cliqueiera para vir um de cortar marmore ml e que calce na furadeira mas alguma coisa na descricao saiu errado e veio a serra copo de cortar madeira,2
houve um pouco de demora mas deu tudo certo obrigado,4
xx,5
prazo excelente,3
o produto veio faltandoestou aguardando resolver isso ainda,1
empresa confiável agilidade na entrega e produto de alta qualidade minha esposa amou conjap de jantar porcelanato pcs casambient parabéns targaryen,5
apenas acho que poderia vir melhor embalado ainda bem que não era nada que quebrava mas o produto é ótimo,4
boa tarde eu recebi no dia apenas o móbile a saia não veio na entrega como podemos resolver isso o que aconteceu,2
veio tudo certinho e a entrega foi bem antes do prazo,5
comprei uma pelícola do moto z play e veio do asus zenfone selfie os tamanhos de tela são diferentes sacanagem,2
entregador dos correios foi grosseiro ficou berrando na porta de casa me disse pessoalmente q não estava nem aí pq ele era concursado e por fim o produto chegou detonado nunca mais compro targaryen,1
gostei muito da máquina de algodão doce da inovamaq realmente produz o anunciado e quanto a baratheon gosto muito da segurança e confiança de receber no prazo,5
produto entregue em poucos dias,5
o único problema é que os parafusos são pequenos para montar a cadeira,4
atendimento ótimo produto entregue conforme especificações,5
não recebi passou do prazo tentei localizar e disse queo produto tinha saído dos correios de spencaminhado a outra agênciaena outra agênciafui informando que o produto não tinha chagado lá,1
acho que a entrega poderia ser mais rapida,3
paguei dois produtos com e só veio um na nota fiscal consta duas unidades porém quando eu abri a caixa só tinha uma unidade desde já peço vênia,1
a loja entregou o produto correto mas demorou quase mês para emitir uma nota fiscal sendo que desde a postagem e a entrega demorou somente dias,4
má qualidade do produto,3
produto veio oqueveubrealmente esperava,4
muito bom e rapida entrega,5
produto em perfeito estado conforme o anuncio,5
o produto entregue não foi o produto anunciado estou em processo de devolução,2
ao comprar a panela elétric grill as fotos nos levam a crer que a profundidade dela é a mesma que a parte externa da panela não é é muito rasa me levou a acreditar que era funda como outras que vi,4
é de confiança pode comprar que os vendedores são top,4
gostei bastante,4
o pedido veio somente um produto e faltando outro,1
produto chegou corretamente antes do prazo,4
muito bom entrega rápida,4
entrega no prazo tudo ok meu filho amou o único problema foi que paguei frete e tive que buscar na agência do correio uma dica contratem outra transportadora pq o correio só quer ficar com ofrete,4
meu pedido chegou faltando um item,2
entrega no dia seguinte do pagamento parabéns,5
não tenho como opinar ainda não recebi o produto,3
cancelei a compra por não ter recebido o produto,3
só o tecido é muito fino mais muito linda minhas meninas amaramentrega antes do prazo muito bom,2
ok recebido conforme informado,4
é muito transparente costura soltando e não veste como na foto tenho outra capa e essa sim é perfeita sendo assim não recomendo ninguém a comprar,2
ainda não recebi o produto adquirido e não houve nenhuma comunicação sobre o atraso,1
na nota fiscal vieram como se fossem três kits de jogos de cama mas na verdade vieram apenas dois o dourado e o palha ainda falta um como proceder,3
quando eu fui comprar o produtome falaram q viria em uma dataapós a compra apareceu outra dataele demorou muito pra sair do pagamento autorizadoa loja lannister de jatai está suja e mal cuidada,2
entrega dentro do prazo produto bem embalado e tudo conforme o anúncio,5
comprei um controle remoto samsung e assim veio na nota e recebi um da marca mxt como está funcionando vou ficar com ele espero que eu não tenha problemas,3
entrega rapida,3
só demorou um pouco,4
mercadoria nao veio conforme pedido com certeza erro na hora da conferencia e agora q transtorno,2
recebi o produto quebrado e até o momento não recebi nenhuma posição dos fornecedores uma semana sem nenhum atendimento de qualidade,1
qualidade ótima,4
não recebi o produto e estou aguardando o estorno do valor do meu cartão de credito ou um vale compras aguardo retorno,3
cabo de conexão é curtosó com extensão para usar e a tomada vermelha w está invertida para ligar a lavadora o fio dela encosta na parte superior do transformador e aqueceperigoso,3
comprei staik gel e uma sopeira só recebi um staik gel por enquanto,3
estou aguardando a entrega em minha casa em paraibuna,3
nada a acrescentar,4
tudo ok,4
ok,2
a extensão enviada não é a mesma da imagem,2
ótimo produto,4
só a entrega as vezes e demorada guando esperamos o produto em nossa residência como e confirmado no ato da compra e depois aparece que tem que buscar nos correios mais próximo se pagamos frete né,4
o produto não aparece o mesmo da foto veio molhado e com o cheiro muito forte não compraria novamente e muito menos indicaria,1
meu produto veio com a lampada quebrada estou esperando o retorno do baratheon,3
fiz o pedido de duas unidades mas recebi somente uma unidade não sei se os produtos foram enviados separadamente mas até o momento não recebi uma das unidades,3
chegou no prazo bem embalado e do jeito que eu esperava recomendo,5
estou muito contente com o produto e rapido na entrega,5
boa tarde motivo é o seguinte o meu pedido era uma máquina de costura galoneira agulhas foi entregue uma máquina de costura galoneira agulhas e não consegui falar com o fornecedor,3
gostaria de fazer a troca do produto,2
estou avaliando com estrelas pois o produto veio com problema na palmilha estou aguardando contato do fornecedor para efetuar a troca,2
ótimo serviço,5
recebi duas cortinas esta faltando uma,1
gostei do produto e a entrega foi super rápida,4
o produto atende função porém o cabo é rígido demais difícil de enrolar e desenrolar para guardar preferiria que fosse mais maleável,3
ainda não recebi o produto,1
obrigada,4
produto excelente pontualidade na entrega e bom preço,4
comprei dois produtos e já estão com atraso,1
apenas chegou um pendente enviei email descrevendo o ocorrido e ainda não recebi nenhuma satisfação aguardando,2
chegou antes do dia esperado muito bom,5
no site consta de xl de ml e recebí xl de ml,2
ainda estou aguardando,3
ok,5
amoo comprar pela lannister até hoje já realizei muitas comprar e sempre tive sucesso recomendo sem dúvida esse produto chegou em perfeita condição dentro do prazo e de ótima qualidade,5
o produto chegou com dias adorei são de um material bom e um tamanho bom achei que seriam menores muito bom obrigada,5
eles demoraram muito para entregar meu produto o prazo era até dia mas até hoje nunca recebi creio que essa loja deve melhorar sua pontualidade porque estava precisando muito do produto,3
produto com acabamento ruim case do equipamento desalinhado e com brechas nas laterais,3
precisod o meu produto pois efetuei o pagamento,4
bom,4
o pedido realizado foi de kits de pinceis e o que foi entregue foi kit de pincel e kit de tesoura,1
regular,2
precisa melhorar no prazo de entrega deveriam deixar de trabalhar com os correios o mesmo esta deixando muito a deseja,3
nao posso avaliar o produto nao foi entregue preciso de uma posiçao,1
meu pedido veio errado veio outro produto,1
produto na propaganda e um do que chegou e outro,1
não prestei atenção no anuncio não gostei do material sinceramente não compraria novamente,2
comprei um conjunto de skate infantil masculino como na descrição o skate veio de uma cor o capacete totalmente diferente sem contar que é de isopor e o kit de proteção veio rosa,1
estou aguardando a troca do capacete,2
produto não condiz com o especificado no anuncio produto não original sendo que promete ser da matelhasbro,1
comprei três produtos e recebi apenas um,2
foi pedido um ptoduto veio outro,2
entrega rápida ótimo produto,5
produto chegou com defeito na pulseira entrei em contato pra fazer a troca e até agora não me responderam demorou pra chegar e eu tive que fazer retirada nos correios não entregaram em minha casa,3
bem embalado,5
a capa escorrega do sofá,5
a entrega foi antes do prazo previsto observação comprei foram entregue dois os outros dois estão a caminho,4
não gostei por ter entregado no dia marcado e naõ deram nem uma satisfação pela entrega,2
produto de baixa qualidade,1
ok,3
muito bom,4
muito bom produto mas tecido inferior ao que eu imaginava ótimo tamanho e chegou muito antes do prazo estipulado só ficou um pouco abaixo na qualidade do tecido recomendo e farei novas compras,4
ainda não recebi o produto,3
ainda não utilizei o produto mas veio correto e no prazo de entrega devido,3
recebi o produto dentro do prazo porém não entregaram em minha residência tive que retirar no correios,4
pelo valor dele eu esperava um produto melhor,2
fiz a compra o pagamento foi confirmado e após uma semana recebi um aviso que a compra havia sido cancelada motivo falta de estoque agora para comprar o mesmo produto está reais mais caro,1
otimo,3
tudo correu bem com a loja e com a entrega mas o produto não funcionou vou devolver,2
mercadoria demorou muito para chegar e recebi com avarias,2
indicava capa para lg k mas o meu ficou pequeno demais para capa,1
pedi para cancelar o envio anted de ser enviado porém a nota ja tinha sido emitida estou aguardando a entrega parada a quase mes no correio para poder retornar o pedido,2
a entrega foi antes do prazo e o produto de boa qualidade,4
o produto chegou rápido e da forma solicitada,4
comprei capas para ps é outra para xone tudo no mesmo pedido porém só a capa do ps foi entregue,2
muito bom recebi antes do prazo previsto,5
muito bom produto pra ser melhor deveria ter manual do produto pelo o básico de informações,4
sobre o produto tem dúvidas se e original,4
o produto é um lixo já chegou descascando além de ser falsificado,1
kd o rôdo,2
infelizmente o relógio é muita clarinho de configurar e o app é péssimo,3
foi entregue no prazo e consegui montar porém um dos parafusos vieram menor mas a principio acredito que não interferiu na montagem e na estabilidade como sugestão o manual poderia ter mais detalhe,3
o produto cumpre o que promete mas achei a qualidade inferior a outra capa que comprei em outra loja as alças para prender no encosto do banco poderiam ser mais resistentes,4
chegou mais cedo do que imaginei e de acordo com o escolhido mas poderia ser maior pena que eu escolhi errado mas isso não me impediu de ajustálo para que pudesse utilizar e está sensacional,4
tudo ótimo produto certo e prazo de entrega até antecipado,5
não usei ainda,4
comprei a cadeira com a previsão de entrega de semanas já fazem mas de dias e nada da cadeira comprei a mesma cadeira em outro site para uma amiga ela recebeu com dias e eu a minha nada,1
bom vendedor,3
o cesto que comprei é assim como na foto gostei e veio bem embalado demorou pra chegar mas por conta da greve acredito eu,5
comprei um cartão micro sd que não veio igual o da descrição nem da imagem e o pior é que mesmo assim não funcionou e veio corrompido estou no aguardo de uma resposta para troca,1
otimo chega antes do prazo,4
entregue bem antes da previsão chegou tudo certinho,5
os produtos perdidos apenas o jogo de lençol vermelho chegou e na nora fiscal veio a descrição de dois jogos de cama e só veio um e falta o preto e és toalhas,2
bom preço entrega dentro do prazo enfim tudo de bom,5
essa foi a primeira vez que comprei no site estou muito satisfeito,5
só recebi abolça o kit berco não,2
a caixa do jogo veio com um pequeno rasgado mas eu não quis trocar no mais tudo ocorreu muito bem,4
ela é bem feita toda elamais e muito pequena parece ate de enfeita,3
provável motivo paralisação dos transportes,3
tudo certo,4
ótima loja entregaram antes do prazo produto veio conforme o pedido já instalado e funcionando perfeitamente,5
recebi o produto errado,1
ótimo produto,5
a estrega estava prevista para o dia e chegou em super recomendo produto como descrito não muito resistente mais atendes as expectativas,5
quando fiz o pedido dizia que o jogo tinha cm de comprimento por isso comprei quando chegou me surpreendeu pois tem apenas cm se soubesse que o produto anunciado nao seria o mesmo tinha compr,2
recebi o produtos na data porem vieram um pouco sujos os protetores,3
excelente entrega antes do prazo,5
maravilhosa,4
recebi o pedido faltando intem colar lol kindred os caçadores eternos league of legends azu gostaria que o problema fosse resolvido,1
demora na entrega ainda não recebi o produto,2
adorei as minhas toalhas e chegaram antes da data prevista,4
as dimensões da capa não serviu para del rey material fino o elastico já se partiu ao coloca e a capa pelo tamanha não ser o compatível para o veículo isso porque colocamos a capa em pessoas,1
boa,4
apesar dos transtornos causados recomendo e continuo comprando nesta loja não pode ser avaliada como não boa imprevistos acontecem ainda aguardo a entrega,4
não recebi o que comprei mandaram outro produto e não consigo contato para trocar pelo correto ou cancelar a compra,1
não recebi a mercadoria ainda,1
veio antes do prazo que era de dias veio em dias e eu to amando,5
ainda não recebi meu produto esta totalmente fora do prazo de entrega me sinto lesado,1
o produto foi cancelado pela empresa e nem se quer me comunicaram o porque do cancelamento e o valor não foi restituído até hoje,1
eu compro de tudo pelo stark nunca precisei trocar nada sempre chega antes e certinho amo comprar no stark e nas lojas que entregam por eles tbm,5
comprei a escova mas nao veio a mesma q comprei pelo site,2
recomendo a todos entregue antes do prazo e veio em perfeitas condições,5
não recebi o produto,1
bom,5
essa mochila é muito boa conforme estava escrito e tudo esse produto é muito bom porém a caixa veio meia aberta e estava rasgada tbm só aceitei pq eu conferi se a mochila estava dentro msm,3
bom,4
td como ofertado no site,4
produto não é bom,1
produto muito alem do esperado,4
vieram certinhas as peças tudo devidamente muito bem embaladas vcs estão de parabéns,4
gostaria de saber se vao devolver o meu dinheiro,1
achei q demorou muito a entrega,2
não veio do jeito que eu queria mas deu certo,3
falta de organizaçao o produto veio incompleto,3
o atraso e não envio das mercadorias a residência destinatário é culpa da loja ou das lannister que cobra por um serviço que não ocorre este só ocorreu pq houve reclamação o outro foi pego ebct,2
a bolsa chegou rápido apesar de eu ter q ir buscar em uma agência dos correios próxima de casa é bem grande e linda só as alças que deixaram a desejar poderiam usar outro material pra alça,4
só posso fazer avaliação depois que receber o meu produto no momento todas as respostas são negativa,1
chegou tudo certo muito boa a maquina,5
comprei duas unidades apenas uma foi entregue,2
não posso estou aguardando a chegada do produto que compreilogo que isso aconteça terei minha opinião formada,1
bom,5
não utilizei ainda mas chegou bem rápido,4
mercadoria chegou antes do prazo previsto parabéns,5
produto chegou antes do prazo previsto para entrega e em perfeito estado com as características iguais as da imagem recomendo,5
lannister ótima mais o produto é péssimo descartável quebrou no dia que foi montado não recomendo a ninguém,2
o jogo de cama imperial lençol king peças não veio,1
so recebi rolo mm falta o rolo mm ainda nao chegou catia,3
na troca de um produto com defeito levam muito tempo e demais uma vergonha oque está acontecendo comigo,4
gostei,5
ainda não sei se é o produto correto pois não instalei,4
pedi duas canetas e apenas uma foi entregue,1
ótimo produto entrega rápida minha esposa esta extremamente satisfeita me dei bem,5
primeiro porque demorou muito para enviar o produto utilizando da estratégia de alongar o prazo de entrega,2
o relógio é falsificado bem diferente da foto anunciada o preço não vale o produto,1
e bom mais não é original e não funciona todos os botões,3
a caixa do produto chegou amassada os correios informaram q o vendedor nao optou pela embalagem apropriada e quem deveria responder por isso seria o proprio vendedor e nao quiseram levar a mercadoria,2
chegou bem antes do prazo,4
cortina igual a da foto ficou linda na minha sala entrega rápida recomendo,5
meu produto veio falsificado,1
top,3
já comprei com as lannister e o produto foi entregue no prazo deste parceiro targaryen está atrasado,1
tudo ok loja de confiança,5
comprei um produto caro que chegou com defeito o relógio em questão não fechava o feixe tive que levar para arrumar não recomendo lannister online mais,2
achei o prazo da entrega um pouco demoradocontudo suponhoo que a greve dos caminhoneiros deva ter afetado de alguma forma,3
é pequena deveria ser um pouco maior,2
super recomendo lannister entrega tudo no prazo,1
super recomendo chegou antes do prazo e o produto de oóima qualidade,4
até agora não recebi tem coisas que chega atrasada outras chegam no prazo certo as toalhas estão atrasada,3
produto bom porem nao é algodão como descrito ao receber o produto na embalagem diz algodão mesmo assim o produto é excelente,4
não gostei muito da qualidade do produto,2
preço bom e entregou no prazo,5
compra realizada pela internet via lojas lannister em a própria la envioume mensagem hoje perguntandome se já recebi a compra estranha pergunta não monitoram a entrega,2
porém na foto tem três buchinhos e só veio a foto confundi e o produto muito pequeno,2
estou usando o produto ainda não tem como falar se é bom ou não,3
comprei itens e recebi apenas achei q fossem mandar em encomendas separadas e estava esperando viajei por dias e quando voltei nada do segundo item estou aguardando solução,3
houve alguma confusão entre vendedor e o stark pois recebi um email do stark pedindo o cancelamento do produto por algum imprevisto na entrega neguei e recebi o produto dias depois,3
o status da entrega foi mudado para produdto indisponível sem nenhum aviso por email ou contato do fornecedor como anunciam um produto que não está disponível,1
tem quase um mês e eu não recebi o produto,2
péssima entrega,2
recomendo,4
paguei o frete mais o produto não chegou em minha casa tive q ir buscar nos correios,3
pode ter ocorrido falha no sistema mas até a presente data meu produto não foi entregue embora conste o contrário no sistema de rastreamento,1
recomendo,5
produtos certos só achei que deveriam ser entregues juntos por ser uma compra só e achei um pouco demorada a entrega,3
ate esta data não recebi o produto,1
atendeu as espectativas,3
acredito que a baratheon tenha um nome a zelar não é admissível ter uma empresa parceira que não comunique que não tem o produto para entregar e cancele a venda deixa o cliente reclamar,1
imagem ilustrativa excedeu as expectativas para o real produto portanto propaganda com caráter ilusório,3
muito bom,4
realizei a compra e não entregara estou cancelando e espero ser reembolsada,1
comprei produtos e somente chegou aguardando retorno da lojas lannister sobre isso,3
o atraso na entrega foi dos correios conforme rastreamento feito,5
